Fecha,Año,Mes,Asesor,Leads,Ventas
2024-02-01,2024,Febrero,ABIGAIL,23.0,0.0
2024-02-01,2024,Febrero,ALAN GONZALES,1.0,0.0
2024-02-01,2024,Febrero,ALICIA LEDESMA,0.0,0.0
2024-02-01,2024,Febrero,AURELIO FELIPE,0.0,0.0
2024-02-01,2024,Febrero,CARLOS ALBERTO NIETO,0.0,0.0
2024-02-01,2024,Febrero,CARLOS MANUEL CARMONA,18.0,0.0
2024-02-01,2024,Febrero,CARLOS TEXIS,0.0,0.0
2024-02-01,2024,Febrero,CASA,1.0,0.0
2024-02-01,2024,Febrero,CINTYA,0.0,0.0
2024-02-01,2024,Febrero,CLAUDIA GALVAN,0.0,0.0
2024-02-01,2024,Febrero,DANIEL DE LEON CANDIA,1.0,0.0
2024-02-01,2024,Febrero,DAVID JIMENEZ,0.0,0.0
2024-02-01,2024,Febrero,Demo Vendedor,2.0,2.0
2024-02-01,2024,Febrero,GUADALUPE PEREZ,0.0,0.0
2024-02-01,2024,Febrero,JAIME GONZALEZ,0.0,0.0
2024-02-01,2024,Febrero,JESUS SERRANO,2.08,2.0
2024-02-01,2024,Febrero,JOSE CARLOS  ZENTENO,0.0,0.0
2024-02-01,2024,Febrero,JOSE EDUARDO  PARADA,0.0,0.0
2024-02-01,2024,Febrero,JOSE MANUEL  LOPEZ,2.0,2.0
2024-02-01,2024,Febrero,JOSE MANUEL LOPEZ,2.08,0.0
2024-02-01,2024,Febrero,JOSETTE RAMON,0.0,0.0
2024-02-01,2024,Febrero,LAURA LOPEZ,0.0,0.0
2024-02-01,2024,Febrero,LIZBETH GOMEZ GONZALEZ,10.0,0.0
2024-02-01,2024,Febrero,LUIS ALBERTO  RODRIGUEZ,6.0,0.0
2024-02-01,2024,Febrero,LUISA LBERTO  GOMEZ,2.08,1.0
2024-02-01,2024,Febrero,MARIA GUADALUPE PALACIOS,0.0,0.0
2024-02-01,2024,Febrero,MAURICIO ALFREDO,0.0,0.0
2024-02-01,2024,Febrero,MIGUEL ANGEL SONDEREGGER,2.08,1.0
2024-02-01,2024,Febrero,MONICA GISELA FLORES,0.0,0.0
2024-02-01,2024,Febrero,NANCY OLASCOAGA,1.0,0.0
2024-02-01,2024,Febrero,NAYELI MONTES DEOCA,2.08,0.0
2024-02-01,2024,Febrero,OSCAR ALONSO,0.0,0.0
2024-02-01,2024,Febrero,PAUL  ROSAS IRIGOYIN,1.0,1.0
2024-02-01,2024,Febrero,PAUL ROSAS,2.08,0.0
2024-02-01,2024,Febrero,PEDRO GONZALES,2.0,0.0
2024-02-01,2024,Febrero,RICARDO SILVA HERAS,0.0,0.0
2024-02-01,2024,Febrero,SEBASTIAN BENHUMEA,1.0,0.0
2024-02-01,2024,Febrero,USUARIO DE BDC Y CASA,2.0,0.0
2024-02-01,2024,Febrero,VICTOR MANUEL SANCHEZ ARROYO,4.0,0.0
2024-02-01,2024,Febrero,sys_competition,0.0,0.0
2024-03-01,2024,Marzo,ABIGAIL,0.0,0.0
2024-03-01,2024,Marzo,ALAN GONZALES,0.0,0.0
2024-03-01,2024,Marzo,ALICIA LEDESMA,0.0,0.0
2024-03-01,2024,Marzo,AURELIO FELIPE,0.0,0.0
2024-03-01,2024,Marzo,CARLOS ALBERTO NIETO,0.0,0.0
2024-03-01,2024,Marzo,CARLOS MANUEL CARMONA,10.0,0.18
2024-03-01,2024,Marzo,CARLOS TEXIS,0.0,0.0
2024-03-01,2024,Marzo,CASA,0.0,0.0
2024-03-01,2024,Marzo,CINTYA,0.0,0.0
2024-03-01,2024,Marzo,CLAUDIA GALVAN,0.0,0.0
2024-03-01,2024,Marzo,DANIEL DE LEON CANDIA,0.0,0.0
2024-03-01,2024,Marzo,DAVID JIMENEZ,0.0,0.0
2024-03-01,2024,Marzo,Demo Vendedor,2.0,2.0
2024-03-01,2024,Marzo,GUADALUPE PEREZ,0.0,0.0
2024-03-01,2024,Marzo,JAIME GONZALEZ,0.0,0.0
2024-03-01,2024,Marzo,JESUS SERRANO,0.0,0.0
2024-03-01,2024,Marzo,JOSE CARLOS  ZENTENO,0.0,0.0
2024-03-01,2024,Marzo,JOSE EDUARDO  PARADA,0.0,0.0
2024-03-01,2024,Marzo,JOSE MANUEL  LOPEZ,0.0,0.0
2024-03-01,2024,Marzo,JOSE MANUEL LOPEZ,1.0,0.0
2024-03-01,2024,Marzo,JOSETTE RAMON,0.0,0.0
2024-03-01,2024,Marzo,LAURA LOPEZ,0.0,0.0
2024-03-01,2024,Marzo,LIZBETH GOMEZ GONZALEZ,1.0,0.0
2024-03-01,2024,Marzo,LUIS ALBERTO  RODRIGUEZ,0.0,0.0
2024-03-01,2024,Marzo,LUISA LBERTO  GOMEZ,1.0,0.0
2024-03-01,2024,Marzo,MARIA GUADALUPE PALACIOS,0.0,0.0
2024-03-01,2024,Marzo,MAURICIO ALFREDO,0.0,0.0
2024-03-01,2024,Marzo,MIGUEL ANGEL SONDEREGGER,0.0,0.0
2024-03-01,2024,Marzo,MONICA GISELA FLORES,0.0,0.0
2024-03-01,2024,Marzo,NANCY OLASCOAGA,0.0,0.0
2024-03-01,2024,Marzo,NAYELI MONTES DEOCA,1.0,0.0
2024-03-01,2024,Marzo,OSCAR ALONSO,0.0,0.0
2024-03-01,2024,Marzo,PAUL  ROSAS IRIGOYIN,0.0,0.0
2024-03-01,2024,Marzo,PAUL ROSAS,7.0,0.0
2024-03-01,2024,Marzo,PEDRO GONZALES,0.0,0.0
2024-03-01,2024,Marzo,RICARDO SILVA HERAS,0.0,0.0
2024-03-01,2024,Marzo,SEBASTIAN BENHUMEA,0.0,0.0
2024-03-01,2024,Marzo,USUARIO DE BDC Y CASA,1.0,0.0
2024-03-01,2024,Marzo,VICTOR MANUEL SANCHEZ ARROYO,3.0,0.0
2024-03-01,2024,Marzo,sys_competition,0.0,0.0
2024-04-01,2024,Abril,ABIGAIL,0.0,0.0
2024-04-01,2024,Abril,ALAN GONZALES,0.0,0.0
2024-04-01,2024,Abril,ALICIA LEDESMA,1.0,0.0
2024-04-01,2024,Abril,AURELIO FELIPE,0.0,0.0
2024-04-01,2024,Abril,CARLOS ALBERTO NIETO,0.0,0.0
2024-04-01,2024,Abril,CARLOS MANUEL CARMONA,2.08,2.0
2024-04-01,2024,Abril,CARLOS TEXIS,0.0,0.0
2024-04-01,2024,Abril,CASA,3.0,0.0
2024-04-01,2024,Abril,CINTYA,0.0,0.0
2024-04-01,2024,Abril,CLAUDIA GALVAN,0.0,0.0
2024-04-01,2024,Abril,DANIEL DE LEON CANDIA,1.0,0.0
2024-04-01,2024,Abril,DAVID JIMENEZ,10.0,0.0
2024-04-01,2024,Abril,Demo Vendedor,2.0,1.0
2024-04-01,2024,Abril,GUADALUPE PEREZ,1.0,0.0
2024-04-01,2024,Abril,JAIME GONZALEZ,1.0,1.0
2024-04-01,2024,Abril,JESUS SERRANO,0.0,0.0
2024-04-01,2024,Abril,JOSE CARLOS  ZENTENO,0.0,0.0
2024-04-01,2024,Abril,JOSE EDUARDO  PARADA,0.0,0.0
2024-04-01,2024,Abril,JOSE MANUEL  LOPEZ,0.0,0.0
2024-04-01,2024,Abril,JOSE MANUEL LOPEZ,0.0,0.0
2024-04-01,2024,Abril,JOSETTE RAMON,0.0,0.0
2024-04-01,2024,Abril,LAURA LOPEZ,0.0,0.0
2024-04-01,2024,Abril,LIZBETH GOMEZ GONZALEZ,1.0,0.0
2024-04-01,2024,Abril,LUIS ALBERTO  RODRIGUEZ,12.0,0.0
2024-04-01,2024,Abril,LUISA LBERTO  GOMEZ,1.0,0.0
2024-04-01,2024,Abril,MARIA GUADALUPE PALACIOS,0.0,0.0
2024-04-01,2024,Abril,MAURICIO ALFREDO,0.0,0.0
2024-04-01,2024,Abril,MIGUEL ANGEL SONDEREGGER,4.0,0.0
2024-04-01,2024,Abril,MONICA GISELA FLORES,0.0,0.0
2024-04-01,2024,Abril,NANCY OLASCOAGA,0.0,0.0
2024-04-01,2024,Abril,NAYELI MONTES DEOCA,0.0,0.0
2024-04-01,2024,Abril,OSCAR ALONSO,0.0,0.0
2024-04-01,2024,Abril,PAUL  ROSAS IRIGOYIN,4.0,0.18
2024-04-01,2024,Abril,PAUL ROSAS,11.0,0.0
2024-04-01,2024,Abril,PEDRO GONZALES,11.0,1.0
2024-04-01,2024,Abril,RICARDO SILVA HERAS,0.0,0.0
2024-04-01,2024,Abril,SEBASTIAN BENHUMEA,1.0,0.0
2024-04-01,2024,Abril,USUARIO DE BDC Y CASA,4.0,0.0
2024-04-01,2024,Abril,VICTOR MANUEL SANCHEZ ARROYO,0.0,0.0
2024-04-01,2024,Abril,sys_competition,0.0,0.0
2024-05-01,2024,Mayo,ABIGAIL,0.0,0.0
2024-05-01,2024,Mayo,ALAN GONZALES,0.0,0.0
2024-05-01,2024,Mayo,ALICIA LEDESMA,0.0,0.0
2024-05-01,2024,Mayo,AURELIO FELIPE,0.0,0.0
2024-05-01,2024,Mayo,CARLOS ALBERTO NIETO,2.0,0.0
2024-05-01,2024,Mayo,CARLOS MANUEL CARMONA,2.08,1.0
2024-05-01,2024,Mayo,CARLOS TEXIS,0.0,0.0
2024-05-01,2024,Mayo,CASA,3.0,0.0
2024-05-01,2024,Mayo,CINTYA,0.0,0.0
2024-05-01,2024,Mayo,CLAUDIA GALVAN,0.0,0.0
2024-05-01,2024,Mayo,DANIEL DE LEON CANDIA,0.0,0.0
2024-05-01,2024,Mayo,DAVID JIMENEZ,5.0,0.0
2024-05-01,2024,Mayo,Demo Vendedor,0.0,0.0
2024-05-01,2024,Mayo,GUADALUPE PEREZ,2.0,0.0
2024-05-01,2024,Mayo,JAIME GONZALEZ,1.0,0.0
2024-05-01,2024,Mayo,JESUS SERRANO,0.0,0.0
2024-05-01,2024,Mayo,JOSE CARLOS  ZENTENO,0.0,0.0
2024-05-01,2024,Mayo,JOSE EDUARDO  PARADA,0.0,0.0
2024-05-01,2024,Mayo,JOSE MANUEL  LOPEZ,0.0,0.0
2024-05-01,2024,Mayo,JOSE MANUEL LOPEZ,0.0,0.0
2024-05-01,2024,Mayo,JOSETTE RAMON,2.0,0.0
2024-05-01,2024,Mayo,LAURA LOPEZ,0.0,0.0
2024-05-01,2024,Mayo,LIZBETH GOMEZ GONZALEZ,0.0,0.0
2024-05-01,2024,Mayo,LUIS ALBERTO  RODRIGUEZ,0.0,0.0
2024-05-01,2024,Mayo,LUISA LBERTO  GOMEZ,0.0,0.0
2024-05-01,2024,Mayo,MARIA GUADALUPE PALACIOS,0.0,0.0
2024-05-01,2024,Mayo,MAURICIO ALFREDO,0.0,0.0
2024-05-01,2024,Mayo,MIGUEL ANGEL SONDEREGGER,2.08,0.0
2024-05-01,2024,Mayo,MONICA GISELA FLORES,0.0,0.0
2024-05-01,2024,Mayo,NANCY OLASCOAGA,0.0,0.0
2024-05-01,2024,Mayo,NAYELI MONTES DEOCA,0.0,0.0
2024-05-01,2024,Mayo,OSCAR ALONSO,0.0,0.0
2024-05-01,2024,Mayo,PAUL  ROSAS IRIGOYIN,0.0,0.0
2024-05-01,2024,Mayo,PAUL ROSAS,6.0,0.0
2024-05-01,2024,Mayo,PEDRO GONZALES,17.0,0.0
2024-05-01,2024,Mayo,RICARDO SILVA HERAS,0.0,0.0
2024-05-01,2024,Mayo,SEBASTIAN BENHUMEA,0.0,0.0
2024-05-01,2024,Mayo,USUARIO DE BDC Y CASA,1.0,0.0
2024-05-01,2024,Mayo,VICTOR MANUEL SANCHEZ ARROYO,1.0,0.0
2024-05-01,2024,Mayo,sys_competition,0.0,0.0
2024-06-01,2024,Junio,ABIGAIL,0.0,0.0
2024-06-01,2024,Junio,ALAN GONZALES,0.0,0.0
2024-06-01,2024,Junio,ALICIA LEDESMA,0.0,0.0
2024-06-01,2024,Junio,AURELIO FELIPE,0.0,0.0
2024-06-01,2024,Junio,CARLOS ALBERTO NIETO,0.0,0.0
2024-06-01,2024,Junio,CARLOS MANUEL CARMONA,11.0,0.0
2024-06-01,2024,Junio,CARLOS TEXIS,0.0,0.0
2024-06-01,2024,Junio,CASA,2.0,0.0
2024-06-01,2024,Junio,CINTYA,1.0,0.0
2024-06-01,2024,Junio,CLAUDIA GALVAN,0.0,0.0
2024-06-01,2024,Junio,DANIEL DE LEON CANDIA,0.0,0.0
2024-06-01,2024,Junio,DAVID JIMENEZ,7.0,0.0
2024-06-01,2024,Junio,Demo Vendedor,0.0,0.0
2024-06-01,2024,Junio,GUADALUPE PEREZ,5.0,0.0
2024-06-01,2024,Junio,JAIME GONZALEZ,4.0,1.0
2024-06-01,2024,Junio,JESUS SERRANO,0.0,0.0
2024-06-01,2024,Junio,JOSE CARLOS  ZENTENO,0.0,0.0
2024-06-01,2024,Junio,JOSE EDUARDO  PARADA,0.0,0.0
2024-06-01,2024,Junio,JOSE MANUEL  LOPEZ,0.0,0.0
2024-06-01,2024,Junio,JOSE MANUEL LOPEZ,0.0,0.0
2024-06-01,2024,Junio,JOSETTE RAMON,5.0,0.0
2024-06-01,2024,Junio,LAURA LOPEZ,0.0,0.0
2024-06-01,2024,Junio,LIZBETH GOMEZ GONZALEZ,0.0,0.0
2024-06-01,2024,Junio,LUIS ALBERTO  RODRIGUEZ,0.0,0.0
2024-06-01,2024,Junio,LUISA LBERTO  GOMEZ,0.0,0.0
2024-06-01,2024,Junio,MARIA GUADALUPE PALACIOS,0.0,0.0
2024-06-01,2024,Junio,MAURICIO ALFREDO,0.0,0.0
2024-06-01,2024,Junio,MIGUEL ANGEL SONDEREGGER,21.0,2.0
2024-06-01,2024,Junio,MONICA GISELA FLORES,0.0,0.0
2024-06-01,2024,Junio,NANCY OLASCOAGA,0.0,0.0
2024-06-01,2024,Junio,NAYELI MONTES DEOCA,0.0,0.0
2024-06-01,2024,Junio,OSCAR ALONSO,0.0,0.0
2024-06-01,2024,Junio,PAUL  ROSAS IRIGOYIN,0.0,0.0
2024-06-01,2024,Junio,PAUL ROSAS,0.0,0.0
2024-06-01,2024,Junio,PEDRO GONZALES,7.0,0.0
2024-06-01,2024,Junio,RICARDO SILVA HERAS,0.0,0.0
2024-06-01,2024,Junio,SEBASTIAN BENHUMEA,0.0,0.0
2024-06-01,2024,Junio,USUARIO DE BDC Y CASA,0.0,0.0
2024-06-01,2024,Junio,VICTOR MANUEL SANCHEZ ARROYO,2.0,0.0
2024-06-01,2024,Junio,sys_competition,0.0,0.0
2024-07-01,2024,Julio,ABIGAIL,0.0,0.0
2024-07-01,2024,Julio,ALAN GONZALES,0.0,0.0
2024-07-01,2024,Julio,ALICIA LEDESMA,0.0,0.0
2024-07-01,2024,Julio,AURELIO FELIPE,0.0,0.0
2024-07-01,2024,Julio,CARLOS ALBERTO NIETO,0.0,0.0
2024-07-01,2024,Julio,CARLOS MANUEL CARMONA,3.0,0.0
2024-07-01,2024,Julio,CARLOS TEXIS,0.0,0.0
2024-07-01,2024,Julio,CASA,0.0,0.0
2024-07-01,2024,Julio,CINTYA,0.0,0.0
2024-07-01,2024,Julio,CLAUDIA GALVAN,0.0,0.0
2024-07-01,2024,Julio,DANIEL DE LEON CANDIA,0.0,0.0
2024-07-01,2024,Julio,DAVID JIMENEZ,0.0,0.0
2024-07-01,2024,Julio,Demo Vendedor,3.0,0.0
2024-07-01,2024,Julio,GUADALUPE PEREZ,0.0,0.0
2024-07-01,2024,Julio,JAIME GONZALEZ,12.0,2.0
2024-07-01,2024,Julio,JESUS SERRANO,0.0,0.0
2024-07-01,2024,Julio,JOSE CARLOS  ZENTENO,8.0,1.0
2024-07-01,2024,Julio,JOSE EDUARDO  PARADA,0.0,0.0
2024-07-01,2024,Julio,JOSE MANUEL  LOPEZ,0.0,0.0
2024-07-01,2024,Julio,JOSE MANUEL LOPEZ,0.0,0.0
2024-07-01,2024,Julio,JOSETTE RAMON,17.0,0.0
2024-07-01,2024,Julio,LAURA LOPEZ,0.0,0.0
2024-07-01,2024,Julio,LIZBETH GOMEZ GONZALEZ,0.0,0.0
2024-07-01,2024,Julio,LUIS ALBERTO  RODRIGUEZ,2.0,0.0
2024-07-01,2024,Julio,LUISA LBERTO  GOMEZ,0.0,0.0
2024-07-01,2024,Julio,MARIA GUADALUPE PALACIOS,0.0,0.0
2024-07-01,2024,Julio,MAURICIO ALFREDO,0.0,0.0
2024-07-01,2024,Julio,MIGUEL ANGEL SONDEREGGER,2.08,0.18
2024-07-01,2024,Julio,MONICA GISELA FLORES,2.0,0.0
2024-07-01,2024,Julio,NANCY OLASCOAGA,0.0,0.0
2024-07-01,2024,Julio,NAYELI MONTES DEOCA,0.0,0.0
2024-07-01,2024,Julio,OSCAR ALONSO,0.0,0.0
2024-07-01,2024,Julio,PAUL  ROSAS IRIGOYIN,0.0,0.0
2024-07-01,2024,Julio,PAUL ROSAS,0.0,0.0
2024-07-01,2024,Julio,PEDRO GONZALES,19.0,1.0
2024-07-01,2024,Julio,RICARDO SILVA HERAS,0.0,0.0
2024-07-01,2024,Julio,SEBASTIAN BENHUMEA,1.0,0.0
2024-07-01,2024,Julio,USUARIO DE BDC Y CASA,3.0,0.0
2024-07-01,2024,Julio,VICTOR MANUEL SANCHEZ ARROYO,0.0,0.0
2024-07-01,2024,Julio,sys_competition,0.0,0.0
2024-08-01,2024,Agosto,ABIGAIL,0.0,0.0
2024-08-01,2024,Agosto,ALAN GONZALES,0.0,0.0
2024-08-01,2024,Agosto,ALICIA LEDESMA,0.0,0.0
2024-08-01,2024,Agosto,AURELIO FELIPE,0.0,0.0
2024-08-01,2024,Agosto,CARLOS ALBERTO NIETO,2.0,0.0
2024-08-01,2024,Agosto,CARLOS MANUEL CARMONA,0.0,0.0
2024-08-01,2024,Agosto,CARLOS TEXIS,0.0,0.0
2024-08-01,2024,Agosto,CASA,0.0,0.0
2024-08-01,2024,Agosto,CINTYA,0.0,0.0
2024-08-01,2024,Agosto,CLAUDIA GALVAN,0.0,0.0
2024-08-01,2024,Agosto,DANIEL DE LEON CANDIA,0.0,0.0
2024-08-01,2024,Agosto,DAVID JIMENEZ,0.0,0.0
2024-08-01,2024,Agosto,Demo Vendedor,0.0,0.0
2024-08-01,2024,Agosto,GUADALUPE PEREZ,0.0,0.0
2024-08-01,2024,Agosto,JAIME GONZALEZ,2.08,2.0
2024-08-01,2024,Agosto,JESUS SERRANO,0.0,0.0
2024-08-01,2024,Agosto,JOSE CARLOS  ZENTENO,0.0,0.0
2024-08-01,2024,Agosto,JOSE EDUARDO  PARADA,0.0,0.0
2024-08-01,2024,Agosto,JOSE MANUEL  LOPEZ,0.0,0.0
2024-08-01,2024,Agosto,JOSE MANUEL LOPEZ,0.0,0.0
2024-08-01,2024,Agosto,JOSETTE RAMON,5.0,2.0
2024-08-01,2024,Agosto,LAURA LOPEZ,1.0,0.0
2024-08-01,2024,Agosto,LIZBETH GOMEZ GONZALEZ,0.0,0.0
2024-08-01,2024,Agosto,LUIS ALBERTO  RODRIGUEZ,0.0,0.0
2024-08-01,2024,Agosto,LUISA LBERTO  GOMEZ,0.0,0.0
2024-08-01,2024,Agosto,MARIA GUADALUPE PALACIOS,0.0,0.0
2024-08-01,2024,Agosto,MAURICIO ALFREDO,0.0,0.0
2024-08-01,2024,Agosto,MIGUEL ANGEL SONDEREGGER,25.0,0.18
2024-08-01,2024,Agosto,MONICA GISELA FLORES,7.0,0.0
2024-08-01,2024,Agosto,NANCY OLASCOAGA,0.0,0.0
2024-08-01,2024,Agosto,NAYELI MONTES DEOCA,0.0,0.0
2024-08-01,2024,Agosto,OSCAR ALONSO,1.0,0.0
2024-08-01,2024,Agosto,PAUL  ROSAS IRIGOYIN,0.0,0.0
2024-08-01,2024,Agosto,PAUL ROSAS,0.0,0.0
2024-08-01,2024,Agosto,PEDRO GONZALES,11.0,1.0
2024-08-01,2024,Agosto,RICARDO SILVA HERAS,0.0,0.0
2024-08-01,2024,Agosto,SEBASTIAN BENHUMEA,1.0,0.0
2024-08-01,2024,Agosto,USUARIO DE BDC Y CASA,6.0,0.0
2024-08-01,2024,Agosto,VICTOR MANUEL SANCHEZ ARROYO,0.0,0.0
2024-08-01,2024,Agosto,sys_competition,0.0,0.0
2024-09-01,2024,Septiembre,ABIGAIL,0.0,0.0
2024-09-01,2024,Septiembre,ALAN GONZALES,0.0,0.0
2024-09-01,2024,Septiembre,ALICIA LEDESMA,0.0,0.0
2024-09-01,2024,Septiembre,AURELIO FELIPE,1.0,0.0
2024-09-01,2024,Septiembre,CARLOS ALBERTO NIETO,8.0,2.0
2024-09-01,2024,Septiembre,CARLOS MANUEL CARMONA,0.0,0.0
2024-09-01,2024,Septiembre,CARLOS TEXIS,0.0,0.0
2024-09-01,2024,Septiembre,CASA,0.0,0.0
2024-09-01,2024,Septiembre,CINTYA,0.0,0.0
2024-09-01,2024,Septiembre,CLAUDIA GALVAN,0.0,0.0
2024-09-01,2024,Septiembre,DANIEL DE LEON CANDIA,1.0,0.0
2024-09-01,2024,Septiembre,DAVID JIMENEZ,0.0,0.0
2024-09-01,2024,Septiembre,Demo Vendedor,0.0,0.0
2024-09-01,2024,Septiembre,GUADALUPE PEREZ,0.0,0.0
2024-09-01,2024,Septiembre,JAIME GONZALEZ,8.0,0.0
2024-09-01,2024,Septiembre,JESUS SERRANO,0.0,0.0
2024-09-01,2024,Septiembre,JOSE CARLOS  ZENTENO,0.0,0.0
2024-09-01,2024,Septiembre,JOSE EDUARDO  PARADA,0.0,0.0
2024-09-01,2024,Septiembre,JOSE MANUEL  LOPEZ,0.0,0.0
2024-09-01,2024,Septiembre,JOSE MANUEL LOPEZ,0.0,0.0
2024-09-01,2024,Septiembre,JOSETTE RAMON,9.0,1.0
2024-09-01,2024,Septiembre,LAURA LOPEZ,0.0,0.0
2024-09-01,2024,Septiembre,LIZBETH GOMEZ GONZALEZ,0.0,0.0
2024-09-01,2024,Septiembre,LUIS ALBERTO  RODRIGUEZ,0.0,0.0
2024-09-01,2024,Septiembre,LUISA LBERTO  GOMEZ,0.0,0.0
2024-09-01,2024,Septiembre,MARIA GUADALUPE PALACIOS,0.0,0.0
2024-09-01,2024,Septiembre,MAURICIO ALFREDO,0.0,0.0
2024-09-01,2024,Septiembre,MIGUEL ANGEL SONDEREGGER,16.0,1.0
2024-09-01,2024,Septiembre,MONICA GISELA FLORES,5.0,1.0
2024-09-01,2024,Septiembre,NANCY OLASCOAGA,2.0,0.0
2024-09-01,2024,Septiembre,NAYELI MONTES DEOCA,0.0,0.0
2024-09-01,2024,Septiembre,OSCAR ALONSO,0.0,0.0
2024-09-01,2024,Septiembre,PAUL  ROSAS IRIGOYIN,0.0,0.0
2024-09-01,2024,Septiembre,PAUL ROSAS,0.0,0.0
2024-09-01,2024,Septiembre,PEDRO GONZALES,5.0,1.0
2024-09-01,2024,Septiembre,RICARDO SILVA HERAS,0.0,0.0
2024-09-01,2024,Septiembre,SEBASTIAN BENHUMEA,0.0,0.0
2024-09-01,2024,Septiembre,USUARIO DE BDC Y CASA,1.0,0.0
2024-09-01,2024,Septiembre,VICTOR MANUEL SANCHEZ ARROYO,2.0,0.0
2024-09-01,2024,Septiembre,sys_competition,1.0,0.0
2024-10-01,2024,Octubre,ABIGAIL,0.0,0.0
2024-10-01,2024,Octubre,ALAN GONZALES,0.0,0.0
2024-10-01,2024,Octubre,ALICIA LEDESMA,0.0,0.0
2024-10-01,2024,Octubre,AURELIO FELIPE,6.0,2.0
2024-10-01,2024,Octubre,CARLOS ALBERTO NIETO,4.0,0.0
2024-10-01,2024,Octubre,CARLOS MANUEL CARMONA,0.0,0.0
2024-10-01,2024,Octubre,CARLOS TEXIS,1.0,0.0
2024-10-01,2024,Octubre,CASA,0.0,0.0
2024-10-01,2024,Octubre,CINTYA,0.0,0.0
2024-10-01,2024,Octubre,CLAUDIA GALVAN,0.0,0.0
2024-10-01,2024,Octubre,DANIEL DE LEON CANDIA,5.0,0.0
2024-10-01,2024,Octubre,DAVID JIMENEZ,0.0,0.0
2024-10-01,2024,Octubre,Demo Vendedor,0.0,0.0
2024-10-01,2024,Octubre,GUADALUPE PEREZ,0.0,0.0
2024-10-01,2024,Octubre,JAIME GONZALEZ,7.0,1.0
2024-10-01,2024,Octubre,JESUS SERRANO,0.0,0.0
2024-10-01,2024,Octubre,JOSE CARLOS  ZENTENO,0.0,0.0
2024-10-01,2024,Octubre,JOSE EDUARDO  PARADA,0.0,0.0
2024-10-01,2024,Octubre,JOSE MANUEL  LOPEZ,0.0,0.0
2024-10-01,2024,Octubre,JOSE MANUEL LOPEZ,0.0,0.0
2024-10-01,2024,Octubre,JOSETTE RAMON,0.0,0.0
2024-10-01,2024,Octubre,LAURA LOPEZ,0.0,0.0
2024-10-01,2024,Octubre,LIZBETH GOMEZ GONZALEZ,0.0,0.0
2024-10-01,2024,Octubre,LUIS ALBERTO  RODRIGUEZ,0.0,0.0
2024-10-01,2024,Octubre,LUISA LBERTO  GOMEZ,0.0,0.0
2024-10-01,2024,Octubre,MARIA GUADALUPE PALACIOS,0.0,0.0
2024-10-01,2024,Octubre,MAURICIO ALFREDO,0.0,0.0
2024-10-01,2024,Octubre,MIGUEL ANGEL SONDEREGGER,8.0,0.0
2024-10-01,2024,Octubre,MONICA GISELA FLORES,2.0,0.0
2024-10-01,2024,Octubre,NANCY OLASCOAGA,5.0,0.0
2024-10-01,2024,Octubre,NAYELI MONTES DEOCA,0.0,0.0
2024-10-01,2024,Octubre,OSCAR ALONSO,0.0,0.0
2024-10-01,2024,Octubre,PAUL  ROSAS IRIGOYIN,0.0,0.0
2024-10-01,2024,Octubre,PAUL ROSAS,0.0,0.0
2024-10-01,2024,Octubre,PEDRO GONZALES,2.0,0.0
2024-10-01,2024,Octubre,RICARDO SILVA HERAS,0.0,0.0
2024-10-01,2024,Octubre,SEBASTIAN BENHUMEA,0.0,0.0
2024-10-01,2024,Octubre,USUARIO DE BDC Y CASA,0.0,0.0
2024-10-01,2024,Octubre,VICTOR MANUEL SANCHEZ ARROYO,0.0,0.0
2024-10-01,2024,Octubre,sys_competition,0.0,0.0
2024-11-01,2024,Noviembre,ABIGAIL,0.0,0.0
2024-11-01,2024,Noviembre,ALAN GONZALES,1.0,1.0
2024-11-01,2024,Noviembre,ALICIA LEDESMA,0.0,0.0
2024-11-01,2024,Noviembre,AURELIO FELIPE,0.0,0.0
2024-11-01,2024,Noviembre,CARLOS ALBERTO NIETO,10.0,0.18
2024-11-01,2024,Noviembre,CARLOS MANUEL CARMONA,0.0,0.0
2024-11-01,2024,Noviembre,CARLOS TEXIS,1.0,0.0
2024-11-01,2024,Noviembre,CASA,1.0,1.0
2024-11-01,2024,Noviembre,CINTYA,0.0,0.0
2024-11-01,2024,Noviembre,CLAUDIA GALVAN,1.0,0.0
2024-11-01,2024,Noviembre,DANIEL DE LEON CANDIA,10.0,1.0
2024-11-01,2024,Noviembre,DAVID JIMENEZ,0.0,0.0
2024-11-01,2024,Noviembre,Demo Vendedor,0.0,0.0
2024-11-01,2024,Noviembre,GUADALUPE PEREZ,0.0,0.0
2024-11-01,2024,Noviembre,JAIME GONZALEZ,1.0,0.0
2024-11-01,2024,Noviembre,JESUS SERRANO,0.0,0.0
2024-11-01,2024,Noviembre,JOSE CARLOS  ZENTENO,0.0,0.0
2024-11-01,2024,Noviembre,JOSE EDUARDO  PARADA,0.0,0.0
2024-11-01,2024,Noviembre,JOSE MANUEL  LOPEZ,0.0,0.0
2024-11-01,2024,Noviembre,JOSE MANUEL LOPEZ,0.0,0.0
2024-11-01,2024,Noviembre,JOSETTE RAMON,9.0,0.18
2024-11-01,2024,Noviembre,LAURA LOPEZ,1.0,0.0
2024-11-01,2024,Noviembre,LIZBETH GOMEZ GONZALEZ,0.0,0.0
2024-11-01,2024,Noviembre,LUIS ALBERTO  RODRIGUEZ,0.0,0.0
2024-11-01,2024,Noviembre,LUISA LBERTO  GOMEZ,0.0,0.0
2024-11-01,2024,Noviembre,MARIA GUADALUPE PALACIOS,1.0,0.0
2024-11-01,2024,Noviembre,MAURICIO ALFREDO,0.0,0.0
2024-11-01,2024,Noviembre,MIGUEL ANGEL SONDEREGGER,6.0,2.0
2024-11-01,2024,Noviembre,MONICA GISELA FLORES,0.0,0.0
2024-11-01,2024,Noviembre,NANCY OLASCOAGA,2.0,0.0
2024-11-01,2024,Noviembre,NAYELI MONTES DEOCA,0.0,0.0
2024-11-01,2024,Noviembre,OSCAR ALONSO,3.0,0.0
2024-11-01,2024,Noviembre,PAUL  ROSAS IRIGOYIN,0.0,0.0
2024-11-01,2024,Noviembre,PAUL ROSAS,0.0,0.0
2024-11-01,2024,Noviembre,PEDRO GONZALES,4.0,0.0
2024-11-01,2024,Noviembre,RICARDO SILVA HERAS,0.0,0.0
2024-11-01,2024,Noviembre,SEBASTIAN BENHUMEA,2.0,0.0
2024-11-01,2024,Noviembre,USUARIO DE BDC Y CASA,0.0,0.0
2024-11-01,2024,Noviembre,VICTOR MANUEL SANCHEZ ARROYO,0.0,0.0
2024-11-01,2024,Noviembre,sys_competition,0.0,0.0
2024-12-01,2024,Diciembre,ABIGAIL,0.0,0.0
2024-12-01,2024,Diciembre,ALAN GONZALES,9.0,2.0
2024-12-01,2024,Diciembre,ALICIA LEDESMA,0.0,0.0
2024-12-01,2024,Diciembre,AURELIO FELIPE,0.0,0.0
2024-12-01,2024,Diciembre,CARLOS ALBERTO NIETO,11.0,1.0
2024-12-01,2024,Diciembre,CARLOS MANUEL CARMONA,0.0,0.0
2024-12-01,2024,Diciembre,CARLOS TEXIS,0.0,0.0
2024-12-01,2024,Diciembre,CASA,0.0,0.0
2024-12-01,2024,Diciembre,CINTYA,0.0,0.0
2024-12-01,2024,Diciembre,CLAUDIA GALVAN,2.0,0.0
2024-12-01,2024,Diciembre,DANIEL DE LEON CANDIA,14.0,1.0
2024-12-01,2024,Diciembre,DAVID JIMENEZ,0.0,0.0
2024-12-01,2024,Diciembre,Demo Vendedor,0.0,0.0
2024-12-01,2024,Diciembre,GUADALUPE PEREZ,0.0,0.0
2024-12-01,2024,Diciembre,JAIME GONZALEZ,0.0,0.0
2024-12-01,2024,Diciembre,JESUS SERRANO,0.0,0.0
2024-12-01,2024,Diciembre,JOSE CARLOS  ZENTENO,0.0,0.0
2024-12-01,2024,Diciembre,JOSE EDUARDO  PARADA,0.0,0.0
2024-12-01,2024,Diciembre,JOSE MANUEL  LOPEZ,0.0,0.0
2024-12-01,2024,Diciembre,JOSE MANUEL LOPEZ,0.0,0.0
2024-12-01,2024,Diciembre,JOSETTE RAMON,4.0,0.0
2024-12-01,2024,Diciembre,LAURA LOPEZ,0.0,0.0
2024-12-01,2024,Diciembre,LIZBETH GOMEZ GONZALEZ,0.0,0.0
2024-12-01,2024,Diciembre,LUIS ALBERTO  RODRIGUEZ,0.0,0.0
2024-12-01,2024,Diciembre,LUISA LBERTO  GOMEZ,0.0,0.0
2024-12-01,2024,Diciembre,MARIA GUADALUPE PALACIOS,10.0,2.0
2024-12-01,2024,Diciembre,MAURICIO ALFREDO,0.0,0.0
2024-12-01,2024,Diciembre,MIGUEL ANGEL SONDEREGGER,9.0,1.0
2024-12-01,2024,Diciembre,MONICA GISELA FLORES,0.0,0.0
2024-12-01,2024,Diciembre,NANCY OLASCOAGA,0.0,0.0
2024-12-01,2024,Diciembre,NAYELI MONTES DEOCA,0.0,0.0
2024-12-01,2024,Diciembre,OSCAR ALONSO,2.0,0.0
2024-12-01,2024,Diciembre,PAUL  ROSAS IRIGOYIN,0.0,0.0
2024-12-01,2024,Diciembre,PAUL ROSAS,0.0,0.0
2024-12-01,2024,Diciembre,PEDRO GONZALES,6.0,1.0
2024-12-01,2024,Diciembre,RICARDO SILVA HERAS,0.0,0.0
2024-12-01,2024,Diciembre,SEBASTIAN BENHUMEA,0.0,0.0
2024-12-01,2024,Diciembre,USUARIO DE BDC Y CASA,0.0,0.0
2024-12-01,2024,Diciembre,VICTOR MANUEL SANCHEZ ARROYO,0.0,0.0
2024-12-01,2024,Diciembre,sys_competition,0.0,0.0
2025-01-01,2025,Enero,ABIGAIL,0.0,0.0
2025-01-01,2025,Enero,ALAN GONZALES,15.0,0.18
2025-01-01,2025,Enero,ALICIA LEDESMA,0.0,0.0
2025-01-01,2025,Enero,AURELIO FELIPE,0.0,0.0
2025-01-01,2025,Enero,CARLOS ALBERTO NIETO,7.0,0.0
2025-01-01,2025,Enero,CARLOS MANUEL CARMONA,0.0,0.0
2025-01-01,2025,Enero,CARLOS TEXIS,1.0,0.0
2025-01-01,2025,Enero,CASA,0.0,0.0
2025-01-01,2025,Enero,CINTYA,0.0,0.0
2025-01-01,2025,Enero,CLAUDIA GALVAN,0.0,0.0
2025-01-01,2025,Enero,DANIEL DE LEON CANDIA,9.0,1.0
2025-01-01,2025,Enero,DAVID JIMENEZ,0.0,0.0
2025-01-01,2025,Enero,Demo Vendedor,0.0,0.0
2025-01-01,2025,Enero,GUADALUPE PEREZ,0.0,0.0
2025-01-01,2025,Enero,JAIME GONZALEZ,0.0,0.0
2025-01-01,2025,Enero,JESUS SERRANO,0.0,0.0
2025-01-01,2025,Enero,JOSE CARLOS  ZENTENO,0.0,0.0
2025-01-01,2025,Enero,JOSE EDUARDO  PARADA,0.0,0.0
2025-01-01,2025,Enero,JOSE MANUEL  LOPEZ,0.0,0.0
2025-01-01,2025,Enero,JOSE MANUEL LOPEZ,0.0,0.0
2025-01-01,2025,Enero,JOSETTE RAMON,0.0,0.0
2025-01-01,2025,Enero,LAURA LOPEZ,0.0,0.0
2025-01-01,2025,Enero,LIZBETH GOMEZ GONZALEZ,0.0,0.0
2025-01-01,2025,Enero,LUIS ALBERTO  RODRIGUEZ,0.0,0.0
2025-01-01,2025,Enero,LUISA LBERTO  GOMEZ,0.0,0.0
2025-01-01,2025,Enero,MARIA GUADALUPE PALACIOS,17.0,1.0
2025-01-01,2025,Enero,MAURICIO ALFREDO,1.0,0.0
2025-01-01,2025,Enero,MIGUEL ANGEL SONDEREGGER,6.0,1.0
2025-01-01,2025,Enero,MONICA GISELA FLORES,0.0,0.0
2025-01-01,2025,Enero,NANCY OLASCOAGA,0.0,0.0
2025-01-01,2025,Enero,NAYELI MONTES DEOCA,0.0,0.0
2025-01-01,2025,Enero,OSCAR ALONSO,1.0,0.0
2025-01-01,2025,Enero,PAUL  ROSAS IRIGOYIN,0.0,0.0
2025-01-01,2025,Enero,PAUL ROSAS,0.0,0.0
2025-01-01,2025,Enero,PEDRO GONZALES,13.0,0.18
2025-01-01,2025,Enero,RICARDO SILVA HERAS,0.0,0.0
2025-01-01,2025,Enero,SEBASTIAN BENHUMEA,0.0,0.0
2025-01-01,2025,Enero,USUARIO DE BDC Y CASA,0.0,0.0
2025-01-01,2025,Enero,VICTOR MANUEL SANCHEZ ARROYO,1.0,0.0
2025-01-01,2025,Enero,sys_competition,0.0,0.0
2025-02-01,2025,Febrero,ABIGAIL,0.0,0.0
2025-02-01,2025,Febrero,ALAN GONZALES,12.0,1.0
2025-02-01,2025,Febrero,ALICIA LEDESMA,0.0,0.0
2025-02-01,2025,Febrero,AURELIO FELIPE,0.0,0.0
2025-02-01,2025,Febrero,CARLOS ALBERTO NIETO,13.0,0.18
2025-02-01,2025,Febrero,CARLOS MANUEL CARMONA,0.0,0.0
2025-02-01,2025,Febrero,CARLOS TEXIS,1.0,1.0
2025-02-01,2025,Febrero,CASA,2.0,1.0
2025-02-01,2025,Febrero,CINTYA,0.0,0.0
2025-02-01,2025,Febrero,CLAUDIA GALVAN,0.0,0.0
2025-02-01,2025,Febrero,DANIEL DE LEON CANDIA,6.0,2.0
2025-02-01,2025,Febrero,DAVID JIMENEZ,0.0,0.0
2025-02-01,2025,Febrero,Demo Vendedor,0.0,0.0
2025-02-01,2025,Febrero,GUADALUPE PEREZ,0.0,0.0
2025-02-01,2025,Febrero,JAIME GONZALEZ,0.0,0.0
2025-02-01,2025,Febrero,JESUS SERRANO,0.0,0.0
2025-02-01,2025,Febrero,JOSE CARLOS  ZENTENO,0.0,0.0
2025-02-01,2025,Febrero,JOSE EDUARDO  PARADA,0.0,0.0
2025-02-01,2025,Febrero,JOSE MANUEL  LOPEZ,0.0,0.0
2025-02-01,2025,Febrero,JOSE MANUEL LOPEZ,0.0,0.0
2025-02-01,2025,Febrero,JOSETTE RAMON,0.0,0.0
2025-02-01,2025,Febrero,LAURA LOPEZ,0.0,0.0
2025-02-01,2025,Febrero,LIZBETH GOMEZ GONZALEZ,0.0,0.0
2025-02-01,2025,Febrero,LUIS ALBERTO  RODRIGUEZ,0.0,0.0
2025-02-01,2025,Febrero,LUISA LBERTO  GOMEZ,0.0,0.0
2025-02-01,2025,Febrero,MARIA GUADALUPE PALACIOS,0.0,0.0
2025-02-01,2025,Febrero,MAURICIO ALFREDO,6.0,1.0
2025-02-01,2025,Febrero,MIGUEL ANGEL SONDEREGGER,1.0,0.0
2025-02-01,2025,Febrero,MONICA GISELA FLORES,0.0,0.0
2025-02-01,2025,Febrero,NANCY OLASCOAGA,0.0,0.0
2025-02-01,2025,Febrero,NAYELI MONTES DEOCA,0.0,0.0
2025-02-01,2025,Febrero,OSCAR ALONSO,7.0,0.0
2025-02-01,2025,Febrero,PAUL  ROSAS IRIGOYIN,0.0,0.0
2025-02-01,2025,Febrero,PAUL ROSAS,0.0,0.0
2025-02-01,2025,Febrero,PEDRO GONZALES,12.0,0.18
2025-02-01,2025,Febrero,RICARDO SILVA HERAS,0.0,0.0
2025-02-01,2025,Febrero,SEBASTIAN BENHUMEA,0.0,0.0
2025-02-01,2025,Febrero,USUARIO DE BDC Y CASA,0.0,0.0
2025-02-01,2025,Febrero,VICTOR MANUEL SANCHEZ ARROYO,1.0,0.0
2025-02-01,2025,Febrero,sys_competition,0.0,0.0
2025-03-01,2025,Marzo,ABIGAIL,0.0,0.0
2025-03-01,2025,Marzo,ALAN GONZALES,19.0,2.0
2025-03-01,2025,Marzo,ALICIA LEDESMA,0.0,0.0
2025-03-01,2025,Marzo,AURELIO FELIPE,20.0,1.0
2025-03-01,2025,Marzo,CARLOS ALBERTO NIETO,0.0,0.0
2025-03-01,2025,Marzo,CARLOS MANUEL CARMONA,0.0,0.0
2025-03-01,2025,Marzo,CARLOS TEXIS,0.0,0.0
2025-03-01,2025,Marzo,CASA,1.0,0.0
2025-03-01,2025,Marzo,CINTYA,0.0,0.0
2025-03-01,2025,Marzo,CLAUDIA GALVAN,0.0,0.0
2025-03-01,2025,Marzo,DANIEL DE LEON CANDIA,0.0,0.0
2025-03-01,2025,Marzo,DAVID JIMENEZ,0.0,0.0
2025-03-01,2025,Marzo,Demo Vendedor,0.0,0.0
2025-03-01,2025,Marzo,GUADALUPE PEREZ,0.0,0.0
2025-03-01,2025,Marzo,JAIME GONZALEZ,0.0,0.0
2025-03-01,2025,Marzo,JESUS SERRANO,0.0,0.0
2025-03-01,2025,Marzo,JOSE CARLOS  ZENTENO,0.0,0.0
2025-03-01,2025,Marzo,JOSE EDUARDO  PARADA,0.0,0.0
2025-03-01,2025,Marzo,JOSE MANUEL  LOPEZ,0.0,0.0
2025-03-01,2025,Marzo,JOSE MANUEL LOPEZ,0.0,0.0
2025-03-01,2025,Marzo,JOSETTE RAMON,0.0,0.0
2025-03-01,2025,Marzo,LAURA LOPEZ,0.0,0.0
2025-03-01,2025,Marzo,LIZBETH GOMEZ GONZALEZ,0.0,0.0
2025-03-01,2025,Marzo,LUIS ALBERTO  RODRIGUEZ,0.0,0.0
2025-03-01,2025,Marzo,LUISA LBERTO  GOMEZ,0.0,0.0
2025-03-01,2025,Marzo,MARIA GUADALUPE PALACIOS,0.0,0.0
2025-03-01,2025,Marzo,MAURICIO ALFREDO,9.0,1.0
2025-03-01,2025,Marzo,MIGUEL ANGEL SONDEREGGER,0.0,0.0
2025-03-01,2025,Marzo,MONICA GISELA FLORES,0.0,0.0
2025-03-01,2025,Marzo,NANCY OLASCOAGA,7.0,0.0
2025-03-01,2025,Marzo,NAYELI MONTES DEOCA,0.0,0.0
2025-03-01,2025,Marzo,OSCAR ALONSO,0.0,0.0
2025-03-01,2025,Marzo,PAUL  ROSAS IRIGOYIN,0.0,0.0
2025-03-01,2025,Marzo,PAUL ROSAS,0.0,0.0
2025-03-01,2025,Marzo,PEDRO GONZALES,13.0,2.0
2025-03-01,2025,Marzo,RICARDO SILVA HERAS,0.0,0.0
2025-03-01,2025,Marzo,SEBASTIAN BENHUMEA,0.0,0.0
2025-03-01,2025,Marzo,USUARIO DE BDC Y CASA,0.0,0.0
2025-03-01,2025,Marzo,VICTOR MANUEL SANCHEZ ARROYO,11.0,0.18
2025-03-01,2025,Marzo,sys_competition,0.0,0.0
2025-04-01,2025,Abril,ABIGAIL,0.0,0.0
2025-04-01,2025,Abril,ALAN GONZALES,5.0,1.0
2025-04-01,2025,Abril,ALICIA LEDESMA,0.0,0.0
2025-04-01,2025,Abril,AURELIO FELIPE,6.0,0.0
2025-04-01,2025,Abril,CARLOS ALBERTO NIETO,0.0,0.0
2025-04-01,2025,Abril,CARLOS MANUEL CARMONA,0.0,0.0
2025-04-01,2025,Abril,CARLOS TEXIS,0.0,0.0
2025-04-01,2025,Abril,CASA,0.0,0.0
2025-04-01,2025,Abril,CINTYA,0.0,0.0
2025-04-01,2025,Abril,CLAUDIA GALVAN,0.0,0.0
2025-04-01,2025,Abril,DANIEL DE LEON CANDIA,0.0,0.0
2025-04-01,2025,Abril,DAVID JIMENEZ,0.0,0.0
2025-04-01,2025,Abril,Demo Vendedor,0.0,0.0
2025-04-01,2025,Abril,GUADALUPE PEREZ,0.0,0.0
2025-04-01,2025,Abril,JAIME GONZALEZ,0.0,0.0
2025-04-01,2025,Abril,JESUS SERRANO,0.0,0.0
2025-04-01,2025,Abril,JOSE CARLOS  ZENTENO,0.0,0.0
2025-04-01,2025,Abril,JOSE EDUARDO  PARADA,2.0,0.0
2025-04-01,2025,Abril,JOSE MANUEL  LOPEZ,0.0,0.0
2025-04-01,2025,Abril,JOSE MANUEL LOPEZ,0.0,0.0
2025-04-01,2025,Abril,JOSETTE RAMON,0.0,0.0
2025-04-01,2025,Abril,LAURA LOPEZ,2.0,0.0
2025-04-01,2025,Abril,LIZBETH GOMEZ GONZALEZ,0.0,0.0
2025-04-01,2025,Abril,LUIS ALBERTO  RODRIGUEZ,0.0,0.0
2025-04-01,2025,Abril,LUISA LBERTO  GOMEZ,0.0,0.0
2025-04-01,2025,Abril,MARIA GUADALUPE PALACIOS,0.0,0.0
2025-04-01,2025,Abril,MAURICIO ALFREDO,6.0,2.0
2025-04-01,2025,Abril,MIGUEL ANGEL SONDEREGGER,0.0,0.0
2025-04-01,2025,Abril,MONICA GISELA FLORES,0.0,0.0
2025-04-01,2025,Abril,NANCY OLASCOAGA,2.0,0.0
2025-04-01,2025,Abril,NAYELI MONTES DEOCA,0.0,0.0
2025-04-01,2025,Abril,OSCAR ALONSO,0.0,0.0
2025-04-01,2025,Abril,PAUL  ROSAS IRIGOYIN,0.0,0.0
2025-04-01,2025,Abril,PAUL ROSAS,0.0,0.0
2025-04-01,2025,Abril,PEDRO GONZALES,6.0,1.0
2025-04-01,2025,Abril,RICARDO SILVA HERAS,3.0,0.0
2025-04-01,2025,Abril,SEBASTIAN BENHUMEA,0.0,0.0
2025-04-01,2025,Abril,USUARIO DE BDC Y CASA,0.0,0.0
2025-04-01,2025,Abril,VICTOR MANUEL SANCHEZ ARROYO,3.0,0.0
2025-04-01,2025,Abril,sys_competition,0.0,0.0
2025-05-01,2025,Mayo,ABIGAIL,0.0,0.0
2025-05-01,2025,Mayo,ALAN GONZALES,0.0,1.0
2025-05-01,2025,Mayo,ALICIA LEDESMA,0.0,0.0
2025-05-01,2025,Mayo,AURELIO FELIPE,0.0,0.18
2025-05-01,2025,Mayo,CARLOS ALBERTO NIETO,0.0,0.0
2025-05-01,2025,Mayo,CARLOS MANUEL CARMONA,0.0,0.0
2025-05-01,2025,Mayo,CARLOS TEXIS,0.0,0.0
2025-05-01,2025,Mayo,CASA,0.0,0.0
2025-05-01,2025,Mayo,CINTYA,0.0,0.0
2025-05-01,2025,Mayo,CLAUDIA GALVAN,0.0,0.0
2025-05-01,2025,Mayo,DANIEL DE LEON CANDIA,0.0,0.0
2025-05-01,2025,Mayo,DAVID JIMENEZ,0.0,0.0
2025-05-01,2025,Mayo,Demo Vendedor,0.0,0.0
2025-05-01,2025,Mayo,GUADALUPE PEREZ,0.0,0.0
2025-05-01,2025,Mayo,JAIME GONZALEZ,0.0,0.0
2025-05-01,2025,Mayo,JESUS SERRANO,0.0,0.0
2025-05-01,2025,Mayo,JOSE CARLOS  ZENTENO,0.0,0.0
2025-05-01,2025,Mayo,JOSE EDUARDO  PARADA,0.0,0.0
2025-05-01,2025,Mayo,JOSE MANUEL  LOPEZ,0.0,0.0
2025-05-01,2025,Mayo,JOSE MANUEL LOPEZ,0.0,0.0
2025-05-01,2025,Mayo,JOSETTE RAMON,0.0,0.0
2025-05-01,2025,Mayo,LAURA LOPEZ,0.0,0.0
2025-05-01,2025,Mayo,LIZBETH GOMEZ GONZALEZ,0.0,0.0
2025-05-01,2025,Mayo,LUIS ALBERTO  RODRIGUEZ,0.0,0.0
2025-05-01,2025,Mayo,LUISA LBERTO  GOMEZ,0.0,0.0
2025-05-01,2025,Mayo,MARIA GUADALUPE PALACIOS,0.0,0.0
2025-05-01,2025,Mayo,MAURICIO ALFREDO,0.0,2.0
2025-05-01,2025,Mayo,MIGUEL ANGEL SONDEREGGER,0.0,0.0
2025-05-01,2025,Mayo,MONICA GISELA FLORES,0.0,0.0
2025-05-01,2025,Mayo,NANCY OLASCOAGA,0.0,0.0
2025-05-01,2025,Mayo,NAYELI MONTES DEOCA,0.0,0.0
2025-05-01,2025,Mayo,OSCAR ALONSO,0.0,0.0
2025-05-01,2025,Mayo,PAUL  ROSAS IRIGOYIN,0.0,0.0
2025-05-01,2025,Mayo,PAUL ROSAS,0.0,0.0
2025-05-01,2025,Mayo,PEDRO GONZALES,0.0,2.0
2025-05-01,2025,Mayo,RICARDO SILVA HERAS,0.0,1.0
2025-05-01,2025,Mayo,SEBASTIAN BENHUMEA,0.0,0.0
2025-05-01,2025,Mayo,USUARIO DE BDC Y CASA,0.0,0.0
2025-05-01,2025,Mayo,VICTOR MANUEL SANCHEZ ARROYO,0.0,0.18
2025-05-01,2025,Mayo,sys_competition,0.0,0.0
2025-06-01,2025,Junio,ABIGAIL,0.0,0.0
2025-06-01,2025,Junio,ALAN GONZALES,0.0,0.0
2025-06-01,2025,Junio,ALICIA LEDESMA,0.0,0.0
2025-06-01,2025,Junio,AURELIO FELIPE,0.0,2.0
2025-06-01,2025,Junio,CARLOS ALBERTO NIETO,0.0,0.0
2025-06-01,2025,Junio,CARLOS MANUEL CARMONA,0.0,0.0
2025-06-01,2025,Junio,CARLOS TEXIS,0.0,0.0
2025-06-01,2025,Junio,CASA,0.0,0.0
2025-06-01,2025,Junio,CINTYA,0.0,0.0
2025-06-01,2025,Junio,CLAUDIA GALVAN,0.0,0.0
2025-06-01,2025,Junio,DANIEL DE LEON CANDIA,0.0,0.0
2025-06-01,2025,Junio,DAVID JIMENEZ,0.0,0.0
2025-06-01,2025,Junio,Demo Vendedor,0.0,0.0
2025-06-01,2025,Junio,GUADALUPE PEREZ,0.0,0.0
2025-06-01,2025,Junio,JAIME GONZALEZ,0.0,0.0
2025-06-01,2025,Junio,JESUS SERRANO,0.0,0.0
2025-06-01,2025,Junio,JOSE CARLOS  ZENTENO,0.0,0.0
2025-06-01,2025,Junio,JOSE EDUARDO  PARADA,0.0,0.0
2025-06-01,2025,Junio,JOSE MANUEL  LOPEZ,0.0,0.0
2025-06-01,2025,Junio,JOSE MANUEL LOPEZ,0.0,0.0
2025-06-01,2025,Junio,JOSETTE RAMON,0.0,0.0
2025-06-01,2025,Junio,LAURA LOPEZ,0.0,0.0
2025-06-01,2025,Junio,LIZBETH GOMEZ GONZALEZ,0.0,0.0
2025-06-01,2025,Junio,LUIS ALBERTO  RODRIGUEZ,0.0,0.0
2025-06-01,2025,Junio,LUISA LBERTO  GOMEZ,0.0,0.0
2025-06-01,2025,Junio,MARIA GUADALUPE PALACIOS,0.0,0.0
2025-06-01,2025,Junio,MAURICIO ALFREDO,0.0,1.0
2025-06-01,2025,Junio,MIGUEL ANGEL SONDEREGGER,0.0,0.0
2025-06-01,2025,Junio,MONICA GISELA FLORES,0.0,0.0
2025-06-01,2025,Junio,NANCY OLASCOAGA,0.0,0.0
2025-06-01,2025,Junio,NAYELI MONTES DEOCA,0.0,0.0
2025-06-01,2025,Junio,OSCAR ALONSO,0.0,0.0
2025-06-01,2025,Junio,PAUL  ROSAS IRIGOYIN,0.0,0.0
2025-06-01,2025,Junio,PAUL ROSAS,0.0,0.0
2025-06-01,2025,Junio,PEDRO GONZALES,0.0,0.0
2025-06-01,2025,Junio,RICARDO SILVA HERAS,0.0,0.0
2025-06-01,2025,Junio,SEBASTIAN BENHUMEA,0.0,0.0
2025-06-01,2025,Junio,USUARIO DE BDC Y CASA,0.0,0.0
2025-06-01,2025,Junio,VICTOR MANUEL SANCHEZ ARROYO,0.0,0.0
2025-06-01,2025,Junio,sys_competition,0.0,0.0
