Fecha,Año,Mes,Canal,Indicador,Objetivo,Real,Cumplimiento
2025-01-01,2025,Enero,Digital,Cerrador,5.0,7.0,1.1
2025-01-01,2025,Enero,Digital,Cita efectiva,33.0,37.0,1.1
2025-01-01,2025,Enero,Digital,Cita programada,46.0,74.0,1.1
2025-01-01,2025,Enero,Digital,Leads efectivos,436.0,465.0,1.07
2025-01-01,2025,Enero,Digital,Leads generados,86.57,83.06,0.84
2025-01-01,2025,Enero,Digital,Prueba de manejo,23.0,22.0,0.96
2025-01-01,2025,Enero,Digital,Solicitud de crédito aprobada,14.0,6.0,0.43
2025-01-01,2025,Enero,Digital,Solicitud de crédito generada,25.0,21.0,0.84
2025-01-01,2025,Enero,Digital,Ventas,8.0,9.0,1.1
2025-01-01,2025,Enero,GAC Angelopolis,Cerrador,20.0,19.0,0.95
2025-01-01,2025,Enero,GAC Angelopolis,Cita efectiva,150.0,109.0,0.73
2025-01-01,2025,Enero,GAC Angelopolis,Cita programada,180.0,189.0,1.05
2025-01-01,2025,Enero,GAC Angelopolis,Leads efectivos,86.57,83.06,0.93
2025-01-01,2025,Enero,GAC Angelopolis,Leads generados,86.57,83.06,0.8
2025-01-01,2025,Enero,GAC Angelopolis,Prueba de manejo,102.0,86.0,0.84
2025-01-01,2025,Enero,GAC Angelopolis,Solicitud de crédito aprobada,48.0,29.0,0.6
2025-01-01,2025,Enero,GAC Angelopolis,Solicitud de crédito generada,101.0,82.0,0.81
2025-01-01,2025,Enero,GAC Angelopolis,Ventas,30.0,26.0,0.87
2025-01-01,2025,Enero,Galerias Tlaxcala,Cerrador,4.0,2.0,0.5
2025-01-01,2025,Enero,Galerias Tlaxcala,Cita efectiva,16.0,5.0,0.31
2025-01-01,2025,Enero,Galerias Tlaxcala,Cita programada,24.0,9.0,0.38
2025-01-01,2025,Enero,Galerias Tlaxcala,Leads efectivos,80.0,43.0,0.54
2025-01-01,2025,Enero,Galerias Tlaxcala,Leads generados,100.0,46.0,0.46
2025-01-01,2025,Enero,Galerias Tlaxcala,Prueba de manejo,13.0,9.0,0.69
2025-01-01,2025,Enero,Galerias Tlaxcala,Solicitud de crédito aprobada,6.0,3.0,0.5
2025-01-01,2025,Enero,Galerias Tlaxcala,Solicitud de crédito generada,12.0,9.0,0.75
2025-01-01,2025,Enero,Galerias Tlaxcala,Ventas,4.0,3.0,0.75
2025-01-01,2025,Enero,Otros,Cerrador,1.0,1.0,1.0
2025-01-01,2025,Enero,Otros,Cita efectiva,7.0,3.0,0.43
2025-01-01,2025,Enero,Otros,Cita programada,6.0,18.0,1.1
2025-01-01,2025,Enero,Otros,Leads efectivos,59.0,32.0,0.54
2025-01-01,2025,Enero,Otros,Leads generados,81.0,37.0,0.46
2025-01-01,2025,Enero,Otros,Prueba de manejo,4.0,7.0,1.1
2025-01-01,2025,Enero,Otros,Solicitud de crédito aprobada,1.0,2.0,1.1
2025-01-01,2025,Enero,Otros,Solicitud de crédito generada,4.0,6.0,1.1
2025-01-01,2025,Enero,Otros,Ventas,1.0,2.0,1.1
2025-01-01,2025,Enero,Piso,Cerrador,7.0,7.0,1.0
2025-01-01,2025,Enero,Piso,Cita efectiva,74.0,36.0,0.49
2025-01-01,2025,Enero,Piso,Cita programada,80.0,47.0,0.59
2025-01-01,2025,Enero,Piso,Leads efectivos,80.0,71.0,0.89
2025-01-01,2025,Enero,Piso,Leads generados,80.0,76.0,0.95
2025-01-01,2025,Enero,Piso,Prueba de manejo,48.0,34.0,0.71
2025-01-01,2025,Enero,Piso,Solicitud de crédito aprobada,20.0,13.0,0.65
2025-01-01,2025,Enero,Piso,Solicitud de crédito generada,46.0,34.0,0.74
2025-01-01,2025,Enero,Piso,Ventas,14.0,10.0,0.71
2025-01-01,2025,Enero,Plaza Ange,Cerrador,3.0,2.0,0.67
2025-01-01,2025,Enero,Plaza Ange,Cita efectiva,20.0,28.0,1.1
2025-01-01,2025,Enero,Plaza Ange,Cita programada,24.0,41.0,1.1
2025-01-01,2025,Enero,Plaza Ange,Leads efectivos,111.0,99.0,0.89
2025-01-01,2025,Enero,Plaza Ange,Leads generados,120.0,110.0,0.92
2025-01-01,2025,Enero,Plaza Ange,Prueba de manejo,14.0,14.0,1.0
2025-01-01,2025,Enero,Plaza Ange,Solicitud de crédito aprobada,7.0,5.0,0.71
2025-01-01,2025,Enero,Plaza Ange,Solicitud de crédito generada,14.0,12.0,0.86
2025-01-01,2025,Enero,Plaza Ange,Ventas,4.0,2.0,0.5
2025-01-01,2025,Enero,Plaza Moraledas,Cerrador,3.0,0.0,0.0
2025-01-01,2025,Enero,Plaza Moraledas,Cita efectiva,40.0,1.0,0.03
2025-01-01,2025,Enero,Plaza Moraledas,Cita programada,50.0,1.0,0.02
2025-01-01,2025,Enero,Plaza Moraledas,Leads efectivos,80.0,13.0,0.16
2025-01-01,2025,Enero,Plaza Moraledas,Leads generados,120.0,13.0,0.11
2025-01-01,2025,Enero,Plaza Moraledas,Prueba de manejo,25.0,3.0,0.12
2025-01-01,2025,Enero,Plaza Moraledas,Solicitud de crédito aprobada,8.0,1.0,0.13
2025-01-01,2025,Enero,Plaza Moraledas,Solicitud de crédito generada,15.0,1.0,0.07
2025-01-01,2025,Enero,Plaza Moraledas,Ventas,3.0,0.0,0.0
2025-02-01,2025,Febrero,Digital,Cita efectiva,33.0,27.0,0.82
2025-02-01,2025,Febrero,Digital,Cita programada,40.0,34.0,0.85
2025-02-01,2025,Febrero,Digital,Formalizado,7.0,3.0,0.43
2025-02-01,2025,Febrero,Digital,Leads efectivos,213.0,141.0,0.66
2025-02-01,2025,Febrero,Digital,Leads generados,296.0,210.0,0.71
2025-02-01,2025,Febrero,Digital,Prueba de manejo,23.0,24.0,1.04
2025-02-01,2025,Febrero,Digital,Solicitud de crédito aprobada,14.0,6.0,0.43
2025-02-01,2025,Febrero,Digital,Solicitud de crédito generada,20.0,28.0,1.1
2025-02-01,2025,Febrero,Digital,Ventas,10.0,4.0,0.4
2025-02-01,2025,Febrero,Estrategia de Prospeccion,Cita efectiva,40.0,15.0,1.1
2025-02-01,2025,Febrero,Estrategia de Prospeccion,Cita programada,35.0,15.0,1.1
2025-02-01,2025,Febrero,Estrategia de Prospeccion,Formalizado,3.0,0.0,0.0
2025-02-01,2025,Febrero,Estrategia de Prospeccion,Leads efectivos,80.0,81.0,1.1
2025-02-01,2025,Febrero,Estrategia de Prospeccion,Leads generados,150.0,88.0,1.1
2025-02-01,2025,Febrero,Estrategia de Prospeccion,Prueba de manejo,25.0,16.0,1.1
2025-02-01,2025,Febrero,Estrategia de Prospeccion,Solicitud de crédito aprobada,8.0,0.0,0.0
2025-02-01,2025,Febrero,Estrategia de Prospeccion,Solicitud de crédito generada,13.0,4.0,1.1
2025-02-01,2025,Febrero,Estrategia de Prospeccion,Ventas,3.0,0.0,0.0
2025-02-01,2025,Febrero,GAC Angelopolis,Cita efectiva,149.0,101.0,1.1
2025-02-01,2025,Febrero,GAC Angelopolis,Cita programada,214.0,117.0,0.9
2025-02-01,2025,Febrero,GAC Angelopolis,Formalizado,26.0,11.0,0.74
2025-02-01,2025,Febrero,GAC Angelopolis,Leads efectivos,501.0,446.0,1.1
2025-02-01,2025,Febrero,GAC Angelopolis,Leads generados,86.57,537.0,1.1
2025-02-01,2025,Febrero,GAC Angelopolis,Prueba de manejo,103.0,97.0,1.1
2025-02-01,2025,Febrero,GAC Angelopolis,Solicitud de crédito aprobada,46.0,27.0,0.99
2025-02-01,2025,Febrero,GAC Angelopolis,Solicitud de crédito generada,92.0,75.0,1.1
2025-02-01,2025,Febrero,GAC Angelopolis,Ventas,30.0,20.0,0.67
2025-02-01,2025,Febrero,Gran Patio,Cita efectiva,16.0,9.0,0.56
2025-02-01,2025,Febrero,Gran Patio,Cita programada,24.0,11.0,0.46
2025-02-01,2025,Febrero,Gran Patio,Formalizado,4.0,0.0,0.0
2025-02-01,2025,Febrero,Gran Patio,Leads efectivos,80.0,68.0,0.85
2025-02-01,2025,Febrero,Gran Patio,Leads generados,120.0,70.0,0.58
2025-02-01,2025,Febrero,Gran Patio,Prueba de manejo,13.0,6.0,0.46
2025-02-01,2025,Febrero,Gran Patio,Solicitud de crédito aprobada,6.0,0.0,0.0
2025-02-01,2025,Febrero,Gran Patio,Solicitud de crédito generada,12.0,3.0,0.25
2025-02-01,2025,Febrero,Gran Patio,Ventas,4.0,0.0,0.0
2025-02-01,2025,Febrero,Otros,Cita efectiva,6.0,5.0,0.83
2025-02-01,2025,Febrero,Otros,Cita programada,6.0,5.0,0.83
2025-02-01,2025,Febrero,Otros,Formalizado,2.0,0.0,0.0
2025-02-01,2025,Febrero,Otros,Leads efectivos,29.0,13.0,0.45
2025-02-01,2025,Febrero,Otros,Leads generados,81.0,15.0,0.19
2025-02-01,2025,Febrero,Otros,Prueba de manejo,5.0,6.0,1.1
2025-02-01,2025,Febrero,Otros,Solicitud de crédito aprobada,2.0,4.0,1.1
2025-02-01,2025,Febrero,Otros,Solicitud de crédito generada,6.0,4.0,0.67
2025-02-01,2025,Febrero,Otros,Ventas,3.0,4.0,1.1
2025-02-01,2025,Febrero,Piso,Cita efectiva,74.0,31.0,0.42
2025-02-01,2025,Febrero,Piso,Cita programada,80.0,34.0,0.43
2025-02-01,2025,Febrero,Piso,Formalizado,8.0,7.0,0.88
2025-02-01,2025,Febrero,Piso,Leads efectivos,80.0,61.0,0.76
2025-02-01,2025,Febrero,Piso,Leads generados,80.0,64.0,0.8
2025-02-01,2025,Febrero,Piso,Prueba de manejo,48.0,31.0,0.65
2025-02-01,2025,Febrero,Piso,Solicitud de crédito aprobada,17.0,14.0,0.82
2025-02-01,2025,Febrero,Piso,Solicitud de crédito generada,40.0,23.0,0.58
2025-02-01,2025,Febrero,Piso,Ventas,12.0,11.0,0.92
2025-02-01,2025,Febrero,Plaza Ange,Cita efectiva,20.0,14.0,0.7
2025-02-01,2025,Febrero,Plaza Ange,Cita programada,24.0,18.0,0.75
2025-02-01,2025,Febrero,Plaza Ange,Formalizado,5.0,1.0,0.2
2025-02-01,2025,Febrero,Plaza Ange,Leads efectivos,99.0,82.0,0.83
2025-02-01,2025,Febrero,Plaza Ange,Leads generados,180.0,90.0,0.5
2025-02-01,2025,Febrero,Plaza Ange,Prueba de manejo,14.0,14.0,1.0
2025-02-01,2025,Febrero,Plaza Ange,Solicitud de crédito aprobada,7.0,3.0,0.43
2025-02-01,2025,Febrero,Plaza Ange,Solicitud de crédito generada,14.0,13.0,0.93
2025-02-01,2025,Febrero,Plaza Ange,Ventas,4.0,1.0,0.25
2025-03-01,2025,Marzo,Digital,Cita efectiva,33.0,26.0,0.79
2025-03-01,2025,Marzo,Digital,Cita programada,40.0,57.0,1.1
2025-03-01,2025,Marzo,Digital,Formalizado,7.0,8.0,1.1
2025-03-01,2025,Marzo,Digital,Leads efectivos,312.0,344.0,1.1
2025-03-01,2025,Marzo,Digital,Leads generados,450.0,491.0,1.09
2025-03-01,2025,Marzo,Digital,Prueba de manejo,23.0,16.0,0.7
2025-03-01,2025,Marzo,Digital,Solicitud de crédito aprobada,14.0,10.0,0.71
2025-03-01,2025,Marzo,Digital,Solicitud de crédito generada,20.0,13.0,0.65
2025-03-01,2025,Marzo,Digital,Ventas,8.0,12.0,1.1
2025-03-01,2025,Marzo,Estrategia de Prospeccion,Cita efectiva,40.0,7.0,0.18
2025-03-01,2025,Marzo,Estrategia de Prospeccion,Cita programada,35.0,10.0,0.29
2025-03-01,2025,Marzo,Estrategia de Prospeccion,Formalizado,3.0,0.0,0.0
2025-03-01,2025,Marzo,Estrategia de Prospeccion,Leads efectivos,80.0,30.0,0.38
2025-03-01,2025,Marzo,Estrategia de Prospeccion,Leads generados,150.0,35.0,0.23
2025-03-01,2025,Marzo,Estrategia de Prospeccion,Prueba de manejo,25.0,5.0,0.2
2025-03-01,2025,Marzo,Estrategia de Prospeccion,Solicitud de crédito aprobada,8.0,1.0,0.13
2025-03-01,2025,Marzo,Estrategia de Prospeccion,Solicitud de crédito generada,13.0,3.0,0.23
2025-03-01,2025,Marzo,Estrategia de Prospeccion,Ventas,3.0,0.0,0.0
2025-03-01,2025,Marzo,GAC Angelopolis,Cita efectiva,149.0,140.0,0.94
2025-03-01,2025,Marzo,GAC Angelopolis,Cita programada,214.0,181.0,0.85
2025-03-01,2025,Marzo,GAC Angelopolis,Formalizado,26.0,18.0,0.69
2025-03-01,2025,Marzo,GAC Angelopolis,Leads efectivos,501.0,83.06,1.1
2025-03-01,2025,Marzo,GAC Angelopolis,Leads generados,86.57,83.06,1.1
2025-03-01,2025,Marzo,GAC Angelopolis,Prueba de manejo,103.0,77.0,0.75
2025-03-01,2025,Marzo,GAC Angelopolis,Solicitud de crédito aprobada,46.0,30.0,0.65
2025-03-01,2025,Marzo,GAC Angelopolis,Solicitud de crédito generada,92.0,92.0,1.0
2025-03-01,2025,Marzo,GAC Angelopolis,Ventas,30.0,30.0,1.0
2025-03-01,2025,Marzo,Gran Patio,Cita efectiva,16.0,10.0,0.63
2025-03-01,2025,Marzo,Gran Patio,Cita programada,24.0,12.0,0.5
2025-03-01,2025,Marzo,Gran Patio,Formalizado,4.0,1.0,0.25
2025-03-01,2025,Marzo,Gran Patio,Leads efectivos,80.0,105.0,1.1
2025-03-01,2025,Marzo,Gran Patio,Leads generados,120.0,110.0,0.92
2025-03-01,2025,Marzo,Gran Patio,Prueba de manejo,13.0,8.0,0.62
2025-03-01,2025,Marzo,Gran Patio,Solicitud de crédito aprobada,6.0,1.0,0.17
2025-03-01,2025,Marzo,Gran Patio,Solicitud de crédito generada,12.0,11.0,0.92
2025-03-01,2025,Marzo,Gran Patio,Ventas,3.0,1.0,0.33
2025-03-01,2025,Marzo,Otros,Cita efectiva,6.0,2.0,0.75
2025-03-01,2025,Marzo,Otros,Cita programada,6.0,2.0,0.75
2025-03-01,2025,Marzo,Otros,Formalizado,2.0,1.0,1.1
2025-03-01,2025,Marzo,Otros,Leads efectivos,29.0,37.0,1.1
2025-03-01,2025,Marzo,Otros,Leads generados,81.0,47.0,0.97
2025-03-01,2025,Marzo,Otros,Prueba de manejo,6.0,4.0,1.1
2025-03-01,2025,Marzo,Otros,Solicitud de crédito aprobada,2.0,6.0,1.1
2025-03-01,2025,Marzo,Otros,Solicitud de crédito generada,6.0,21.0,1.1
2025-03-01,2025,Marzo,Otros,Ventas,0.0,6.0,0.0
2025-03-01,2025,Marzo,Piso,Cita efectiva,74.0,80.0,1.08
2025-03-01,2025,Marzo,Piso,Cita programada,80.0,80.0,1.0
2025-03-01,2025,Marzo,Piso,Formalizado,8.0,6.0,0.75
2025-03-01,2025,Marzo,Piso,Leads efectivos,80.0,80.0,1.0
2025-03-01,2025,Marzo,Piso,Leads generados,80.0,80.0,1.0
2025-03-01,2025,Marzo,Piso,Prueba de manejo,48.0,32.0,0.67
2025-03-01,2025,Marzo,Piso,Solicitud de crédito aprobada,17.0,8.0,0.47
2025-03-01,2025,Marzo,Piso,Solicitud de crédito generada,40.0,28.0,0.7
2025-03-01,2025,Marzo,Piso,Ventas,14.0,9.0,0.64
2025-03-01,2025,Marzo,Plaza Ange,Cita efectiva,20.0,15.0,0.75
2025-03-01,2025,Marzo,Plaza Ange,Cita programada,24.0,20.0,0.83
2025-03-01,2025,Marzo,Plaza Ange,Formalizado,5.0,2.0,0.4
2025-03-01,2025,Marzo,Plaza Ange,Leads efectivos,99.0,135.0,1.1
2025-03-01,2025,Marzo,Plaza Ange,Leads generados,180.0,162.0,0.9
2025-03-01,2025,Marzo,Plaza Ange,Prueba de manejo,14.0,12.0,0.86
2025-03-01,2025,Marzo,Plaza Ange,Solicitud de crédito aprobada,7.0,4.0,0.57
2025-03-01,2025,Marzo,Plaza Ange,Solicitud de crédito generada,14.0,16.0,1.1
2025-03-01,2025,Marzo,Plaza Ange,Ventas,4.0,2.0,0.5
2025-04-01,2025,Abril,Digital,Cita efectiva,33.0,30.0,0.91
2025-04-01,2025,Abril,Digital,Cita programada,40.0,70.0,1.1
2025-04-01,2025,Abril,Digital,Formalizado,7.0,2.0,0.29
2025-04-01,2025,Abril,Digital,Leads efectivos,410.0,500.0,1.1
2025-04-01,2025,Abril,Digital,Leads generados,86.57,83.06,1.1
2025-04-01,2025,Abril,Digital,Prueba de manejo,23.0,17.0,0.74
2025-04-01,2025,Abril,Digital,Solicitud de crédito aprobada,14.0,5.0,0.36
2025-04-01,2025,Abril,Digital,Solicitud de crédito generada,20.0,6.0,0.3
2025-04-01,2025,Abril,Digital,Ventas,10.0,5.0,0.5
2025-04-01,2025,Abril,Estrategia de Prospeccion,Cita efectiva,35.0,1.0,0.03
2025-04-01,2025,Abril,Estrategia de Prospeccion,Cita programada,40.0,1.0,0.03
2025-04-01,2025,Abril,Estrategia de Prospeccion,Formalizado,3.0,1.0,0.33
2025-04-01,2025,Abril,Estrategia de Prospeccion,Leads efectivos,80.0,27.0,0.34
2025-04-01,2025,Abril,Estrategia de Prospeccion,Leads generados,150.0,28.0,0.19
2025-04-01,2025,Abril,Estrategia de Prospeccion,Prueba de manejo,25.0,0.0,0.0
2025-04-01,2025,Abril,Estrategia de Prospeccion,Solicitud de crédito aprobada,8.0,2.0,0.25
2025-04-01,2025,Abril,Estrategia de Prospeccion,Solicitud de crédito generada,13.0,5.0,0.38
2025-04-01,2025,Abril,Estrategia de Prospeccion,Ventas,3.0,2.0,0.67
2025-04-01,2025,Abril,GAC Angelopolis,Cita efectiva,149.0,114.0,0.77
2025-04-01,2025,Abril,GAC Angelopolis,Cita programada,214.0,174.0,0.81
2025-04-01,2025,Abril,GAC Angelopolis,Formalizado,26.0,17.0,0.65
2025-04-01,2025,Abril,GAC Angelopolis,Leads efectivos,501.0,83.06,1.1
2025-04-01,2025,Abril,GAC Angelopolis,Leads generados,86.57,83.06,1.1
2025-04-01,2025,Abril,GAC Angelopolis,Prueba de manejo,100.0,81.0,0.81
2025-04-01,2025,Abril,GAC Angelopolis,Solicitud de crédito aprobada,46.0,35.0,0.76
2025-04-01,2025,Abril,GAC Angelopolis,Solicitud de crédito generada,100.0,59.0,0.59
2025-04-01,2025,Abril,GAC Angelopolis,Ventas,30.0,30.0,1.0
2025-04-01,2025,Abril,Gran Patio,Cita efectiva,16.0,13.0,0.81
2025-04-01,2025,Abril,Gran Patio,Cita programada,24.0,15.0,0.63
2025-04-01,2025,Abril,Gran Patio,Formalizado,4.0,2.0,0.5
2025-04-01,2025,Abril,Gran Patio,Leads efectivos,80.0,110.0,1.1
2025-04-01,2025,Abril,Gran Patio,Leads generados,120.0,113.0,0.94
2025-04-01,2025,Abril,Gran Patio,Prueba de manejo,13.0,8.0,0.62
2025-04-01,2025,Abril,Gran Patio,Solicitud de crédito aprobada,6.0,5.0,0.83
2025-04-01,2025,Abril,Gran Patio,Solicitud de crédito generada,12.0,9.0,0.75
2025-04-01,2025,Abril,Gran Patio,Ventas,4.0,4.0,1.0
2025-04-01,2025,Abril,Otros,Cita efectiva,6.0,11.0,1.83
2025-04-01,2025,Abril,Otros,Cita programada,6.0,11.0,1.83
2025-04-01,2025,Abril,Otros,Formalizado,2.0,0.0,0.0
2025-04-01,2025,Abril,Otros,Leads efectivos,29.0,27.0,0.93
2025-04-01,2025,Abril,Otros,Leads generados,81.0,28.0,0.35
2025-04-01,2025,Abril,Otros,Prueba de manejo,6.0,1.0,0.17
2025-04-01,2025,Abril,Otros,Solicitud de crédito aprobada,2.0,6.0,0.72
2025-04-01,2025,Abril,Otros,Solicitud de crédito generada,6.0,16.0,0.72
2025-04-01,2025,Abril,Otros,Ventas,2.0,2.0,1.0
2025-04-01,2025,Abril,Piso,Cita efectiva,80.0,43.0,0.54
2025-04-01,2025,Abril,Piso,Cita programada,80.0,43.0,0.54
2025-04-01,2025,Abril,Piso,Formalizado,8.0,8.0,1.0
2025-04-01,2025,Abril,Piso,Leads efectivos,80.0,43.0,0.54
2025-04-01,2025,Abril,Piso,Leads generados,80.0,43.0,0.54
2025-04-01,2025,Abril,Piso,Prueba de manejo,48.0,28.0,0.58
2025-04-01,2025,Abril,Piso,Solicitud de crédito aprobada,17.0,11.0,0.65
2025-04-01,2025,Abril,Piso,Solicitud de crédito generada,40.0,13.0,0.33
2025-04-01,2025,Abril,Piso,Ventas,14.0,13.0,0.93
2025-04-01,2025,Abril,Plaza Ange,Cita efectiva,20.0,16.0,0.8
2025-04-01,2025,Abril,Plaza Ange,Cita programada,24.0,34.0,1.1
2025-04-01,2025,Abril,Plaza Ange,Formalizado,5.0,4.0,0.8
2025-04-01,2025,Abril,Plaza Ange,Leads efectivos,99.0,166.0,1.1
2025-04-01,2025,Abril,Plaza Ange,Leads generados,180.0,188.0,1.04
2025-04-01,2025,Abril,Plaza Ange,Prueba de manejo,14.0,16.0,1.1
2025-04-01,2025,Abril,Plaza Ange,Solicitud de crédito aprobada,7.0,6.0,0.86
2025-04-01,2025,Abril,Plaza Ange,Solicitud de crédito generada,14.0,10.0,0.71
2025-04-01,2025,Abril,Plaza Ange,Ventas,4.0,4.0,1.0
2025-05-01,2025,Mayo,Digital,Cita efectiva,60.0,32.0,0.53
2025-05-01,2025,Mayo,Digital,Cita programada,100.0,37.0,0.37
2025-05-01,2025,Mayo,Digital,Formalizado,11.0,5.0,0.45
2025-05-01,2025,Mayo,Digital,Leads efectivos,410.0,273.0,0.67
2025-05-01,2025,Mayo,Digital,Leads generados,500.0,361.0,0.72
2025-05-01,2025,Mayo,Digital,Prueba de manejo,30.0,26.0,0.87
2025-05-01,2025,Mayo,Digital,Solicitud de crédito aprobada,20.0,10.0,0.5
2025-05-01,2025,Mayo,Digital,Solicitud de crédito generada,25.0,14.0,0.56
2025-05-01,2025,Mayo,Digital,Ventas,13.0,9.0,0.69
2025-05-01,2025,Mayo,Estrategia de Prospeccion,Cita efectiva,35.0,31.0,0.89
2025-05-01,2025,Mayo,Estrategia de Prospeccion,Cita programada,40.0,32.0,0.8
2025-05-01,2025,Mayo,Estrategia de Prospeccion,Formalizado,2.0,1.0,0.5
2025-05-01,2025,Mayo,Estrategia de Prospeccion,Leads efectivos,80.0,76.0,0.95
2025-05-01,2025,Mayo,Estrategia de Prospeccion,Leads generados,80.0,81.0,1.01
2025-05-01,2025,Mayo,Estrategia de Prospeccion,Prueba de manejo,10.0,31.0,1.1
2025-05-01,2025,Mayo,Estrategia de Prospeccion,Solicitud de crédito aprobada,4.0,2.0,0.5
2025-05-01,2025,Mayo,Estrategia de Prospeccion,Solicitud de crédito generada,7.0,3.0,0.43
2025-05-01,2025,Mayo,Estrategia de Prospeccion,Ventas,2.0,2.0,1.0
2025-05-01,2025,Mayo,GAC Angelopolis,Cita efectiva,160.0,157.0,0.98
2025-05-01,2025,Mayo,GAC Angelopolis,Cita programada,214.0,166.0,0.78
2025-05-01,2025,Mayo,GAC Angelopolis,Formalizado,33.0,19.0,0.58
2025-05-01,2025,Mayo,GAC Angelopolis,Leads efectivos,86.57,689.0,0.87
2025-05-01,2025,Mayo,GAC Angelopolis,Leads generados,86.57,83.06,0.84
2025-05-01,2025,Mayo,GAC Angelopolis,Prueba de manejo,100.0,121.0,1.1
2025-05-01,2025,Mayo,GAC Angelopolis,Solicitud de crédito aprobada,42.0,40.0,0.95
2025-05-01,2025,Mayo,GAC Angelopolis,Solicitud de crédito generada,70.0,76.0,1.09
2025-05-01,2025,Mayo,GAC Angelopolis,Ventas,41.0,34.0,0.83
2025-05-01,2025,Mayo,Gran Patio,Cita efectiva,20.0,13.0,0.65
2025-05-01,2025,Mayo,Gran Patio,Cita programada,25.0,14.0,0.56
2025-05-01,2025,Mayo,Gran Patio,Formalizado,5.0,3.0,0.6
2025-05-01,2025,Mayo,Gran Patio,Leads efectivos,100.0,103.0,1.03
2025-05-01,2025,Mayo,Gran Patio,Leads generados,120.0,114.0,0.95
2025-05-01,2025,Mayo,Gran Patio,Prueba de manejo,15.0,9.0,0.6
2025-05-01,2025,Mayo,Gran Patio,Solicitud de crédito aprobada,8.0,6.0,0.75
2025-05-01,2025,Mayo,Gran Patio,Solicitud de crédito generada,12.0,14.0,1.1
2025-05-01,2025,Mayo,Gran Patio,Ventas,5.0,3.0,0.4
2025-05-01,2025,Mayo,Otros,Cita efectiva,6.0,2.0,0.33
2025-05-01,2025,Mayo,Otros,Cita programada,6.0,3.0,0.5
2025-05-01,2025,Mayo,Otros,Formalizado,2.0,4.0,1.1
2025-05-01,2025,Mayo,Otros,Leads efectivos,20.0,29.0,1.1
2025-05-01,2025,Mayo,Otros,Leads generados,20.0,37.0,1.1
2025-05-01,2025,Mayo,Otros,Prueba de manejo,6.0,7.0,1.1
2025-05-01,2025,Mayo,Otros,Solicitud de crédito aprobada,2.0,10.0,1.1
2025-05-01,2025,Mayo,Otros,Solicitud de crédito generada,6.0,20.0,1.1
2025-05-01,2025,Mayo,Otros,Ventas,0.0,6.0,1.0
2025-05-01,2025,Mayo,Piso,Cita efectiva,80.0,65.0,0.81
2025-05-01,2025,Mayo,Piso,Cita programada,80.0,65.0,0.81
2025-05-01,2025,Mayo,Piso,Formalizado,14.0,3.0,0.21
2025-05-01,2025,Mayo,Piso,Leads efectivos,80.0,65.0,0.81
2025-05-01,2025,Mayo,Piso,Leads generados,80.0,65.0,0.81
2025-05-01,2025,Mayo,Piso,Prueba de manejo,48.0,34.0,0.71
2025-05-01,2025,Mayo,Piso,Solicitud de crédito aprobada,20.0,6.0,0.3
2025-05-01,2025,Mayo,Piso,Solicitud de crédito generada,30.0,16.0,0.53
2025-05-01,2025,Mayo,Piso,Ventas,17.0,12.0,0.71
2025-05-01,2025,Mayo,Plaza Ange,Cita efectiva,35.0,14.0,0.4
2025-05-01,2025,Mayo,Plaza Ange,Cita programada,50.0,15.0,0.3
2025-05-01,2025,Mayo,Plaza Ange,Formalizado,6.0,3.0,0.5
2025-05-01,2025,Mayo,Plaza Ange,Leads efectivos,140.0,143.0,1.02
2025-05-01,2025,Mayo,Plaza Ange,Leads generados,190.0,157.0,0.83
2025-05-01,2025,Mayo,Plaza Ange,Prueba de manejo,28.0,14.0,0.5
2025-05-01,2025,Mayo,Plaza Ange,Solicitud de crédito aprobada,11.0,6.0,0.55
2025-05-01,2025,Mayo,Plaza Ange,Solicitud de crédito generada,16.0,9.0,0.56
2025-05-01,2025,Mayo,Plaza Ange,Ventas,7.0,3.0,0.43
2025-06-01,2025,Junio,Digital,Cita efectiva,60.0,34.0,0.57
2025-06-01,2025,Junio,Digital,Cita programada,100.0,69.0,0.69
2025-06-01,2025,Junio,Digital,Formalizado,11.0,5.0,0.45
2025-06-01,2025,Junio,Digital,Leads efectivos,410.0,292.0,0.71
2025-06-01,2025,Junio,Digital,Leads generados,500.0,576.0,1.1
2025-06-01,2025,Junio,Digital,Prueba de manejo,30.0,21.0,0.7
2025-06-01,2025,Junio,Digital,Solicitud de crédito aprobada,20.0,10.0,0.5
2025-06-01,2025,Junio,Digital,Solicitud de crédito generada,25.0,19.0,0.76
2025-06-01,2025,Junio,Digital,Ventas,13.0,12.0,0.92
2025-06-01,2025,Junio,Estrategia de Prospeccion,Cita efectiva,35.0,8.0,0.23
2025-06-01,2025,Junio,Estrategia de Prospeccion,Cita programada,40.0,11.0,0.28
2025-06-01,2025,Junio,Estrategia de Prospeccion,Formalizado,2.0,0.0,0.0
2025-06-01,2025,Junio,Estrategia de Prospeccion,Leads efectivos,80.0,27.0,0.34
2025-06-01,2025,Junio,Estrategia de Prospeccion,Leads generados,80.0,40.0,0.5
2025-06-01,2025,Junio,Estrategia de Prospeccion,Prueba de manejo,10.0,4.0,0.4
2025-06-01,2025,Junio,Estrategia de Prospeccion,Solicitud de crédito aprobada,4.0,1.0,0.25
2025-06-01,2025,Junio,Estrategia de Prospeccion,Solicitud de crédito generada,7.0,5.0,0.71
2025-06-01,2025,Junio,Estrategia de Prospeccion,Ventas,2.0,0.0,0.0
2025-06-01,2025,Junio,GAC Angelopolis,Cita efectiva,160.0,177.0,1.1
2025-06-01,2025,Junio,GAC Angelopolis,Cita programada,214.0,226.0,1.06
2025-06-01,2025,Junio,GAC Angelopolis,Formalizado,33.0,25.0,0.76
2025-06-01,2025,Junio,GAC Angelopolis,Leads efectivos,86.57,83.06,0.88
2025-06-01,2025,Junio,GAC Angelopolis,Leads generados,86.57,83.06,1.1
2025-06-01,2025,Junio,GAC Angelopolis,Prueba de manejo,100.0,111.0,1.1
2025-06-01,2025,Junio,GAC Angelopolis,Solicitud de crédito aprobada,42.0,46.0,1.1
2025-06-01,2025,Junio,GAC Angelopolis,Solicitud de crédito generada,90.0,97.0,1.08
2025-06-01,2025,Junio,GAC Angelopolis,Ventas,40.0,40.0,1.0
2025-06-01,2025,Junio,Gran Patio,Cita efectiva,20.0,21.0,1.05
2025-06-01,2025,Junio,Gran Patio,Cita programada,25.0,16.0,0.64
2025-06-01,2025,Junio,Gran Patio,Formalizado,5.0,4.0,0.8
2025-06-01,2025,Junio,Gran Patio,Leads efectivos,100.0,80.0,0.8
2025-06-01,2025,Junio,Gran Patio,Leads generados,120.0,96.0,0.8
2025-06-01,2025,Junio,Gran Patio,Prueba de manejo,15.0,10.0,0.67
2025-06-01,2025,Junio,Gran Patio,Solicitud de crédito aprobada,8.0,6.0,0.75
2025-06-01,2025,Junio,Gran Patio,Solicitud de crédito generada,12.0,12.0,1.0
2025-06-01,2025,Junio,Gran Patio,Ventas,5.0,4.0,0.8
2025-06-01,2025,Junio,Otros,Cita efectiva,6.0,16.0,1.1
2025-06-01,2025,Junio,Otros,Cita programada,6.0,20.0,1.1
2025-06-01,2025,Junio,Otros,Formalizado,2.0,5.0,1.1
2025-06-01,2025,Junio,Otros,Leads efectivos,20.0,36.0,1.1
2025-06-01,2025,Junio,Otros,Leads generados,20.0,53.0,1.1
2025-06-01,2025,Junio,Otros,Prueba de manejo,6.0,10.0,1.1
2025-06-01,2025,Junio,Otros,Solicitud de crédito aprobada,2.0,10.0,1.1
2025-06-01,2025,Junio,Otros,Solicitud de crédito generada,6.0,25.0,1.1
2025-06-01,2025,Junio,Otros,Ventas,5.0,5.0,1.0
2025-06-01,2025,Junio,Piso,Cita efectiva,80.0,59.0,0.74
2025-06-01,2025,Junio,Piso,Cita programada,80.0,59.0,0.74
2025-06-01,2025,Junio,Piso,Formalizado,14.0,6.0,0.43
2025-06-01,2025,Junio,Piso,Leads efectivos,80.0,59.0,0.74
2025-06-01,2025,Junio,Piso,Leads generados,80.0,59.0,0.74
2025-06-01,2025,Junio,Piso,Prueba de manejo,48.0,31.0,0.65
2025-06-01,2025,Junio,Piso,Solicitud de crédito aprobada,20.0,9.0,0.45
2025-06-01,2025,Junio,Piso,Solicitud de crédito generada,30.0,13.0,0.43
2025-06-01,2025,Junio,Piso,Ventas,17.0,10.0,0.59
2025-06-01,2025,Junio,Plaza Ange,Cita efectiva,35.0,39.0,1.1
2025-06-01,2025,Junio,Plaza Ange,Cita programada,50.0,51.0,1.02
2025-06-01,2025,Junio,Plaza Ange,Formalizado,6.0,5.0,0.83
2025-06-01,2025,Junio,Plaza Ange,Leads efectivos,140.0,200.0,1.1
2025-06-01,2025,Junio,Plaza Ange,Leads generados,190.0,259.0,1.1
2025-06-01,2025,Junio,Plaza Ange,Prueba de manejo,28.0,35.0,1.1
2025-06-01,2025,Junio,Plaza Ange,Solicitud de crédito aprobada,11.0,10.0,0.91
2025-06-01,2025,Junio,Plaza Ange,Solicitud de crédito generada,16.0,23.0,1.1
2025-06-01,2025,Junio,Plaza Ange,Ventas,7.0,9.0,1.1
2025-07-01,2025,Julio,Digital,Cita efectiva,60.0,45.0,0.75
2025-07-01,2025,Julio,Digital,Cita programada,100.0,89.0,0.89
2025-07-01,2025,Julio,Digital,Formalizado,11.0,7.0,0.64
2025-07-01,2025,Julio,Digital,Leads efectivos,410.0,391.0,0.95
2025-07-01,2025,Julio,Digital,Leads generados,500.0,83.06,1.1
2025-07-01,2025,Julio,Digital,Prueba de manejo,36.0,33.0,0.92
2025-07-01,2025,Julio,Digital,Solicitud de crédito aprobada,15.0,12.0,0.8
2025-07-01,2025,Julio,Digital,Solicitud de crédito generada,28.0,29.0,1.04
2025-07-01,2025,Julio,Digital,Ventas,13.0,9.0,0.69
2025-07-01,2025,Julio,Estrategia de Prospeccion,Cita efectiva,14.0,10.0,0.71
2025-07-01,2025,Julio,Estrategia de Prospeccion,Cita programada,23.0,17.0,0.74
2025-07-01,2025,Julio,Estrategia de Prospeccion,Formalizado,2.0,1.0,0.5
2025-07-01,2025,Julio,Estrategia de Prospeccion,Leads efectivos,38.0,44.0,1.1
2025-07-01,2025,Julio,Estrategia de Prospeccion,Leads generados,50.0,55.0,1.1
2025-07-01,2025,Julio,Estrategia de Prospeccion,Prueba de manejo,9.0,9.0,1.0
2025-07-01,2025,Julio,Estrategia de Prospeccion,Solicitud de crédito aprobada,6.0,2.0,0.33
2025-07-01,2025,Julio,Estrategia de Prospeccion,Solicitud de crédito generada,8.0,8.0,1.0
2025-07-01,2025,Julio,Estrategia de Prospeccion,Ventas,2.0,1.0,0.5
2025-07-01,2025,Julio,GAC Angelopolis,Cita efectiva,185.0,193.0,1.04
2025-07-01,2025,Julio,GAC Angelopolis,Cita programada,230.0,256.0,1.1
2025-07-01,2025,Julio,GAC Angelopolis,Formalizado,38.0,21.0,0.55
2025-07-01,2025,Julio,GAC Angelopolis,Leads efectivos,86.57,83.06,1.1
2025-07-01,2025,Julio,GAC Angelopolis,Leads generados,86.57,83.06,1.1
2025-07-01,2025,Julio,GAC Angelopolis,Prueba de manejo,110.0,127.0,1.1
2025-07-01,2025,Julio,GAC Angelopolis,Solicitud de crédito aprobada,51.0,41.0,0.8
2025-07-01,2025,Julio,GAC Angelopolis,Solicitud de crédito generada,100.0,104.0,1.04
2025-07-01,2025,Julio,GAC Angelopolis,Ventas,45.0,36.0,0.8
2025-07-01,2025,Julio,Gran Patio,Cita efectiva,34.0,7.0,0.21
2025-07-01,2025,Julio,Gran Patio,Cita programada,40.0,10.0,0.25
2025-07-01,2025,Julio,Gran Patio,Formalizado,5.0,2.0,0.4
2025-07-01,2025,Julio,Gran Patio,Leads efectivos,100.0,86.0,0.86
2025-07-01,2025,Julio,Gran Patio,Leads generados,160.0,141.0,0.88
2025-07-01,2025,Julio,Gran Patio,Prueba de manejo,20.0,2.0,0.1
2025-07-01,2025,Julio,Gran Patio,Solicitud de crédito aprobada,10.0,4.0,0.4
2025-07-01,2025,Julio,Gran Patio,Solicitud de crédito generada,17.0,9.0,0.53
2025-07-01,2025,Julio,Gran Patio,Ventas,6.0,4.0,0.67
2025-07-01,2025,Julio,Otros,Cita efectiva,6.0,14.0,1.1
2025-07-01,2025,Julio,Otros,Cita programada,6.0,14.0,1.1
2025-07-01,2025,Julio,Otros,Formalizado,2.0,1.0,1.1
2025-07-01,2025,Julio,Otros,Leads efectivos,20.0,20.0,1.1
2025-07-01,2025,Julio,Otros,Leads generados,20.0,34.0,1.1
2025-07-01,2025,Julio,Otros,Prueba de manejo,6.0,6.0,1.1
2025-07-01,2025,Julio,Otros,Solicitud de crédito aprobada,2.0,5.0,1.1
2025-07-01,2025,Julio,Otros,Solicitud de crédito generada,6.0,17.0,1.1
2025-07-01,2025,Julio,Otros,Ventas,0.0,5.0,0.0
2025-07-01,2025,Julio,Piso,Cita efectiva,80.0,63.0,0.79
2025-07-01,2025,Julio,Piso,Cita programada,80.0,63.0,0.79
2025-07-01,2025,Julio,Piso,Formalizado,14.0,2.0,0.14
2025-07-01,2025,Julio,Piso,Leads efectivos,80.0,63.0,0.79
2025-07-01,2025,Julio,Piso,Leads generados,80.0,63.0,0.79
2025-07-01,2025,Julio,Piso,Prueba de manejo,48.0,38.0,0.79
2025-07-01,2025,Julio,Piso,Solicitud de crédito aprobada,17.0,5.0,0.29
2025-07-01,2025,Julio,Piso,Solicitud de crédito generada,35.0,14.0,0.4
2025-07-01,2025,Julio,Piso,Ventas,15.0,7.0,0.47
2025-07-01,2025,Julio,Plaza Ange,Cita efectiva,40.0,44.0,1.1
2025-07-01,2025,Julio,Plaza Ange,Cita programada,95.0,53.0,0.56
2025-07-01,2025,Julio,Plaza Ange,Formalizado,9.0,8.0,0.89
2025-07-01,2025,Julio,Plaza Ange,Leads efectivos,220.0,278.0,1.1
2025-07-01,2025,Julio,Plaza Ange,Leads generados,280.0,351.0,1.1
2025-07-01,2025,Julio,Plaza Ange,Prueba de manejo,28.0,35.0,1.1
2025-07-01,2025,Julio,Plaza Ange,Solicitud de crédito aprobada,13.0,13.0,1.0
2025-07-01,2025,Julio,Plaza Ange,Solicitud de crédito generada,25.0,27.0,1.08
2025-07-01,2025,Julio,Plaza Ange,Ventas,10.0,10.0,1.0
2025-08-01,2025,Agosto,Custom,Cita efectiva,20.0,7.0,0.35
2025-08-01,2025,Agosto,Custom,Cita programada,20.0,9.0,0.45
2025-08-01,2025,Agosto,Custom,Formalizado,1.0,0.0,0.0
2025-08-01,2025,Agosto,Custom,Leads efectivos,20.0,7.0,0.35
2025-08-01,2025,Agosto,Custom,Leads generados,20.0,7.0,0.35
2025-08-01,2025,Agosto,Custom,Prueba de manejo,12.0,1.0,0.08
2025-08-01,2025,Agosto,Custom,Solicitud de crédito aprobada,5.0,0.0,0.0
2025-08-01,2025,Agosto,Custom,Solicitud de crédito generada,8.0,0.0,0.0
2025-08-01,2025,Agosto,Custom,Ventas,1.0,0.0,0.0
2025-08-01,2025,Agosto,Digital,Cita efectiva,60.0,51.0,0.85
2025-08-01,2025,Agosto,Digital,Cita programada,100.0,135.0,1.35
2025-08-01,2025,Agosto,Digital,Formalizado,11.0,4.0,0.36
2025-08-01,2025,Agosto,Digital,Leads efectivos,410.0,239.0,0.58
2025-08-01,2025,Agosto,Digital,Leads generados,500.0,83.06,1.65
2025-08-01,2025,Agosto,Digital,Prueba de manejo,36.0,31.0,0.86
2025-08-01,2025,Agosto,Digital,Solicitud de crédito aprobada,15.0,8.0,0.53
2025-08-01,2025,Agosto,Digital,Solicitud de crédito generada,28.0,29.0,1.04
2025-08-01,2025,Agosto,Digital,Ventas,13.0,9.0,0.69
2025-08-01,2025,Agosto,Estrategia de Prospeccion,Cita efectiva,14.0,12.0,0.86
2025-08-01,2025,Agosto,Estrategia de Prospeccion,Cita programada,23.0,12.0,0.52
2025-08-01,2025,Agosto,Estrategia de Prospeccion,Formalizado,2.0,0.0,0.0
2025-08-01,2025,Agosto,Estrategia de Prospeccion,Leads efectivos,38.0,25.0,0.66
2025-08-01,2025,Agosto,Estrategia de Prospeccion,Leads generados,50.0,47.0,0.94
2025-08-01,2025,Agosto,Estrategia de Prospeccion,Prueba de manejo,9.0,11.0,1.22
2025-08-01,2025,Agosto,Estrategia de Prospeccion,Solicitud de crédito aprobada,6.0,0.0,0.0
2025-08-01,2025,Agosto,Estrategia de Prospeccion,Solicitud de crédito generada,8.0,1.0,0.13
2025-08-01,2025,Agosto,Estrategia de Prospeccion,Ventas,2.0,1.0,0.5
2025-08-01,2025,Agosto,GAC Angelopolis,Cita efectiva,206.0,194.0,0.94
2025-08-01,2025,Agosto,GAC Angelopolis,Cita programada,230.0,300.0,1.3
2025-08-01,2025,Agosto,GAC Angelopolis,Formalizado,38.0,13.0,0.34
2025-08-01,2025,Agosto,GAC Angelopolis,Leads efectivos,86.57,624.0,0.83
2025-08-01,2025,Agosto,GAC Angelopolis,Leads generados,86.57,83.06,1.35
2025-08-01,2025,Agosto,GAC Angelopolis,Prueba de manejo,126.0,123.0,0.98
2025-08-01,2025,Agosto,GAC Angelopolis,Solicitud de crédito aprobada,51.0,27.0,0.53
2025-08-01,2025,Agosto,GAC Angelopolis,Solicitud de crédito generada,115.0,99.0,0.86
2025-08-01,2025,Agosto,GAC Angelopolis,Ventas,45.0,27.0,0.6
2025-08-01,2025,Agosto,Galerias Tlaxcala,Cita efectiva,34.0,9.0,0.26
2025-08-01,2025,Agosto,Galerias Tlaxcala,Cita programada,40.0,13.0,0.33
2025-08-01,2025,Agosto,Galerias Tlaxcala,Formalizado,5.0,0.0,0.0
2025-08-01,2025,Agosto,Galerias Tlaxcala,Leads efectivos,100.0,62.0,0.62
2025-08-01,2025,Agosto,Galerias Tlaxcala,Leads generados,160.0,102.0,0.64
2025-08-01,2025,Agosto,Galerias Tlaxcala,Prueba de manejo,20.0,8.0,0.4
2025-08-01,2025,Agosto,Galerias Tlaxcala,Solicitud de crédito aprobada,10.0,3.0,0.3
2025-08-01,2025,Agosto,Galerias Tlaxcala,Solicitud de crédito generada,17.0,6.0,0.35
2025-08-01,2025,Agosto,Galerias Tlaxcala,Ventas,6.0,1.0,0.17
2025-08-01,2025,Agosto,Otros,Cita efectiva,10.0,8.0,0.8
2025-08-01,2025,Agosto,Otros,Cita programada,15.0,10.0,0.67
2025-08-01,2025,Agosto,Otros,Formalizado,2.0,2.0,1.0
2025-08-01,2025,Agosto,Otros,Leads efectivos,75.0,37.0,0.49
2025-08-01,2025,Agosto,Otros,Leads generados,80.0,70.0,0.88
2025-08-01,2025,Agosto,Otros,Prueba de manejo,8.0,5.0,0.63
2025-08-01,2025,Agosto,Otros,Solicitud de crédito aprobada,5.0,4.0,0.8
2025-08-01,2025,Agosto,Otros,Solicitud de crédito generada,7.0,22.0,0.72
2025-08-01,2025,Agosto,Otros,Ventas,4.0,4.0,1.0
2025-08-01,2025,Agosto,Piso,Cita efectiva,80.0,71.0,0.89
2025-08-01,2025,Agosto,Piso,Cita programada,80.0,71.0,0.89
2025-08-01,2025,Agosto,Piso,Formalizado,14.0,4.0,0.29
2025-08-01,2025,Agosto,Piso,Leads efectivos,80.0,71.0,0.89
2025-08-01,2025,Agosto,Piso,Leads generados,80.0,71.0,0.89
2025-08-01,2025,Agosto,Piso,Prueba de manejo,48.0,44.0,0.92
2025-08-01,2025,Agosto,Piso,Solicitud de crédito aprobada,17.0,5.0,0.29
2025-08-01,2025,Agosto,Piso,Solicitud de crédito generada,35.0,22.0,0.63
2025-08-01,2025,Agosto,Piso,Ventas,15.0,7.0,0.47
2025-08-01,2025,Agosto,Plaza Ange,Cita efectiva,40.0,36.0,0.9
2025-08-01,2025,Agosto,Plaza Ange,Cita programada,95.0,50.0,0.53
2025-08-01,2025,Agosto,Plaza Ange,Formalizado,9.0,3.0,0.33
2025-08-01,2025,Agosto,Plaza Ange,Leads efectivos,220.0,183.0,0.83
2025-08-01,2025,Agosto,Plaza Ange,Leads generados,280.0,295.0,1.05
2025-08-01,2025,Agosto,Plaza Ange,Prueba de manejo,28.0,23.0,0.82
2025-08-01,2025,Agosto,Plaza Ange,Solicitud de crédito aprobada,13.0,7.0,0.54
2025-08-01,2025,Agosto,Plaza Ange,Solicitud de crédito generada,25.0,19.0,0.76
2025-08-01,2025,Agosto,Plaza Ange,Ventas,10.0,5.0,0.5
2025-09-01,2025,Septiembre,Digital,Cita efectiva,60.0,73.0,1.22
2025-09-01,2025,Septiembre,Digital,Cita programada,100.0,125.0,1.25
2025-09-01,2025,Septiembre,Digital,Formalizado,11.0,6.0,0.55
2025-09-01,2025,Septiembre,Digital,Leads efectivos,410.0,344.0,0.84
2025-09-01,2025,Septiembre,Digital,Leads generados,500.0,676.0,1.35
2025-09-01,2025,Septiembre,Digital,Prueba de manejo,36.0,31.0,0.86
2025-09-01,2025,Septiembre,Digital,Solicitud de crédito aprobada,15.0,12.0,0.8
2025-09-01,2025,Septiembre,Digital,Solicitud de crédito generada,28.0,36.0,1.29
2025-09-01,2025,Septiembre,Digital,Ventas,13.0,15.0,1.15
2025-09-01,2025,Septiembre,Estrategia de Prospeccion,Cita efectiva,14.0,3.0,0.21
2025-09-01,2025,Septiembre,Estrategia de Prospeccion,Cita programada,23.0,3.0,0.13
2025-09-01,2025,Septiembre,Estrategia de Prospeccion,Formalizado,2.0,0.0,0.0
2025-09-01,2025,Septiembre,Estrategia de Prospeccion,Leads efectivos,38.0,14.0,0.37
2025-09-01,2025,Septiembre,Estrategia de Prospeccion,Leads generados,50.0,18.0,0.36
2025-09-01,2025,Septiembre,Estrategia de Prospeccion,Prueba de manejo,9.0,3.0,0.33
2025-09-01,2025,Septiembre,Estrategia de Prospeccion,Solicitud de crédito aprobada,6.0,0.0,0.0
2025-09-01,2025,Septiembre,Estrategia de Prospeccion,Solicitud de crédito generada,8.0,2.0,0.25
2025-09-01,2025,Septiembre,Estrategia de Prospeccion,Ventas,2.0,0.0,0.0
2025-09-01,2025,Septiembre,GAC Angelopolis,Cita efectiva,206.0,212.0,1.03
2025-09-01,2025,Septiembre,GAC Angelopolis,Cita programada,230.0,273.0,1.19
2025-09-01,2025,Septiembre,GAC Angelopolis,Formalizado,38.0,25.0,0.66
2025-09-01,2025,Septiembre,GAC Angelopolis,Leads efectivos,86.57,660.0,0.88
2025-09-01,2025,Septiembre,GAC Angelopolis,Leads generados,86.57,83.06,1.05
2025-09-01,2025,Septiembre,GAC Angelopolis,Prueba de manejo,126.0,116.0,0.92
2025-09-01,2025,Septiembre,GAC Angelopolis,Solicitud de crédito aprobada,51.0,43.0,0.84
2025-09-01,2025,Septiembre,GAC Angelopolis,Solicitud de crédito generada,115.0,127.0,1.1
2025-09-01,2025,Septiembre,GAC Angelopolis,Ventas,45.0,38.0,0.84
2025-09-01,2025,Septiembre,Galerias Tlaxcala,Cita efectiva,34.0,9.0,0.26
2025-09-01,2025,Septiembre,Galerias Tlaxcala,Cita programada,40.0,10.0,0.25
2025-09-01,2025,Septiembre,Galerias Tlaxcala,Formalizado,5.0,3.0,0.6
2025-09-01,2025,Septiembre,Galerias Tlaxcala,Leads efectivos,100.0,37.0,0.37
2025-09-01,2025,Septiembre,Galerias Tlaxcala,Leads generados,160.0,67.0,0.42
2025-09-01,2025,Septiembre,Galerias Tlaxcala,Prueba de manejo,20.0,9.0,0.45
2025-09-01,2025,Septiembre,Galerias Tlaxcala,Solicitud de crédito aprobada,10.0,4.0,0.4
2025-09-01,2025,Septiembre,Galerias Tlaxcala,Solicitud de crédito generada,17.0,9.0,0.53
2025-09-01,2025,Septiembre,Galerias Tlaxcala,Ventas,6.0,3.0,0.5
2025-09-01,2025,Septiembre,Otros / Custom,Cita efectiva,26.0,12.0,0.46
2025-09-01,2025,Septiembre,Otros / Custom,Cita programada,26.0,13.0,0.5
2025-09-01,2025,Septiembre,Otros / Custom,Formalizado,3.0,7.0,0.72
2025-09-01,2025,Septiembre,Otros / Custom,Leads efectivos,40.0,27.0,0.68
2025-09-01,2025,Septiembre,Otros / Custom,Leads generados,40.0,36.0,0.9
2025-09-01,2025,Septiembre,Otros / Custom,Prueba de manejo,18.0,8.0,0.44
2025-09-01,2025,Septiembre,Otros / Custom,Solicitud de crédito aprobada,7.0,8.0,1.14
2025-09-01,2025,Septiembre,Otros / Custom,Solicitud de crédito generada,14.0,24.0,1.71
2025-09-01,2025,Septiembre,Otros / Custom,Ventas,1.0,1.0,1.0
2025-09-01,2025,Septiembre,Piso,Cita efectiva,80.0,58.0,0.73
2025-09-01,2025,Septiembre,Piso,Cita programada,80.0,58.0,0.73
2025-09-01,2025,Septiembre,Piso,Formalizado,14.0,4.0,0.29
2025-09-01,2025,Septiembre,Piso,Leads efectivos,80.0,58.0,0.73
2025-09-01,2025,Septiembre,Piso,Leads generados,80.0,58.0,0.73
2025-09-01,2025,Septiembre,Piso,Prueba de manejo,48.0,31.0,0.65
2025-09-01,2025,Septiembre,Piso,Solicitud de crédito aprobada,17.0,6.0,0.35
2025-09-01,2025,Septiembre,Piso,Solicitud de crédito generada,35.0,21.0,0.6
2025-09-01,2025,Septiembre,Piso,Ventas,15.0,7.0,0.47
2025-09-01,2025,Septiembre,Plaza Ange,Cita efectiva,40.0,45.0,1.13
2025-09-01,2025,Septiembre,Plaza Ange,Cita programada,95.0,64.0,0.67
2025-09-01,2025,Septiembre,Plaza Ange,Formalizado,9.0,5.0,0.56
2025-09-01,2025,Septiembre,Plaza Ange,Leads efectivos,220.0,180.0,0.82
2025-09-01,2025,Septiembre,Plaza Ange,Leads generados,280.0,245.0,0.88
2025-09-01,2025,Septiembre,Plaza Ange,Prueba de manejo,28.0,32.0,1.14
2025-09-01,2025,Septiembre,Plaza Ange,Solicitud de crédito aprobada,13.0,13.0,1.0
2025-09-01,2025,Septiembre,Plaza Ange,Solicitud de crédito generada,25.0,35.0,1.4
2025-09-01,2025,Septiembre,Plaza Ange,Ventas,10.0,12.0,1.2
2025-10-01,2025,Octubre,Digital,Cita efectiva,60.0,60.0,1.0
2025-10-01,2025,Octubre,Digital,Cita programada,100.0,110.0,1.1
2025-10-01,2025,Octubre,Digital,Formalizado,11.0,6.0,0.55
2025-10-01,2025,Octubre,Digital,Leads efectivos,410.0,329.0,0.8
2025-10-01,2025,Octubre,Digital,Leads generados,500.0,688.0,1.38
2025-10-01,2025,Octubre,Digital,Prueba de manejo,36.0,32.0,0.89
2025-10-01,2025,Octubre,Digital,Solicitud de crédito aprobada,15.0,14.0,0.93
2025-10-01,2025,Octubre,Digital,Solicitud de crédito generada,28.0,50.0,1.79
2025-10-01,2025,Octubre,Digital,Ventas,13.0,10.0,0.77
2025-10-01,2025,Octubre,Estrategia de Prospeccion,Cita efectiva,14.0,7.0,0.5
2025-10-01,2025,Octubre,Estrategia de Prospeccion,Cita programada,23.0,8.0,0.35
2025-10-01,2025,Octubre,Estrategia de Prospeccion,Formalizado,2.0,0.0,0.0
2025-10-01,2025,Octubre,Estrategia de Prospeccion,Leads efectivos,38.0,34.0,0.89
2025-10-01,2025,Octubre,Estrategia de Prospeccion,Leads generados,50.0,44.0,0.88
2025-10-01,2025,Octubre,Estrategia de Prospeccion,Prueba de manejo,9.0,9.0,1.0
2025-10-01,2025,Octubre,Estrategia de Prospeccion,Solicitud de crédito aprobada,6.0,1.0,0.17
2025-10-01,2025,Octubre,Estrategia de Prospeccion,Solicitud de crédito generada,8.0,3.0,0.38
2025-10-01,2025,Octubre,Estrategia de Prospeccion,Ventas,2.0,0.0,0.0
2025-10-01,2025,Octubre,GAC Angelopolis,Cita efectiva,206.0,220.0,1.07
2025-10-01,2025,Octubre,GAC Angelopolis,Cita programada,230.0,304.0,1.32
2025-10-01,2025,Octubre,GAC Angelopolis,Formalizado,38.0,25.0,0.66
2025-10-01,2025,Octubre,GAC Angelopolis,Leads efectivos,86.57,83.06,0.93
2025-10-01,2025,Octubre,GAC Angelopolis,Leads generados,86.57,83.06,1.14
2025-10-01,2025,Octubre,GAC Angelopolis,Prueba de manejo,126.0,154.0,1.22
2025-10-01,2025,Octubre,GAC Angelopolis,Solicitud de crédito aprobada,51.0,51.0,1.0
2025-10-01,2025,Octubre,GAC Angelopolis,Solicitud de crédito generada,115.0,136.0,1.18
2025-10-01,2025,Octubre,GAC Angelopolis,Ventas,45.0,40.0,0.89
2025-10-01,2025,Octubre,Galerias Tlaxcala,Cita efectiva,25.0,8.0,0.32
2025-10-01,2025,Octubre,Galerias Tlaxcala,Cita programada,35.0,27.0,0.77
2025-10-01,2025,Octubre,Galerias Tlaxcala,Formalizado,4.0,1.0,0.25
2025-10-01,2025,Octubre,Galerias Tlaxcala,Leads efectivos,85.0,39.0,0.46
2025-10-01,2025,Octubre,Galerias Tlaxcala,Leads generados,100.0,56.0,0.56
2025-10-01,2025,Octubre,Galerias Tlaxcala,Prueba de manejo,20.0,10.0,0.5
2025-10-01,2025,Octubre,Galerias Tlaxcala,Solicitud de crédito aprobada,10.0,2.0,0.2
2025-10-01,2025,Octubre,Galerias Tlaxcala,Solicitud de crédito generada,17.0,8.0,0.47
2025-10-01,2025,Octubre,Galerias Tlaxcala,Ventas,6.0,2.0,0.33
2025-10-01,2025,Octubre,Otros / Cartera / Casa,Cita efectiva,26.0,33.0,1.27
2025-10-01,2025,Octubre,Otros / Cartera / Casa,Cita programada,26.0,37.0,1.42
2025-10-01,2025,Octubre,Otros / Cartera / Casa,Formalizado,3.0,6.0,2.0
2025-10-01,2025,Octubre,Otros / Cartera / Casa,Leads efectivos,40.0,34.0,0.85
2025-10-01,2025,Octubre,Otros / Cartera / Casa,Leads generados,40.0,64.0,1.6
2025-10-01,2025,Octubre,Otros / Cartera / Casa,Prueba de manejo,18.0,15.0,0.83
2025-10-01,2025,Octubre,Otros / Cartera / Casa,Solicitud de crédito aprobada,7.0,8.0,1.14
2025-10-01,2025,Octubre,Otros / Cartera / Casa,Solicitud de crédito generada,14.0,21.0,1.5
2025-10-01,2025,Octubre,Otros / Cartera / Casa,Ventas,1.0,7.0,0.72
2025-10-01,2025,Octubre,Piso,Cita efectiva,80.0,72.0,0.9
2025-10-01,2025,Octubre,Piso,Cita programada,80.0,72.0,0.9
2025-10-01,2025,Octubre,Piso,Formalizado,14.0,6.0,0.43
2025-10-01,2025,Octubre,Piso,Leads efectivos,80.0,72.0,0.9
2025-10-01,2025,Octubre,Piso,Leads generados,80.0,72.0,0.9
2025-10-01,2025,Octubre,Piso,Prueba de manejo,48.0,48.0,1.0
2025-10-01,2025,Octubre,Piso,Solicitud de crédito aprobada,17.0,14.0,0.82
2025-10-01,2025,Octubre,Piso,Solicitud de crédito generada,35.0,24.0,0.69
2025-10-01,2025,Octubre,Piso,Ventas,13.0,11.0,0.85
2025-10-01,2025,Octubre,Plaza Ange,Cita efectiva,40.0,40.0,1.0
2025-10-01,2025,Octubre,Plaza Ange,Cita programada,95.0,50.0,0.53
2025-10-01,2025,Octubre,Plaza Ange,Formalizado,9.0,6.0,0.67
2025-10-01,2025,Octubre,Plaza Ange,Leads efectivos,220.0,187.0,0.85
2025-10-01,2025,Octubre,Plaza Ange,Leads generados,280.0,268.0,0.96
2025-10-01,2025,Octubre,Plaza Ange,Prueba de manejo,28.0,33.0,1.18
2025-10-01,2025,Octubre,Plaza Ange,Solicitud de crédito aprobada,13.0,12.0,0.92
2025-10-01,2025,Octubre,Plaza Ange,Solicitud de crédito generada,25.0,30.0,1.2
2025-10-01,2025,Octubre,Plaza Ange,Ventas,12.0,10.0,0.83
2025-11-01,2025,Noviembre,Digital,Cita efectiva,60.0,55.0,0.92
2025-11-01,2025,Noviembre,Digital,Cita programada,100.0,97.0,0.97
2025-11-01,2025,Noviembre,Digital,Formalizado,11.0,6.0,0.55
2025-11-01,2025,Noviembre,Digital,Leads efectivos,410.0,342.0,0.83
2025-11-01,2025,Noviembre,Digital,Leads generados,600.0,554.0,0.92
2025-11-01,2025,Noviembre,Digital,Prueba de manejo,36.0,22.0,0.61
2025-11-01,2025,Noviembre,Digital,Solicitud de crédito aprobada,15.0,10.0,0.67
2025-11-01,2025,Noviembre,Digital,Solicitud de crédito generada,28.0,42.0,1.1
2025-11-01,2025,Noviembre,Digital,Ventas,13.0,14.0,1.08
2025-11-01,2025,Noviembre,Estrategia de Prospeccion,Cita efectiva,14.0,1.0,0.07
2025-11-01,2025,Noviembre,Estrategia de Prospeccion,Cita programada,23.0,2.0,0.09
2025-11-01,2025,Noviembre,Estrategia de Prospeccion,Formalizado,2.0,0.0,0.0
2025-11-01,2025,Noviembre,Estrategia de Prospeccion,Leads efectivos,38.0,18.0,0.47
2025-11-01,2025,Noviembre,Estrategia de Prospeccion,Leads generados,50.0,23.0,0.46
2025-11-01,2025,Noviembre,Estrategia de Prospeccion,Prueba de manejo,9.0,0.0,0.0
2025-11-01,2025,Noviembre,Estrategia de Prospeccion,Solicitud de crédito aprobada,6.0,1.0,0.17
2025-11-01,2025,Noviembre,Estrategia de Prospeccion,Solicitud de crédito generada,8.0,1.0,0.13
2025-11-01,2025,Noviembre,Estrategia de Prospeccion,Ventas,2.0,0.0,0.0
2025-11-01,2025,Noviembre,GAC Angelopolis,Cita efectiva,215.0,225.0,1.05
2025-11-01,2025,Noviembre,GAC Angelopolis,Cita programada,240.0,329.0,1.1
2025-11-01,2025,Noviembre,GAC Angelopolis,Formalizado,38.0,24.0,0.63
2025-11-01,2025,Noviembre,GAC Angelopolis,Leads efectivos,86.57,83.06,0.97
2025-11-01,2025,Noviembre,GAC Angelopolis,Leads generados,86.57,83.06,0.96
2025-11-01,2025,Noviembre,GAC Angelopolis,Prueba de manejo,130.0,116.0,0.89
2025-11-01,2025,Noviembre,GAC Angelopolis,Solicitud de crédito aprobada,58.0,49.0,0.84
2025-11-01,2025,Noviembre,GAC Angelopolis,Solicitud de crédito generada,125.0,119.0,0.95
2025-11-01,2025,Noviembre,GAC Angelopolis,Ventas,45.0,43.0,0.96
2025-11-01,2025,Noviembre,Galerias Tlaxcala,Cita efectiva,25.0,3.0,0.12
2025-11-01,2025,Noviembre,Galerias Tlaxcala,Cita programada,35.0,7.0,0.2
2025-11-01,2025,Noviembre,Galerias Tlaxcala,Formalizado,4.0,0.0,0.0
2025-11-01,2025,Noviembre,Galerias Tlaxcala,Leads efectivos,85.0,39.0,0.46
2025-11-01,2025,Noviembre,Galerias Tlaxcala,Leads generados,100.0,64.0,0.64
2025-11-01,2025,Noviembre,Galerias Tlaxcala,Prueba de manejo,20.0,4.0,0.2
2025-11-01,2025,Noviembre,Galerias Tlaxcala,Solicitud de crédito aprobada,10.0,3.0,0.3
2025-11-01,2025,Noviembre,Galerias Tlaxcala,Solicitud de crédito generada,17.0,5.0,0.29
2025-11-01,2025,Noviembre,Galerias Tlaxcala,Ventas,6.0,1.0,0.17
2025-11-01,2025,Noviembre,Otros / Cartera / Casa,Cita efectiva,26.0,42.0,1.62
2025-11-01,2025,Noviembre,Otros / Cartera / Casa,Cita programada,26.0,75.0,0.72
2025-11-01,2025,Noviembre,Otros / Cartera / Casa,Formalizado,3.0,5.0,1.67
2025-11-01,2025,Noviembre,Otros / Cartera / Casa,Leads efectivos,40.0,94.0,0.72
2025-11-01,2025,Noviembre,Otros / Cartera / Casa,Leads generados,40.0,129.0,0.72
2025-11-01,2025,Noviembre,Otros / Cartera / Casa,Prueba de manejo,18.0,12.0,0.67
2025-11-01,2025,Noviembre,Otros / Cartera / Casa,Solicitud de crédito aprobada,8.0,13.0,1.63
2025-11-01,2025,Noviembre,Otros / Cartera / Casa,Solicitud de crédito generada,14.0,21.0,1.5
2025-11-01,2025,Noviembre,Otros / Cartera / Casa,Ventas,7.0,8.0,1.14
2025-11-01,2025,Noviembre,Piso,Cita efectiva,85.0,81.0,0.95
2025-11-01,2025,Noviembre,Piso,Cita programada,85.0,81.0,0.95
2025-11-01,2025,Noviembre,Piso,Formalizado,11.0,8.0,0.73
2025-11-01,2025,Noviembre,Piso,Leads efectivos,85.0,81.0,0.95
2025-11-01,2025,Noviembre,Piso,Leads generados,85.0,81.0,0.95
2025-11-01,2025,Noviembre,Piso,Prueba de manejo,48.0,43.0,0.9
2025-11-01,2025,Noviembre,Piso,Solicitud de crédito aprobada,17.0,13.0,0.76
2025-11-01,2025,Noviembre,Piso,Solicitud de crédito generada,35.0,21.0,0.6
2025-11-01,2025,Noviembre,Piso,Ventas,13.0,9.0,0.69
2025-11-01,2025,Noviembre,Plaza Ange,Cita efectiva,45.0,29.0,0.64
2025-11-01,2025,Noviembre,Plaza Ange,Cita programada,95.0,53.0,0.56
2025-11-01,2025,Noviembre,Plaza Ange,Formalizado,9.0,5.0,0.56
2025-11-01,2025,Noviembre,Plaza Ange,Leads efectivos,220.0,170.0,0.77
2025-11-01,2025,Noviembre,Plaza Ange,Leads generados,280.0,210.0,0.75
2025-11-01,2025,Noviembre,Plaza Ange,Prueba de manejo,33.0,29.0,0.88
2025-11-01,2025,Noviembre,Plaza Ange,Solicitud de crédito aprobada,16.0,9.0,0.56
2025-11-01,2025,Noviembre,Plaza Ange,Solicitud de crédito generada,28.0,28.0,1.0
2025-11-01,2025,Noviembre,Plaza Ange,Ventas,12.0,10.0,0.83
2025-12-01,2025,Diciembre,Digital,Cita efectiva,60.0,51.0,0.85
2025-12-01,2025,Diciembre,Digital,Cita programada,100.0,90.0,0.9
2025-12-01,2025,Diciembre,Digital,Formalizado,11.0,4.0,0.36
2025-12-01,2025,Diciembre,Digital,Leads efectivos,410.0,576.0,1.1
2025-12-01,2025,Diciembre,Digital,Leads generados,600.0,83.06,1.1
2025-12-01,2025,Diciembre,Digital,Prueba de manejo,36.0,23.0,0.64
2025-12-01,2025,Diciembre,Digital,Solicitud de crédito aprobada,15.0,7.0,0.47
2025-12-01,2025,Diciembre,Digital,Solicitud de crédito generada,28.0,39.0,1.1
2025-12-01,2025,Diciembre,Digital,Ventas,13.0,8.0,0.62
2025-12-01,2025,Diciembre,GAC Angelopolis,Cita efectiva,215.0,235.0,1.09
2025-12-01,2025,Diciembre,GAC Angelopolis,Cita programada,280.0,290.0,1.04
2025-12-01,2025,Diciembre,GAC Angelopolis,Formalizado,41.0,14.0,0.34
2025-12-01,2025,Diciembre,GAC Angelopolis,Leads efectivos,86.57,83.06,1.1
2025-12-01,2025,Diciembre,GAC Angelopolis,Leads generados,86.57,83.06,1.1
2025-12-01,2025,Diciembre,GAC Angelopolis,Prueba de manejo,130.0,130.0,1.0
2025-12-01,2025,Diciembre,GAC Angelopolis,Solicitud de crédito aprobada,60.0,31.0,0.52
2025-12-01,2025,Diciembre,GAC Angelopolis,Solicitud de crédito generada,125.0,111.0,0.89
2025-12-01,2025,Diciembre,GAC Angelopolis,Ventas,50.0,34.0,0.68
2025-12-01,2025,Diciembre,Galerias Tlaxcala,Cita efectiva,25.0,10.0,0.4
2025-12-01,2025,Diciembre,Galerias Tlaxcala,Cita programada,35.0,10.0,0.29
2025-12-01,2025,Diciembre,Galerias Tlaxcala,Formalizado,4.0,0.0,0.0
2025-12-01,2025,Diciembre,Galerias Tlaxcala,Leads efectivos,85.0,69.0,0.81
2025-12-01,2025,Diciembre,Galerias Tlaxcala,Leads generados,100.0,73.0,0.73
2025-12-01,2025,Diciembre,Galerias Tlaxcala,Prueba de manejo,20.0,5.0,0.25
2025-12-01,2025,Diciembre,Galerias Tlaxcala,Solicitud de crédito aprobada,10.0,2.0,0.2
2025-12-01,2025,Diciembre,Galerias Tlaxcala,Solicitud de crédito generada,17.0,6.0,0.35
2025-12-01,2025,Diciembre,Galerias Tlaxcala,Ventas,6.0,1.0,0.17
2025-12-01,2025,Diciembre,Otros / Cartera / Casa,Cita efectiva,67.0,67.0,1.0
2025-12-01,2025,Diciembre,Otros / Cartera / Casa,Cita programada,86.0,78.0,0.91
2025-12-01,2025,Diciembre,Otros / Cartera / Casa,Formalizado,7.0,3.0,0.43
2025-12-01,2025,Diciembre,Otros / Cartera / Casa,Leads efectivos,118.0,198.0,1.1
2025-12-01,2025,Diciembre,Otros / Cartera / Casa,Leads generados,135.0,225.0,1.1
2025-12-01,2025,Diciembre,Otros / Cartera / Casa,Prueba de manejo,52.0,67.0,1.1
2025-12-01,2025,Diciembre,Otros / Cartera / Casa,Solicitud de crédito aprobada,26.0,5.0,0.19
2025-12-01,2025,Diciembre,Otros / Cartera / Casa,Solicitud de crédito generada,38.0,11.0,0.29
2025-12-01,2025,Diciembre,Otros / Cartera / Casa,Ventas,9.0,8.0,0.89
2025-12-01,2025,Diciembre,Piso,Cita efectiva,85.0,76.0,0.89
2025-12-01,2025,Diciembre,Piso,Cita programada,85.0,76.0,0.89
2025-12-01,2025,Diciembre,Piso,Formalizado,14.0,5.0,0.36
2025-12-01,2025,Diciembre,Piso,Leads efectivos,85.0,76.0,0.89
2025-12-01,2025,Diciembre,Piso,Leads generados,85.0,76.0,0.89
2025-12-01,2025,Diciembre,Piso,Prueba de manejo,48.0,22.0,0.46
2025-12-01,2025,Diciembre,Piso,Solicitud de crédito aprobada,17.0,9.0,0.53
2025-12-01,2025,Diciembre,Piso,Solicitud de crédito generada,35.0,27.0,0.77
2025-12-01,2025,Diciembre,Piso,Ventas,13.0,9.0,0.69
2025-12-01,2025,Diciembre,Plaza Ange,Cita efectiva,45.0,31.0,0.69
2025-12-01,2025,Diciembre,Plaza Ange,Cita programada,95.0,36.0,0.38
2025-12-01,2025,Diciembre,Plaza Ange,Formalizado,9.0,2.0,0.22
2025-12-01,2025,Diciembre,Plaza Ange,Leads efectivos,220.0,218.0,0.99
2025-12-01,2025,Diciembre,Plaza Ange,Leads generados,280.0,252.0,0.9
2025-12-01,2025,Diciembre,Plaza Ange,Prueba de manejo,33.0,13.0,0.39
2025-12-01,2025,Diciembre,Plaza Ange,Solicitud de crédito aprobada,16.0,8.0,0.5
2025-12-01,2025,Diciembre,Plaza Ange,Solicitud de crédito generada,28.0,28.0,1.0
2025-12-01,2025,Diciembre,Plaza Ange,Ventas,12.0,8.0,0.67
2026-01-01,2026,Enero,Digital,Cita efectiva,60.0,56.0,0.93
2026-01-01,2026,Enero,Digital,Cita programada,100.0,110.0,1.1
2026-01-01,2026,Enero,Digital,Formalizado,11.0,3.0,0.27
2026-01-01,2026,Enero,Digital,Leads efectivos,410.0,674.0,1.1
2026-01-01,2026,Enero,Digital,Leads generados,600.0,83.06,1.1
2026-01-01,2026,Enero,Digital,Prueba de manejo,36.0,22.0,0.61
2026-01-01,2026,Enero,Digital,Solicitud de crédito aprobada,15.0,6.0,0.4
2026-01-01,2026,Enero,Digital,Solicitud de crédito generada,28.0,23.0,0.82
2026-01-01,2026,Enero,Digital,Ventas,13.0,6.0,0.46
2026-01-01,2026,Enero,Estrategia de Prospeccion,Cita efectiva,22.0,3.0,0.14
2026-01-01,2026,Enero,Estrategia de Prospeccion,Cita programada,34.0,3.0,0.09
2026-01-01,2026,Enero,Estrategia de Prospeccion,Formalizado,2.0,3.0,1.1
2026-01-01,2026,Enero,Estrategia de Prospeccion,Leads efectivos,56.0,92.0,1.1
2026-01-01,2026,Enero,Estrategia de Prospeccion,Leads generados,115.0,93.0,0.81
2026-01-01,2026,Enero,Estrategia de Prospeccion,Prueba de manejo,15.0,29.0,1.1
2026-01-01,2026,Enero,Estrategia de Prospeccion,Solicitud de crédito aprobada,6.0,5.0,0.83
2026-01-01,2026,Enero,Estrategia de Prospeccion,Solicitud de crédito generada,9.0,14.0,1.1
2026-01-01,2026,Enero,Estrategia de Prospeccion,Ventas,2.0,4.0,1.1
2026-01-01,2026,Enero,GAC Angelopolis,Cita efectiva,215.0,215.0,1.0
2026-01-01,2026,Enero,GAC Angelopolis,Cita programada,280.0,274.0,0.98
2026-01-01,2026,Enero,GAC Angelopolis,Formalizado,38.0,21.0,0.55
2026-01-01,2026,Enero,GAC Angelopolis,Leads efectivos,86.57,83.06,1.1
2026-01-01,2026,Enero,GAC Angelopolis,Leads generados,86.57,83.06,1.1
2026-01-01,2026,Enero,GAC Angelopolis,Prueba de manejo,130.0,148.0,1.1
2026-01-01,2026,Enero,GAC Angelopolis,Solicitud de crédito aprobada,60.0,35.0,0.58
2026-01-01,2026,Enero,GAC Angelopolis,Solicitud de crédito generada,125.0,113.0,0.9
2026-01-01,2026,Enero,GAC Angelopolis,Ventas,45.0,38.0,0.84
2026-01-01,2026,Enero,Galerias Tlaxcala,Cita efectiva,25.0,9.0,0.36
2026-01-01,2026,Enero,Galerias Tlaxcala,Cita programada,35.0,9.0,0.26
2026-01-01,2026,Enero,Galerias Tlaxcala,Formalizado,4.0,2.0,0.5
2026-01-01,2026,Enero,Galerias Tlaxcala,Leads efectivos,85.0,65.0,0.76
2026-01-01,2026,Enero,Galerias Tlaxcala,Leads generados,100.0,76.0,0.76
2026-01-01,2026,Enero,Galerias Tlaxcala,Prueba de manejo,20.0,9.0,0.45
2026-01-01,2026,Enero,Galerias Tlaxcala,Solicitud de crédito aprobada,10.0,2.0,0.2
2026-01-01,2026,Enero,Galerias Tlaxcala,Solicitud de crédito generada,17.0,5.0,0.29
2026-01-01,2026,Enero,Galerias Tlaxcala,Ventas,6.0,2.0,0.33
2026-01-01,2026,Enero,Otros,Cita efectiva,67.0,32.0,0.48
2026-01-01,2026,Enero,Otros,Cita programada,86.0,33.0,0.38
2026-01-01,2026,Enero,Otros,Formalizado,7.0,6.0,0.86
2026-01-01,2026,Enero,Otros,Leads efectivos,118.0,88.0,0.75
2026-01-01,2026,Enero,Otros,Leads generados,135.0,93.0,0.69
2026-01-01,2026,Enero,Otros,Prueba de manejo,52.0,34.0,0.65
2026-01-01,2026,Enero,Otros,Solicitud de crédito aprobada,26.0,9.0,0.35
2026-01-01,2026,Enero,Otros,Solicitud de crédito generada,38.0,24.0,0.63
2026-01-01,2026,Enero,Otros,Ventas,9.0,17.0,1.1
2026-01-01,2026,Enero,Piso,Cita efectiva,85.0,105.0,1.1
2026-01-01,2026,Enero,Piso,Cita programada,85.0,105.0,1.1
2026-01-01,2026,Enero,Piso,Formalizado,12.0,4.0,0.33
2026-01-01,2026,Enero,Piso,Leads efectivos,85.0,105.0,1.1
2026-01-01,2026,Enero,Piso,Leads generados,85.0,105.0,1.1
2026-01-01,2026,Enero,Piso,Prueba de manejo,48.0,46.0,0.96
2026-01-01,2026,Enero,Piso,Solicitud de crédito aprobada,17.0,8.0,0.47
2026-01-01,2026,Enero,Piso,Solicitud de crédito generada,35.0,28.0,0.8
2026-01-01,2026,Enero,Piso,Ventas,13.0,6.0,0.46
2026-01-01,2026,Enero,Plaza Ange,Cita efectiva,45.0,10.0,0.22
2026-01-01,2026,Enero,Plaza Ange,Cita programada,95.0,14.0,0.15
2026-01-01,2026,Enero,Plaza Ange,Formalizado,10.0,3.0,0.3
2026-01-01,2026,Enero,Plaza Ange,Leads efectivos,220.0,193.0,0.88
2026-01-01,2026,Enero,Plaza Ange,Leads generados,280.0,210.0,0.75
2026-01-01,2026,Enero,Plaza Ange,Prueba de manejo,33.0,6.0,0.18
2026-01-01,2026,Enero,Plaza Ange,Solicitud de crédito aprobada,16.0,5.0,0.31
2026-01-01,2026,Enero,Plaza Ange,Solicitud de crédito generada,28.0,19.0,0.68
2026-01-01,2026,Enero,Plaza Ange,Ventas,12.0,3.0,0.25
2026-02-01,2026,Febrero,Digital,Cita efectiva,60.0,43.0,0.72
2026-02-01,2026,Febrero,Digital,Cita programada,94.0,85.0,0.9
2026-02-01,2026,Febrero,Digital,Formalizado,8.0,4.0,0.5
2026-02-01,2026,Febrero,Digital,Leads efectivos,385.0,457.0,1.1
2026-02-01,2026,Febrero,Digital,Leads generados,600.0,635.0,1.06
2026-02-01,2026,Febrero,Digital,Prueba de manejo,36.0,22.0,0.61
2026-02-01,2026,Febrero,Digital,Solicitud de crédito aprobada,15.0,9.0,0.6
2026-02-01,2026,Febrero,Digital,Solicitud de crédito generada,28.0,21.0,0.75
2026-02-01,2026,Febrero,Digital,Ventas,12.0,13.0,1.08
2026-02-01,2026,Febrero,Estrategia de Prospeccion,Cita efectiva,12.0,19.0,1.1
2026-02-01,2026,Febrero,Estrategia de Prospeccion,Cita programada,18.0,19.0,1.06
2026-02-01,2026,Febrero,Estrategia de Prospeccion,Formalizado,1.0,1.0,1.0
2026-02-01,2026,Febrero,Estrategia de Prospeccion,Leads efectivos,28.0,30.0,1.07
2026-02-01,2026,Febrero,Estrategia de Prospeccion,Leads generados,30.0,41.0,1.1
2026-02-01,2026,Febrero,Estrategia de Prospeccion,Prueba de manejo,10.0,8.0,0.8
2026-02-01,2026,Febrero,Estrategia de Prospeccion,Solicitud de crédito aprobada,3.0,1.0,0.33
2026-02-01,2026,Febrero,Estrategia de Prospeccion,Solicitud de crédito generada,5.0,2.0,0.4
2026-02-01,2026,Febrero,Estrategia de Prospeccion,Ventas,1.0,1.0,1.0
2026-02-01,2026,Febrero,GAC Angelopolis,Cita efectiva,215.0,337.0,1.1
2026-02-01,2026,Febrero,GAC Angelopolis,Cita programada,285.0,434.0,1.1
2026-02-01,2026,Febrero,GAC Angelopolis,Formalizado,28.0,17.0,0.61
2026-02-01,2026,Febrero,GAC Angelopolis,Leads efectivos,86.57,83.06,1.1
2026-02-01,2026,Febrero,GAC Angelopolis,Leads generados,86.57,83.06,1.01
2026-02-01,2026,Febrero,GAC Angelopolis,Prueba de manejo,105.0,109.0,0.84
2026-02-01,2026,Febrero,GAC Angelopolis,Solicitud de crédito aprobada,58.0,37.0,0.64
2026-02-01,2026,Febrero,GAC Angelopolis,Solicitud de crédito generada,101.0,83.0,0.66
2026-02-01,2026,Febrero,GAC Angelopolis,Ventas,40.0,31.0,0.78
2026-02-01,2026,Febrero,Galerias Tlaxcala,Cita efectiva,25.0,21.0,0.84
2026-02-01,2026,Febrero,Galerias Tlaxcala,Cita programada,32.0,21.0,0.66
2026-02-01,2026,Febrero,Galerias Tlaxcala,Formalizado,2.0,0.0,0.0
2026-02-01,2026,Febrero,Galerias Tlaxcala,Leads efectivos,85.0,58.0,0.68
2026-02-01,2026,Febrero,Galerias Tlaxcala,Leads generados,100.0,62.0,0.62
2026-02-01,2026,Febrero,Galerias Tlaxcala,Prueba de manejo,20.0,11.0,0.55
2026-02-01,2026,Febrero,Galerias Tlaxcala,Solicitud de crédito aprobada,10.0,0.0,0.0
2026-02-01,2026,Febrero,Galerias Tlaxcala,Solicitud de crédito generada,17.0,2.0,0.12
2026-02-01,2026,Febrero,Galerias Tlaxcala,Ventas,3.0,0.0,0.0
2026-02-01,2026,Febrero,Otros,Cita efectiva,67.0,124.0,1.1
2026-02-01,2026,Febrero,Otros,Cita programada,86.0,126.0,1.1
2026-02-01,2026,Febrero,Otros,Formalizado,7.0,1.0,0.14
2026-02-01,2026,Febrero,Otros,Leads efectivos,118.0,206.0,1.1
2026-02-01,2026,Febrero,Otros,Leads generados,135.0,211.0,1.1
2026-02-01,2026,Febrero,Otros,Prueba de manejo,52.0,21.0,0.4
2026-02-01,2026,Febrero,Otros,Solicitud de crédito aprobada,26.0,5.0,0.19
2026-02-01,2026,Febrero,Otros,Solicitud de crédito generada,38.0,19.0,0.5
2026-02-01,2026,Febrero,Otros,Ventas,9.0,5.0,0.56
2026-02-01,2026,Febrero,Piso,Cita efectiva,85.0,94.0,1.1
2026-02-01,2026,Febrero,Piso,Cita programada,85.0,94.0,1.1
2026-02-01,2026,Febrero,Piso,Formalizado,6.0,7.0,1.1
2026-02-01,2026,Febrero,Piso,Leads efectivos,85.0,94.0,1.1
2026-02-01,2026,Febrero,Piso,Leads generados,85.0,94.0,1.1
2026-02-01,2026,Febrero,Piso,Prueba de manejo,48.0,28.0,0.58
2026-02-01,2026,Febrero,Piso,Solicitud de crédito aprobada,17.0,12.0,0.71
2026-02-01,2026,Febrero,Piso,Solicitud de crédito generada,35.0,18.0,0.51
2026-02-01,2026,Febrero,Piso,Ventas,13.0,7.0,0.54
2026-02-01,2026,Febrero,Plaza Ange,Cita efectiva,45.0,36.0,0.8
2026-02-01,2026,Febrero,Plaza Ange,Cita programada,85.0,89.0,1.05
2026-02-01,2026,Febrero,Plaza Ange,Formalizado,6.0,4.0,0.67
2026-02-01,2026,Febrero,Plaza Ange,Leads efectivos,208.0,200.0,0.96
2026-02-01,2026,Febrero,Plaza Ange,Leads generados,280.0,230.0,0.82
2026-02-01,2026,Febrero,Plaza Ange,Prueba de manejo,33.0,19.0,0.58
2026-02-01,2026,Febrero,Plaza Ange,Solicitud de crédito aprobada,16.0,10.0,0.63
2026-02-01,2026,Febrero,Plaza Ange,Solicitud de crédito generada,28.0,21.0,0.75
2026-02-01,2026,Febrero,Plaza Ange,Ventas,10.0,5.0,0.5
2026-03-01,2026,Marzo,Digital,Cita efectiva,60.0,36.0,0.6
2026-03-01,2026,Marzo,Digital,Cita programada,94.0,78.0,0.83
2026-03-01,2026,Marzo,Digital,Formalizado,8.0,6.0,0.75
2026-03-01,2026,Marzo,Digital,Leads efectivos,385.0,618.0,1.1
2026-03-01,2026,Marzo,Digital,Leads generados,600.0,83.06,1.1
2026-03-01,2026,Marzo,Digital,Prueba de manejo,36.0,25.0,0.69
2026-03-01,2026,Marzo,Digital,Solicitud de crédito aprobada,15.0,8.0,0.53
2026-03-01,2026,Marzo,Digital,Solicitud de crédito generada,28.0,16.0,0.57
2026-03-01,2026,Marzo,Digital,Ventas,12.0,11.0,0.92
2026-03-01,2026,Marzo,Estrategia de Prospeccion,Cita efectiva,12.0,7.0,0.58
2026-03-01,2026,Marzo,Estrategia de Prospeccion,Cita programada,18.0,17.0,0.94
2026-03-01,2026,Marzo,Estrategia de Prospeccion,Formalizado,1.0,0.0,0.0
2026-03-01,2026,Marzo,Estrategia de Prospeccion,Leads efectivos,28.0,38.0,1.1
2026-03-01,2026,Marzo,Estrategia de Prospeccion,Leads generados,30.0,59.0,1.1
2026-03-01,2026,Marzo,Estrategia de Prospeccion,Prueba de manejo,10.0,4.0,0.4
2026-03-01,2026,Marzo,Estrategia de Prospeccion,Solicitud de crédito aprobada,3.0,3.0,1.0
2026-03-01,2026,Marzo,Estrategia de Prospeccion,Solicitud de crédito generada,5.0,8.0,1.1
2026-03-01,2026,Marzo,Estrategia de Prospeccion,Ventas,1.0,0.0,0.0
2026-03-01,2026,Marzo,GAC Angelopolis,Cita efectiva,215.0,237.0,1.1
2026-03-01,2026,Marzo,GAC Angelopolis,Cita programada,285.0,305.0,1.07
2026-03-01,2026,Marzo,GAC Angelopolis,Formalizado,32.0,18.0,0.56
2026-03-01,2026,Marzo,GAC Angelopolis,Leads efectivos,86.57,83.06,1.1
2026-03-01,2026,Marzo,GAC Angelopolis,Leads generados,86.57,83.06,1.1
2026-03-01,2026,Marzo,GAC Angelopolis,Prueba de manejo,130.0,118.0,0.91
2026-03-01,2026,Marzo,GAC Angelopolis,Solicitud de crédito aprobada,58.0,41.0,0.71
2026-03-01,2026,Marzo,GAC Angelopolis,Solicitud de crédito generada,125.0,85.0,0.68
2026-03-01,2026,Marzo,GAC Angelopolis,Ventas,40.0,41.0,1.03
2026-03-01,2026,Marzo,Galerias Tlaxcala,Cita efectiva,25.0,17.0,0.68
2026-03-01,2026,Marzo,Galerias Tlaxcala,Cita programada,32.0,20.0,0.63
2026-03-01,2026,Marzo,Galerias Tlaxcala,Formalizado,2.0,0.0,0.0
2026-03-01,2026,Marzo,Galerias Tlaxcala,Leads efectivos,85.0,58.0,0.68
2026-03-01,2026,Marzo,Galerias Tlaxcala,Leads generados,100.0,87.0,0.87
2026-03-01,2026,Marzo,Galerias Tlaxcala,Prueba de manejo,20.0,8.0,0.4
2026-03-01,2026,Marzo,Galerias Tlaxcala,Solicitud de crédito aprobada,10.0,0.0,0.0
2026-03-01,2026,Marzo,Galerias Tlaxcala,Solicitud de crédito generada,17.0,0.0,0.0
2026-03-01,2026,Marzo,Galerias Tlaxcala,Ventas,3.0,0.0,0.0
2026-03-01,2026,Marzo,Otros,Cita efectiva,0.0,44.0,0.0
2026-03-01,2026,Marzo,Otros,Cita programada,0.0,48.0,0.0
2026-03-01,2026,Marzo,Otros,Formalizado,0.0,2.0,0.0
2026-03-01,2026,Marzo,Otros,Leads efectivos,0.0,185.0,0.0
2026-03-01,2026,Marzo,Otros,Leads generados,0.0,230.0,0.0
2026-03-01,2026,Marzo,Otros,Prueba de manejo,0.0,15.0,0.0
2026-03-01,2026,Marzo,Otros,Solicitud de crédito aprobada,0.0,7.0,0.0
2026-03-01,2026,Marzo,Otros,Solicitud de crédito generada,0.0,15.0,0.0
2026-03-01,2026,Marzo,Otros,Ventas,0.0,17.0,0.0
2026-03-01,2026,Marzo,Piso,Cita efectiva,85.0,105.0,1.1
2026-03-01,2026,Marzo,Piso,Cita programada,85.0,105.0,1.1
2026-03-01,2026,Marzo,Piso,Formalizado,6.0,7.0,1.1
2026-03-01,2026,Marzo,Piso,Leads efectivos,85.0,105.0,1.1
2026-03-01,2026,Marzo,Piso,Leads generados,85.0,105.0,1.1
2026-03-01,2026,Marzo,Piso,Prueba de manejo,48.0,41.0,0.85
2026-03-01,2026,Marzo,Piso,Solicitud de crédito aprobada,17.0,14.0,0.82
2026-03-01,2026,Marzo,Piso,Solicitud de crédito generada,35.0,24.0,0.69
2026-03-01,2026,Marzo,Piso,Ventas,13.0,8.0,0.62
2026-03-01,2026,Marzo,Plaza Ange,Cita efectiva,45.0,28.0,0.62
2026-03-01,2026,Marzo,Plaza Ange,Cita programada,85.0,37.0,0.44
2026-03-01,2026,Marzo,Plaza Ange,Formalizado,6.0,3.0,0.5
2026-03-01,2026,Marzo,Plaza Ange,Leads efectivos,208.0,182.0,0.99
2026-03-01,2026,Marzo,Plaza Ange,Leads generados,280.0,217.0,0.78
2026-03-01,2026,Marzo,Plaza Ange,Prueba de manejo,33.0,25.0,0.76
2026-03-01,2026,Marzo,Plaza Ange,Solicitud de crédito aprobada,16.0,9.0,0.56
2026-03-01,2026,Marzo,Plaza Ange,Solicitud de crédito generada,28.0,22.0,0.79
2026-03-01,2026,Marzo,Plaza Ange,Ventas,10.0,5.0,0.5
2026-03-01,2026,Marzo,Plaza Pachuca,Cita efectiva,15.0,15.0,1.0
2026-03-01,2026,Marzo,Plaza Pachuca,Cita programada,28.0,20.0,0.71
2026-03-01,2026,Marzo,Plaza Pachuca,Formalizado,2.0,1.0,0.5
2026-03-01,2026,Marzo,Plaza Pachuca,Leads efectivos,45.0,87.0,1.1
2026-03-01,2026,Marzo,Plaza Pachuca,Leads generados,60.0,88.0,1.1
2026-03-01,2026,Marzo,Plaza Pachuca,Prueba de manejo,8.0,5.0,0.63
2026-03-01,2026,Marzo,Plaza Pachuca,Solicitud de crédito aprobada,4.0,2.0,0.5
2026-03-01,2026,Marzo,Plaza Pachuca,Solicitud de crédito generada,6.0,4.0,0.67
2026-03-01,2026,Marzo,Plaza Pachuca,Ventas,3.0,2.0,0.67
2026-04-01,2026,Abril,Digital,Cita efectiva,60.0,59.0,0.98
2026-04-01,2026,Abril,Digital,Cita programada,94.0,83.0,0.88
2026-04-01,2026,Abril,Digital,Formalizado,8.0,4.0,0.5
2026-04-01,2026,Abril,Digital,Leads efectivos,385.0,179.0,0.46
2026-04-01,2026,Abril,Digital,Leads generados,600.0,83.06,1.1
2026-04-01,2026,Abril,Digital,Prueba de manejo,36.0,35.0,0.97
2026-04-01,2026,Abril,Digital,Solicitud de crédito aprobada,15.0,14.0,0.93
2026-04-01,2026,Abril,Digital,Solicitud de crédito generada,28.0,32.0,1.1
2026-04-01,2026,Abril,Digital,Ventas,12.0,8.0,0.67
2026-04-01,2026,Abril,Estrategia de Prospeccion,Cita efectiva,12.0,1.0,0.08
2026-04-01,2026,Abril,Estrategia de Prospeccion,Cita programada,18.0,3.0,0.17
2026-04-01,2026,Abril,Estrategia de Prospeccion,Formalizado,1.0,0.0,0.0
2026-04-01,2026,Abril,Estrategia de Prospeccion,Leads efectivos,28.0,49.0,1.1
2026-04-01,2026,Abril,Estrategia de Prospeccion,Leads generados,30.0,62.0,1.1
2026-04-01,2026,Abril,Estrategia de Prospeccion,Prueba de manejo,10.0,3.0,0.3
2026-04-01,2026,Abril,Estrategia de Prospeccion,Solicitud de crédito aprobada,3.0,0.0,0.0
2026-04-01,2026,Abril,Estrategia de Prospeccion,Solicitud de crédito generada,5.0,0.0,0.0
2026-04-01,2026,Abril,Estrategia de Prospeccion,Ventas,1.0,1.0,1.0
2026-04-01,2026,Abril,GAC Angelopolis,Cita efectiva,215.0,105.0,0.49
2026-04-01,2026,Abril,GAC Angelopolis,Cita programada,285.0,146.0,0.51
2026-04-01,2026,Abril,GAC Angelopolis,Formalizado,32.0,16.0,0.5
2026-04-01,2026,Abril,GAC Angelopolis,Leads efectivos,86.57,83.06,0.78
2026-04-01,2026,Abril,GAC Angelopolis,Leads generados,86.57,83.06,1.01
2026-04-01,2026,Abril,GAC Angelopolis,Prueba de manejo,130.0,117.0,0.9
2026-04-01,2026,Abril,GAC Angelopolis,Solicitud de crédito aprobada,58.0,41.0,0.71
2026-04-01,2026,Abril,GAC Angelopolis,Solicitud de crédito generada,125.0,74.0,0.59
2026-04-01,2026,Abril,GAC Angelopolis,Ventas,45.0,41.0,0.91
2026-04-01,2026,Abril,Otros,Cita efectiva,55.0,4.0,0.14
2026-04-01,2026,Abril,Otros,Cita programada,60.0,7.0,0.2
2026-04-01,2026,Abril,Otros,Formalizado,3.0,1.0,0.5
2026-04-01,2026,Abril,Otros,Leads efectivos,90.0,66.0,1.51
2026-04-01,2026,Abril,Otros,Leads generados,105.0,67.0,1.4
2026-04-01,2026,Abril,Otros,Prueba de manejo,42.0,13.0,0.58
2026-04-01,2026,Abril,Otros,Solicitud de crédito aprobada,23.0,5.0,0.28
2026-04-01,2026,Abril,Otros,Solicitud de crédito generada,33.0,7.0,0.28
2026-04-01,2026,Abril,Otros,Ventas,3.0,16.0,1.1
2026-04-01,2026,Abril,Piso,Cita efectiva,85.0,10.0,0.12
2026-04-01,2026,Abril,Piso,Cita programada,85.0,12.0,0.14
2026-04-01,2026,Abril,Piso,Formalizado,6.0,7.0,1.1
2026-04-01,2026,Abril,Piso,Leads efectivos,85.0,79.0,0.93
2026-04-01,2026,Abril,Piso,Leads generados,85.0,79.0,0.93
2026-04-01,2026,Abril,Piso,Prueba de manejo,48.0,36.0,0.75
2026-04-01,2026,Abril,Piso,Solicitud de crédito aprobada,17.0,10.0,0.59
2026-04-01,2026,Abril,Piso,Solicitud de crédito generada,35.0,18.0,0.51
2026-04-01,2026,Abril,Piso,Ventas,13.0,9.0,0.69
2026-04-01,2026,Abril,Plaza Angelopólis,Cita efectiva,45.0,15.0,0.33
2026-04-01,2026,Abril,Plaza Angelopólis,Cita programada,85.0,23.0,0.27
2026-04-01,2026,Abril,Plaza Angelopólis,Formalizado,6.0,4.0,0.67
2026-04-01,2026,Abril,Plaza Angelopólis,Leads efectivos,208.0,208.0,1.0
2026-04-01,2026,Abril,Plaza Angelopólis,Leads generados,280.0,208.0,0.74
2026-04-01,2026,Abril,Plaza Angelopólis,Prueba de manejo,33.0,17.0,0.52
2026-04-01,2026,Abril,Plaza Angelopólis,Solicitud de crédito aprobada,16.0,9.0,0.56
2026-04-01,2026,Abril,Plaza Angelopólis,Solicitud de crédito generada,28.0,13.0,0.46
2026-04-01,2026,Abril,Plaza Angelopólis,Ventas,10.0,4.0,0.4
2026-04-01,2026,Abril,Plaza Pachuca,Cita efectiva,15.0,7.0,0.47
2026-04-01,2026,Abril,Plaza Pachuca,Cita programada,28.0,8.0,0.29
2026-04-01,2026,Abril,Plaza Pachuca,Formalizado,2.0,0.0,0.0
2026-04-01,2026,Abril,Plaza Pachuca,Leads efectivos,45.0,55.0,1.1
2026-04-01,2026,Abril,Plaza Pachuca,Leads generados,60.0,55.0,0.92
2026-04-01,2026,Abril,Plaza Pachuca,Prueba de manejo,8.0,6.0,0.75
2026-04-01,2026,Abril,Plaza Pachuca,Solicitud de crédito aprobada,4.0,1.0,0.25
2026-04-01,2026,Abril,Plaza Pachuca,Solicitud de crédito generada,6.0,2.0,0.33
2026-04-01,2026,Abril,Plaza Pachuca,Ventas,3.0,1.0,0.33
2026-04-01,2026,Abril,Plaza Tlaxcala,Cita efectiva,25.0,9.0,0.36
2026-04-01,2026,Abril,Plaza Tlaxcala,Cita programada,32.0,10.0,0.31
2026-04-01,2026,Abril,Plaza Tlaxcala,Formalizado,2.0,0.0,0.0
2026-04-01,2026,Abril,Plaza Tlaxcala,Leads efectivos,85.0,88.0,1.04
2026-04-01,2026,Abril,Plaza Tlaxcala,Leads generados,100.0,88.0,0.88
2026-04-01,2026,Abril,Plaza Tlaxcala,Prueba de manejo,20.0,7.0,0.35
2026-04-01,2026,Abril,Plaza Tlaxcala,Solicitud de crédito aprobada,10.0,2.0,0.2
2026-04-01,2026,Abril,Plaza Tlaxcala,Solicitud de crédito generada,17.0,2.0,0.12
2026-04-01,2026,Abril,Plaza Tlaxcala,Ventas,3.0,2.0,0.67
2026-05-01,2026,Mayo,Custom,Cita efectiva,20.0,5.0,0.25
2026-05-01,2026,Mayo,Custom,Cita programada,20.0,7.0,0.35
2026-05-01,2026,Mayo,Custom,Formalizado,1.0,0.0,0.0
2026-05-01,2026,Mayo,Custom,Leads efectivos,20.0,10.0,0.5
2026-05-01,2026,Mayo,Custom,Leads generados,20.0,10.0,0.5
2026-05-01,2026,Mayo,Custom,Prueba de manejo,12.0,7.0,0.58
2026-05-01,2026,Mayo,Custom,Solicitud de crédito aprobada,5.0,0.0,0.0
2026-05-01,2026,Mayo,Custom,Solicitud de crédito generada,8.0,0.0,0.0
2026-05-01,2026,Mayo,Custom,Ventas,1.0,0.0,0.0
2026-05-01,2026,Mayo,Digital,Cita efectiva,60.0,103.0,1.1
2026-05-01,2026,Mayo,Digital,Cita programada,94.0,139.0,1.1
2026-05-01,2026,Mayo,Digital,Formalizado,8.0,3.0,0.38
2026-05-01,2026,Mayo,Digital,Leads efectivos,385.0,169.0,0.44
2026-05-01,2026,Mayo,Digital,Leads generados,600.0,667.0,1.1
2026-05-01,2026,Mayo,Digital,Prueba de manejo,36.0,37.0,1.03
2026-05-01,2026,Mayo,Digital,Solicitud de crédito aprobada,15.0,8.0,0.53
2026-05-01,2026,Mayo,Digital,Solicitud de crédito generada,17.0,30.0,1.1
2026-05-01,2026,Mayo,Digital,Ventas,12.0,9.0,0.75
2026-05-01,2026,Mayo,GAC Angelopolis,Cita efectiva,215.0,267.0,1.1
2026-05-01,2026,Mayo,GAC Angelopolis,Cita programada,285.0,355.0,1.1
2026-05-01,2026,Mayo,GAC Angelopolis,Formalizado,32.0,18.0,0.56
2026-05-01,2026,Mayo,GAC Angelopolis,Leads efectivos,86.57,83.06,0.79
2026-05-01,2026,Mayo,GAC Angelopolis,Leads generados,86.57,83.06,0.91
2026-05-01,2026,Mayo,GAC Angelopolis,Prueba de manejo,130.0,143.0,1.1
2026-05-01,2026,Mayo,GAC Angelopolis,Solicitud de crédito aprobada,58.0,44.0,0.76
2026-05-01,2026,Mayo,GAC Angelopolis,Solicitud de crédito generada,125.0,95.0,0.76
2026-05-01,2026,Mayo,GAC Angelopolis,Ventas,45.0,35.0,0.78
2026-05-01,2026,Mayo,Gran Patio Tlaxcala,Cita efectiva,25.0,9.0,0.36
2026-05-01,2026,Mayo,Gran Patio Tlaxcala,Cita programada,32.0,13.0,0.41
2026-05-01,2026,Mayo,Gran Patio Tlaxcala,Formalizado,2.0,0.0,0.0
2026-05-01,2026,Mayo,Gran Patio Tlaxcala,Leads efectivos,85.0,115.0,1.1
2026-05-01,2026,Mayo,Gran Patio Tlaxcala,Leads generados,100.0,115.0,1.1
2026-05-01,2026,Mayo,Gran Patio Tlaxcala,Prueba de manejo,20.0,8.0,0.4
2026-05-01,2026,Mayo,Gran Patio Tlaxcala,Solicitud de crédito aprobada,10.0,2.0,0.2
2026-05-01,2026,Mayo,Gran Patio Tlaxcala,Solicitud de crédito generada,17.0,5.0,0.29
2026-05-01,2026,Mayo,Gran Patio Tlaxcala,Ventas,3.0,1.0,0.33
2026-05-01,2026,Mayo,Otros,Cita efectiva,35.0,10.0,0.29
2026-05-01,2026,Mayo,Otros,Cita programada,40.0,11.0,0.28
2026-05-01,2026,Mayo,Otros,Formalizado,2.0,5.0,1.1
2026-05-01,2026,Mayo,Otros,Leads efectivos,70.0,41.0,0.59
2026-05-01,2026,Mayo,Otros,Leads generados,85.0,43.0,0.51
2026-05-01,2026,Mayo,Otros,Prueba de manejo,30.0,14.0,0.47
2026-05-01,2026,Mayo,Otros,Solicitud de crédito aprobada,18.0,11.0,0.61
2026-05-01,2026,Mayo,Otros,Solicitud de crédito generada,25.0,19.0,0.76
2026-05-01,2026,Mayo,Otros,Ventas,2.0,9.0,1.1
2026-05-01,2026,Mayo,Piso,Cita efectiva,85.0,91.0,1.07
2026-05-01,2026,Mayo,Piso,Cita programada,85.0,107.0,1.1
2026-05-01,2026,Mayo,Piso,Formalizado,8.0,6.0,0.75
2026-05-01,2026,Mayo,Piso,Leads efectivos,85.0,115.0,1.1
2026-05-01,2026,Mayo,Piso,Leads generados,85.0,115.0,1.1
2026-05-01,2026,Mayo,Piso,Prueba de manejo,48.0,47.0,0.98
2026-05-01,2026,Mayo,Piso,Solicitud de crédito aprobada,17.0,14.0,0.82
2026-05-01,2026,Mayo,Piso,Solicitud de crédito generada,35.0,24.0,0.69
2026-05-01,2026,Mayo,Piso,Ventas,13.0,9.0,0.69
2026-05-01,2026,Mayo,Plaza Angelopólis,Cita efectiva,45.0,22.0,0.49
2026-05-01,2026,Mayo,Plaza Angelopólis,Cita programada,85.0,35.0,0.41
2026-05-01,2026,Mayo,Plaza Angelopólis,Formalizado,6.0,2.0,0.33
2026-05-01,2026,Mayo,Plaza Angelopólis,Leads efectivos,208.0,193.0,0.93
2026-05-01,2026,Mayo,Plaza Angelopólis,Leads generados,280.0,198.0,0.71
2026-05-01,2026,Mayo,Plaza Angelopólis,Prueba de manejo,33.0,18.0,0.55
2026-05-01,2026,Mayo,Plaza Angelopólis,Solicitud de crédito aprobada,16.0,5.0,0.31
2026-05-01,2026,Mayo,Plaza Angelopólis,Solicitud de crédito generada,28.0,9.0,0.32
2026-05-01,2026,Mayo,Plaza Angelopólis,Ventas,10.0,3.0,0.3
2026-05-01,2026,Mayo,Plaza Pachuca,Cita efectiva,15.0,19.0,1.1
2026-05-01,2026,Mayo,Plaza Pachuca,Cita programada,28.0,21.0,0.75
2026-05-01,2026,Mayo,Plaza Pachuca,Formalizado,2.0,1.0,0.5
2026-05-01,2026,Mayo,Plaza Pachuca,Leads efectivos,45.0,39.0,0.87
2026-05-01,2026,Mayo,Plaza Pachuca,Leads generados,60.0,39.0,0.65
2026-05-01,2026,Mayo,Plaza Pachuca,Prueba de manejo,8.0,6.0,0.75
2026-05-01,2026,Mayo,Plaza Pachuca,Solicitud de crédito aprobada,4.0,1.0,0.25
2026-05-01,2026,Mayo,Plaza Pachuca,Solicitud de crédito generada,6.0,4.0,0.67
2026-05-01,2026,Mayo,Plaza Pachuca,Ventas,3.0,3.0,1.0
2026-05-01,2026,Mayo,Prospeccion,Cita efectiva,15.0,8.0,0.53
2026-05-01,2026,Mayo,Prospeccion,Cita programada,25.0,22.0,0.88
2026-05-01,2026,Mayo,Prospeccion,Formalizado,1.0,1.0,1.0
2026-05-01,2026,Mayo,Prospeccion,Leads efectivos,35.0,53.0,1.1
2026-05-01,2026,Mayo,Prospeccion,Leads generados,50.0,64.0,1.1
2026-05-01,2026,Mayo,Prospeccion,Prueba de manejo,10.0,6.0,0.6
2026-05-01,2026,Mayo,Prospeccion,Solicitud de crédito aprobada,3.0,3.0,1.0
2026-05-01,2026,Mayo,Prospeccion,Solicitud de crédito generada,5.0,4.0,0.8
2026-05-01,2026,Mayo,Prospeccion,Ventas,1.0,1.0,1.0
2026-06-01,2026,Junio,Custom,Cita efectiva,15.0,6.0,0.4
2026-06-01,2026,Junio,Custom,Cita programada,15.0,8.0,0.53
2026-06-01,2026,Junio,Custom,Formalizado,1.0,0.0,0.0
2026-06-01,2026,Junio,Custom,Leads efectivos,15.0,11.0,0.73
2026-06-01,2026,Junio,Custom,Leads generados,15.0,11.0,0.73
2026-06-01,2026,Junio,Custom,Prueba de manejo,8.0,7.0,0.88
2026-06-01,2026,Junio,Custom,Solicitud de crédito aprobada,3.0,0.0,0.0
2026-06-01,2026,Junio,Custom,Solicitud de crédito generada,5.0,0.0,0.0
2026-06-01,2026,Junio,Custom,Ventas,1.0,0.0,0.0
2026-06-01,2026,Junio,Digital,Cita efectiva,60.0,53.0,0.88
2026-06-01,2026,Junio,Digital,Cita programada,150.0,101.0,0.67
2026-06-01,2026,Junio,Digital,Formalizado,10.0,2.0,0.2
2026-06-01,2026,Junio,Digital,Leads efectivos,382.0,200.0,0.52
2026-06-01,2026,Junio,Digital,Leads generados,86.57,83.06,0.99
2026-06-01,2026,Junio,Digital,Prueba de manejo,42.0,28.0,0.67
2026-06-01,2026,Junio,Digital,Solicitud de crédito aprobada,15.0,7.0,0.47
2026-06-01,2026,Junio,Digital,Solicitud de crédito generada,25.0,28.0,1.1
2026-06-01,2026,Junio,Digital,Ventas,13.0,7.0,0.54
2026-06-01,2026,Junio,GAC Angelopolis,Cita efectiva,170.0,154.0,0.91
2026-06-01,2026,Junio,GAC Angelopolis,Cita programada,258.0,251.0,0.97
2026-06-01,2026,Junio,GAC Angelopolis,Formalizado,32.0,12.0,0.38
2026-06-01,2026,Junio,GAC Angelopolis,Leads efectivos,86.57,83.06,0.64
2026-06-01,2026,Junio,GAC Angelopolis,Leads generados,86.57,83.06,0.83
2026-06-01,2026,Junio,GAC Angelopolis,Prueba de manejo,142.0,128.0,0.9
2026-06-01,2026,Junio,GAC Angelopolis,Solicitud de crédito aprobada,58.0,35.0,0.6
2026-06-01,2026,Junio,GAC Angelopolis,Solicitud de crédito generada,105.0,81.0,0.77
2026-06-01,2026,Junio,GAC Angelopolis,Ventas,45.0,37.0,0.82
2026-06-01,2026,Junio,Gran Patio Tlaxcala,Cita efectiva,15.0,25.0,1.1
2026-06-01,2026,Junio,Gran Patio Tlaxcala,Cita programada,35.0,43.0,1.1
2026-06-01,2026,Junio,Gran Patio Tlaxcala,Formalizado,1.0,0.0,0.0
2026-06-01,2026,Junio,Gran Patio Tlaxcala,Leads efectivos,85.0,81.0,0.95
2026-06-01,2026,Junio,Gran Patio Tlaxcala,Leads generados,100.0,81.0,0.81
2026-06-01,2026,Junio,Gran Patio Tlaxcala,Prueba de manejo,10.0,8.0,0.8
2026-06-01,2026,Junio,Gran Patio Tlaxcala,Solicitud de crédito aprobada,3.0,1.0,0.33
2026-06-01,2026,Junio,Gran Patio Tlaxcala,Solicitud de crédito generada,5.0,1.0,0.2
2026-06-01,2026,Junio,Gran Patio Tlaxcala,Ventas,2.0,2.0,1.0
2026-06-01,2026,Junio,Otros,Cita efectiva,15.0,9.0,0.6
2026-06-01,2026,Junio,Otros,Cita programada,20.0,11.0,0.55
2026-06-01,2026,Junio,Otros,Formalizado,1.0,2.0,1.1
2026-06-01,2026,Junio,Otros,Leads efectivos,70.0,37.0,0.53
2026-06-01,2026,Junio,Otros,Leads generados,85.0,49.0,0.58
2026-06-01,2026,Junio,Otros,Prueba de manejo,10.0,9.0,0.9
2026-06-01,2026,Junio,Otros,Solicitud de crédito aprobada,4.0,5.0,1.1
2026-06-01,2026,Junio,Otros,Solicitud de crédito generada,5.0,14.0,1.1
2026-06-01,2026,Junio,Otros,Ventas,1.0,9.0,1.1
2026-06-01,2026,Junio,Piso,Cita efectiva,95.0,25.0,0.26
2026-06-01,2026,Junio,Piso,Cita programada,95.0,28.0,0.29
2026-06-01,2026,Junio,Piso,Formalizado,8.0,6.0,0.75
2026-06-01,2026,Junio,Piso,Leads efectivos,95.0,84.0,0.88
2026-06-01,2026,Junio,Piso,Leads generados,95.0,85.0,0.89
2026-06-01,2026,Junio,Piso,Prueba de manejo,53.0,42.0,0.79
2026-06-01,2026,Junio,Piso,Solicitud de crédito aprobada,18.0,15.0,0.83
2026-06-01,2026,Junio,Piso,Solicitud de crédito generada,35.0,22.0,0.63
2026-06-01,2026,Junio,Piso,Ventas,13.0,11.0,0.85
2026-06-01,2026,Junio,Plaza Angelopólis,Cita efectiva,45.0,21.0,0.47
2026-06-01,2026,Junio,Plaza Angelopólis,Cita programada,85.0,41.0,0.48
2026-06-01,2026,Junio,Plaza Angelopólis,Formalizado,7.0,2.0,0.29
2026-06-01,2026,Junio,Plaza Angelopólis,Leads efectivos,220.0,250.0,1.1
2026-06-01,2026,Junio,Plaza Angelopólis,Leads generados,250.0,250.0,1.0
2026-06-01,2026,Junio,Plaza Angelopólis,Prueba de manejo,30.0,27.0,0.9
2026-06-01,2026,Junio,Plaza Angelopólis,Solicitud de crédito aprobada,18.0,4.0,0.22
2026-06-01,2026,Junio,Plaza Angelopólis,Solicitud de crédito generada,25.0,9.0,0.36
2026-06-01,2026,Junio,Plaza Angelopólis,Ventas,10.0,4.0,0.4
2026-06-01,2026,Junio,Plaza Pachuca,Cita efectiva,20.0,12.0,0.6
2026-06-01,2026,Junio,Plaza Pachuca,Cita programada,28.0,14.0,0.5
2026-06-01,2026,Junio,Plaza Pachuca,Formalizado,1.0,0.0,0.0
2026-06-01,2026,Junio,Plaza Pachuca,Leads efectivos,45.0,43.0,0.96
2026-06-01,2026,Junio,Plaza Pachuca,Leads generados,60.0,43.0,0.72
2026-06-01,2026,Junio,Plaza Pachuca,Prueba de manejo,12.0,6.0,0.5
2026-06-01,2026,Junio,Plaza Pachuca,Solicitud de crédito aprobada,3.0,3.0,1.0
2026-06-01,2026,Junio,Plaza Pachuca,Solicitud de crédito generada,5.0,6.0,1.1
2026-06-01,2026,Junio,Plaza Pachuca,Ventas,2.0,4.0,1.1
2026-06-01,2026,Junio,Plaza Pachuca (2),Cita efectiva,20.0,1.0,0.05
2026-06-01,2026,Junio,Plaza Pachuca (2),Cita programada,35.0,2.0,0.06
2026-06-01,2026,Junio,Plaza Pachuca (2),Formalizado,1.0,0.0,0.0
2026-06-01,2026,Junio,Plaza Pachuca (2),Leads efectivos,58.0,29.0,0.5
2026-06-01,2026,Junio,Plaza Pachuca (2),Leads generados,70.0,29.0,0.41
2026-06-01,2026,Junio,Plaza Pachuca (2),Prueba de manejo,15.0,0.0,0.0
2026-06-01,2026,Junio,Plaza Pachuca (2),Solicitud de crédito aprobada,4.0,0.0,0.0
2026-06-01,2026,Junio,Plaza Pachuca (2),Solicitud de crédito generada,8.0,0.0,0.0
2026-06-01,2026,Junio,Plaza Pachuca (2),Ventas,2.0,0.0,0.0
2026-06-01,2026,Junio,Prospeccion,Cita efectiva,7.0,2.0,0.29
2026-06-01,2026,Junio,Prospeccion,Cita programada,18.0,3.0,0.17
2026-06-01,2026,Junio,Prospeccion,Formalizado,1.0,0.0,0.0
2026-06-01,2026,Junio,Prospeccion,Leads efectivos,25.0,19.0,0.76
2026-06-01,2026,Junio,Prospeccion,Leads generados,30.0,19.0,0.63
2026-06-01,2026,Junio,Prospeccion,Prueba de manejo,5.0,1.0,0.2
2026-06-01,2026,Junio,Prospeccion,Solicitud de crédito aprobada,2.0,0.0,0.0
2026-06-01,2026,Junio,Prospeccion,Solicitud de crédito generada,3.0,1.0,0.33
2026-06-01,2026,Junio,Prospeccion,Ventas,1.0,0.0,0.0
