Fecha,Año,Mes,Campaña,Leads
2025-11-01,2025,Noviembre,FORMULARIO ANGELÓPOLIS,6.0
2025-11-01,2025,Noviembre,FORMULARIO TLAXCALA,3.0
2025-11-01,2025,Noviembre,WHATSAPP ANGELÓPOLIS,1.0
2025-11-01,2025,Noviembre,WHATSAPP ASESORES ANGELÓPOLIS,10.0
2025-11-01,2025,Noviembre,WHATSAPP ASESORES TLAXCALA,0.0
2025-11-02,2025,Noviembre,FORMULARIO ANGELÓPOLIS,5.0
2025-11-02,2025,Noviembre,FORMULARIO TLAXCALA,6.0
2025-11-02,2025,Noviembre,WHATSAPP ANGELÓPOLIS,5.0
2025-11-02,2025,Noviembre,WHATSAPP ASESORES ANGELÓPOLIS,21.0
2025-11-02,2025,Noviembre,WHATSAPP ASESORES TLAXCALA,3.0
2025-11-03,2025,Noviembre,FORMULARIO ANGELÓPOLIS,5.0
2025-11-03,2025,Noviembre,FORMULARIO TLAXCALA,6.0
2025-11-03,2025,Noviembre,WHATSAPP ANGELÓPOLIS,9.0
2025-11-03,2025,Noviembre,WHATSAPP ASESORES ANGELÓPOLIS,9.0
2025-11-03,2025,Noviembre,WHATSAPP ASESORES TLAXCALA,2.0
2025-11-04,2025,Noviembre,FORMULARIO ANGELÓPOLIS,2.0
2025-11-04,2025,Noviembre,FORMULARIO TLAXCALA,4.0
2025-11-04,2025,Noviembre,WHATSAPP ANGELÓPOLIS,6.0
2025-11-04,2025,Noviembre,WHATSAPP ASESORES ANGELÓPOLIS,20.0
2025-11-04,2025,Noviembre,WHATSAPP ASESORES TLAXCALA,2.0
2025-11-05,2025,Noviembre,FORMULARIO ANGELÓPOLIS,6.0
2025-11-05,2025,Noviembre,FORMULARIO TLAXCALA,8.0
2025-11-05,2025,Noviembre,WHATSAPP ANGELÓPOLIS,9.0
2025-11-05,2025,Noviembre,WHATSAPP ASESORES ANGELÓPOLIS,16.0
2025-11-05,2025,Noviembre,WHATSAPP ASESORES TLAXCALA,3.0
2025-11-06,2025,Noviembre,FORMULARIO ANGELÓPOLIS,3.0
2025-11-06,2025,Noviembre,FORMULARIO TLAXCALA,4.0
2025-11-06,2025,Noviembre,WHATSAPP ANGELÓPOLIS,8.0
2025-11-06,2025,Noviembre,WHATSAPP ASESORES ANGELÓPOLIS,15.0
2025-11-06,2025,Noviembre,WHATSAPP ASESORES TLAXCALA,3.0
2025-11-07,2025,Noviembre,FORMULARIO ANGELÓPOLIS,4.0
2025-11-07,2025,Noviembre,FORMULARIO TLAXCALA,6.0
2025-11-07,2025,Noviembre,WHATSAPP ANGELÓPOLIS,12.0
2025-11-07,2025,Noviembre,WHATSAPP ASESORES ANGELÓPOLIS,13.0
2025-11-07,2025,Noviembre,WHATSAPP ASESORES TLAXCALA,4.0
2025-11-08,2025,Noviembre,FORMULARIO ANGELÓPOLIS,10.0
2025-11-08,2025,Noviembre,FORMULARIO TLAXCALA,7.0
2025-11-08,2025,Noviembre,WHATSAPP ANGELÓPOLIS,7.0
2025-11-08,2025,Noviembre,WHATSAPP ASESORES ANGELÓPOLIS,12.0
2025-11-08,2025,Noviembre,WHATSAPP ASESORES TLAXCALA,2.0
2025-11-09,2025,Noviembre,FORMULARIO ANGELÓPOLIS,4.0
2025-11-09,2025,Noviembre,FORMULARIO TLAXCALA,6.0
2025-11-09,2025,Noviembre,WHATSAPP ANGELÓPOLIS,12.0
2025-11-09,2025,Noviembre,WHATSAPP ASESORES ANGELÓPOLIS,15.0
2025-11-09,2025,Noviembre,WHATSAPP ASESORES TLAXCALA,4.0
2025-11-10,2025,Noviembre,FORMULARIO ANGELÓPOLIS,5.0
2025-11-10,2025,Noviembre,FORMULARIO TLAXCALA,4.0
2025-11-10,2025,Noviembre,WHATSAPP ANGELÓPOLIS,10.0
2025-11-10,2025,Noviembre,WHATSAPP ASESORES ANGELÓPOLIS,13.0
2025-11-10,2025,Noviembre,WHATSAPP ASESORES TLAXCALA,1.0
2025-11-11,2025,Noviembre,FORMULARIO ANGELÓPOLIS,10.0
2025-11-11,2025,Noviembre,FORMULARIO TLAXCALA,6.0
2025-11-11,2025,Noviembre,WHATSAPP ANGELÓPOLIS,2.0
2025-11-11,2025,Noviembre,WHATSAPP ASESORES ANGELÓPOLIS,12.0
2025-11-11,2025,Noviembre,WHATSAPP ASESORES TLAXCALA,7.0
2025-11-12,2025,Noviembre,FORMULARIO ANGELÓPOLIS,5.0
2025-11-12,2025,Noviembre,FORMULARIO TLAXCALA,5.0
2025-11-12,2025,Noviembre,WHATSAPP ANGELÓPOLIS,4.0
2025-11-12,2025,Noviembre,WHATSAPP ASESORES ANGELÓPOLIS,16.0
2025-11-12,2025,Noviembre,WHATSAPP ASESORES TLAXCALA,6.0
2025-11-13,2025,Noviembre,FORMULARIO ANGELÓPOLIS,7.0
2025-11-13,2025,Noviembre,FORMULARIO TLAXCALA,4.0
2025-11-13,2025,Noviembre,WHATSAPP ANGELÓPOLIS,10.0
2025-11-13,2025,Noviembre,WHATSAPP ASESORES ANGELÓPOLIS,4.62
2025-11-13,2025,Noviembre,WHATSAPP ASESORES TLAXCALA,7.0
2025-11-14,2025,Noviembre,FORMULARIO ANGELÓPOLIS,1.0
2025-11-14,2025,Noviembre,FORMULARIO TLAXCALA,1.0
2025-11-14,2025,Noviembre,WHATSAPP ANGELÓPOLIS,0.0
2025-11-14,2025,Noviembre,WHATSAPP ASESORES ANGELÓPOLIS,11.0
2025-11-14,2025,Noviembre,WHATSAPP ASESORES TLAXCALA,1.0
2025-11-15,2025,Noviembre,FORMULARIO ANGELÓPOLIS,3.0
2025-11-15,2025,Noviembre,FORMULARIO TLAXCALA,1.0
2025-11-15,2025,Noviembre,WHATSAPP ANGELÓPOLIS,1.0
2025-11-15,2025,Noviembre,WHATSAPP ASESORES ANGELÓPOLIS,4.62
2025-11-15,2025,Noviembre,WHATSAPP ASESORES TLAXCALA,5.0
2025-11-16,2025,Noviembre,FORMULARIO ANGELÓPOLIS,2.0
2025-11-16,2025,Noviembre,FORMULARIO TLAXCALA,2.0
2025-11-16,2025,Noviembre,WHATSAPP ANGELÓPOLIS,1.0
2025-11-16,2025,Noviembre,WHATSAPP ASESORES ANGELÓPOLIS,11.0
2025-11-16,2025,Noviembre,WHATSAPP ASESORES TLAXCALA,1.0
2025-11-17,2025,Noviembre,FORMULARIO ANGELÓPOLIS,0.0
2025-11-17,2025,Noviembre,FORMULARIO TLAXCALA,4.0
2025-11-17,2025,Noviembre,WHATSAPP ANGELÓPOLIS,1.0
2025-11-17,2025,Noviembre,WHATSAPP ASESORES ANGELÓPOLIS,21.0
2025-11-17,2025,Noviembre,WHATSAPP ASESORES TLAXCALA,2.0
2025-11-18,2025,Noviembre,FORMULARIO ANGELÓPOLIS,4.0
2025-11-18,2025,Noviembre,FORMULARIO TLAXCALA,1.0
2025-11-18,2025,Noviembre,WHATSAPP ANGELÓPOLIS,1.0
2025-11-18,2025,Noviembre,WHATSAPP ASESORES ANGELÓPOLIS,14.0
2025-11-18,2025,Noviembre,WHATSAPP ASESORES TLAXCALA,3.0
2025-11-19,2025,Noviembre,FORMULARIO ANGELÓPOLIS,1.0
2025-11-19,2025,Noviembre,FORMULARIO TLAXCALA,1.0
2025-11-19,2025,Noviembre,WHATSAPP ANGELÓPOLIS,14.0
2025-11-19,2025,Noviembre,WHATSAPP ASESORES ANGELÓPOLIS,13.0
2025-11-19,2025,Noviembre,WHATSAPP ASESORES TLAXCALA,5.0
2025-11-20,2025,Noviembre,FORMULARIO ANGELÓPOLIS,1.0
2025-11-20,2025,Noviembre,FORMULARIO TLAXCALA,0.0
2025-11-20,2025,Noviembre,WHATSAPP ANGELÓPOLIS,9.0
2025-11-20,2025,Noviembre,WHATSAPP ASESORES ANGELÓPOLIS,4.62
2025-11-20,2025,Noviembre,WHATSAPP ASESORES TLAXCALA,1.0
2025-11-21,2025,Noviembre,FORMULARIO ANGELÓPOLIS,3.0
2025-11-21,2025,Noviembre,FORMULARIO TLAXCALA,3.0
2025-11-21,2025,Noviembre,WHATSAPP ANGELÓPOLIS,7.0
2025-11-21,2025,Noviembre,WHATSAPP ASESORES ANGELÓPOLIS,13.0
2025-11-21,2025,Noviembre,WHATSAPP ASESORES TLAXCALA,0.0
2025-11-22,2025,Noviembre,FORMULARIO ANGELÓPOLIS,4.0
2025-11-22,2025,Noviembre,FORMULARIO TLAXCALA,2.0
2025-11-22,2025,Noviembre,WHATSAPP ANGELÓPOLIS,9.0
2025-11-22,2025,Noviembre,WHATSAPP ASESORES ANGELÓPOLIS,15.0
2025-11-22,2025,Noviembre,WHATSAPP ASESORES TLAXCALA,2.0
2025-11-23,2025,Noviembre,FORMULARIO ANGELÓPOLIS,2.0
2025-11-23,2025,Noviembre,FORMULARIO TLAXCALA,0.0
2025-11-23,2025,Noviembre,WHATSAPP ANGELÓPOLIS,4.62
2025-11-23,2025,Noviembre,WHATSAPP ASESORES ANGELÓPOLIS,4.62
2025-11-23,2025,Noviembre,WHATSAPP ASESORES TLAXCALA,5.0
2025-11-24,2025,Noviembre,FORMULARIO ANGELÓPOLIS,0.0
2025-11-24,2025,Noviembre,FORMULARIO TLAXCALA,2.0
2025-11-24,2025,Noviembre,WHATSAPP ANGELÓPOLIS,9.0
2025-11-24,2025,Noviembre,WHATSAPP ASESORES ANGELÓPOLIS,16.0
2025-11-24,2025,Noviembre,WHATSAPP ASESORES TLAXCALA,1.0
2025-11-25,2025,Noviembre,FORMULARIO ANGELÓPOLIS,4.0
2025-11-25,2025,Noviembre,FORMULARIO TLAXCALA,1.0
2025-11-25,2025,Noviembre,WHATSAPP ANGELÓPOLIS,3.0
2025-11-25,2025,Noviembre,WHATSAPP ASESORES ANGELÓPOLIS,7.0
2025-11-25,2025,Noviembre,WHATSAPP ASESORES TLAXCALA,2.0
2025-11-26,2025,Noviembre,FORMULARIO ANGELÓPOLIS,6.0
2025-11-26,2025,Noviembre,FORMULARIO TLAXCALA,2.0
2025-11-26,2025,Noviembre,WHATSAPP ANGELÓPOLIS,2.0
2025-11-26,2025,Noviembre,WHATSAPP ASESORES ANGELÓPOLIS,10.0
2025-11-26,2025,Noviembre,WHATSAPP ASESORES TLAXCALA,0.0
2025-11-27,2025,Noviembre,FORMULARIO ANGELÓPOLIS,1.0
2025-11-27,2025,Noviembre,FORMULARIO TLAXCALA,0.0
2025-11-27,2025,Noviembre,WHATSAPP ANGELÓPOLIS,5.0
2025-11-27,2025,Noviembre,WHATSAPP ASESORES ANGELÓPOLIS,17.0
2025-11-27,2025,Noviembre,WHATSAPP ASESORES TLAXCALA,0.0
2025-11-28,2025,Noviembre,FORMULARIO ANGELÓPOLIS,2.0
2025-11-28,2025,Noviembre,FORMULARIO TLAXCALA,1.0
2025-11-28,2025,Noviembre,WHATSAPP ANGELÓPOLIS,1.0
2025-11-28,2025,Noviembre,WHATSAPP ASESORES ANGELÓPOLIS,6.0
2025-11-28,2025,Noviembre,WHATSAPP ASESORES TLAXCALA,0.0
2025-11-29,2025,Noviembre,FORMULARIO ANGELÓPOLIS,2.0
2025-11-29,2025,Noviembre,FORMULARIO TLAXCALA,1.0
2025-11-29,2025,Noviembre,WHATSAPP ANGELÓPOLIS,1.0
2025-11-29,2025,Noviembre,WHATSAPP ASESORES ANGELÓPOLIS,11.0
2025-11-29,2025,Noviembre,WHATSAPP ASESORES TLAXCALA,1.0
2025-11-30,2025,Noviembre,FORMULARIO ANGELÓPOLIS,4.0
2025-11-30,2025,Noviembre,FORMULARIO TLAXCALA,5.0
2025-11-30,2025,Noviembre,WHATSAPP ANGELÓPOLIS,3.0
2025-11-30,2025,Noviembre,WHATSAPP ASESORES ANGELÓPOLIS,11.0
2025-11-30,2025,Noviembre,WHATSAPP ASESORES TLAXCALA,2.0
2025-12-01,2025,Diciembre,CA ELÉCTRICOS,0.0
2025-12-01,2025,Diciembre,CA LEADS TLAXCALA,0.0
2025-12-01,2025,Diciembre,CA-ANA-TLAXCALA,0.0
2025-12-01,2025,Diciembre,CA-RMKT ANGELOPOLIS,0.0
2025-12-01,2025,Diciembre,CA-WHATSAPP-ASESORES-ANGELOPOLIS,7.0
2025-12-01,2025,Diciembre,LEADS-EMZOOM-GAC ANGELÓPOLIS,0.0
2025-12-01,2025,Diciembre,LEADS-GAC ANGELÓPOLIS-DIC,3.0
2025-12-01,2025,Diciembre,LEADS-WHATSAPP-ANGELÓPOLIS-,3.0
2025-12-01,2025,Diciembre,WHATSAPP ASESORES TLAXCALA,0.0
2025-12-02,2025,Diciembre,CA ELÉCTRICOS,0.0
2025-12-02,2025,Diciembre,CA LEADS TLAXCALA,0.0
2025-12-02,2025,Diciembre,CA-ANA-TLAXCALA,0.0
2025-12-02,2025,Diciembre,CA-RMKT ANGELOPOLIS,0.0
2025-12-02,2025,Diciembre,CA-WHATSAPP-ASESORES-ANGELOPOLIS,11.0
2025-12-02,2025,Diciembre,LEADS-EMZOOM-GAC ANGELÓPOLIS,0.0
2025-12-02,2025,Diciembre,LEADS-GAC ANGELÓPOLIS-DIC,2.0
2025-12-02,2025,Diciembre,LEADS-WHATSAPP-ANGELÓPOLIS-,3.0
2025-12-02,2025,Diciembre,WHATSAPP ASESORES TLAXCALA,2.0
2025-12-03,2025,Diciembre,CA ELÉCTRICOS,0.0
2025-12-03,2025,Diciembre,CA LEADS TLAXCALA,0.0
2025-12-03,2025,Diciembre,CA-ANA-TLAXCALA,0.0
2025-12-03,2025,Diciembre,CA-RMKT ANGELOPOLIS,0.0
2025-12-03,2025,Diciembre,CA-WHATSAPP-ASESORES-ANGELOPOLIS,6.0
2025-12-03,2025,Diciembre,LEADS-EMZOOM-GAC ANGELÓPOLIS,0.0
2025-12-03,2025,Diciembre,LEADS-GAC ANGELÓPOLIS-DIC,3.0
2025-12-03,2025,Diciembre,LEADS-WHATSAPP-ANGELÓPOLIS-,4.0
2025-12-03,2025,Diciembre,WHATSAPP ASESORES TLAXCALA,3.0
2025-12-04,2025,Diciembre,CA ELÉCTRICOS,0.0
2025-12-04,2025,Diciembre,CA LEADS TLAXCALA,0.0
2025-12-04,2025,Diciembre,CA-ANA-TLAXCALA,0.0
2025-12-04,2025,Diciembre,CA-RMKT ANGELOPOLIS,0.0
2025-12-04,2025,Diciembre,CA-WHATSAPP-ASESORES-ANGELOPOLIS,7.0
2025-12-04,2025,Diciembre,LEADS-EMZOOM-GAC ANGELÓPOLIS,0.0
2025-12-04,2025,Diciembre,LEADS-GAC ANGELÓPOLIS-DIC,2.0
2025-12-04,2025,Diciembre,LEADS-WHATSAPP-ANGELÓPOLIS-,3.0
2025-12-04,2025,Diciembre,WHATSAPP ASESORES TLAXCALA,1.0
2025-12-05,2025,Diciembre,CA ELÉCTRICOS,0.0
2025-12-05,2025,Diciembre,CA LEADS TLAXCALA,0.0
2025-12-05,2025,Diciembre,CA-ANA-TLAXCALA,0.0
2025-12-05,2025,Diciembre,CA-RMKT ANGELOPOLIS,0.0
2025-12-05,2025,Diciembre,CA-WHATSAPP-ASESORES-ANGELOPOLIS,5.0
2025-12-05,2025,Diciembre,LEADS-EMZOOM-GAC ANGELÓPOLIS,0.0
2025-12-05,2025,Diciembre,LEADS-GAC ANGELÓPOLIS-DIC,2.0
2025-12-05,2025,Diciembre,LEADS-WHATSAPP-ANGELÓPOLIS-,3.0
2025-12-05,2025,Diciembre,WHATSAPP ASESORES TLAXCALA,2.0
2025-12-06,2025,Diciembre,CA ELÉCTRICOS,0.0
2025-12-06,2025,Diciembre,CA LEADS TLAXCALA,0.0
2025-12-06,2025,Diciembre,CA-ANA-TLAXCALA,0.0
2025-12-06,2025,Diciembre,CA-RMKT ANGELOPOLIS,0.0
2025-12-06,2025,Diciembre,CA-WHATSAPP-ASESORES-ANGELOPOLIS,9.0
2025-12-06,2025,Diciembre,LEADS-EMZOOM-GAC ANGELÓPOLIS,0.0
2025-12-06,2025,Diciembre,LEADS-GAC ANGELÓPOLIS-DIC,6.0
2025-12-06,2025,Diciembre,LEADS-WHATSAPP-ANGELÓPOLIS-,2.0
2025-12-06,2025,Diciembre,WHATSAPP ASESORES TLAXCALA,1.0
2025-12-07,2025,Diciembre,CA ELÉCTRICOS,0.0
2025-12-07,2025,Diciembre,CA LEADS TLAXCALA,0.0
2025-12-07,2025,Diciembre,CA-ANA-TLAXCALA,0.0
2025-12-07,2025,Diciembre,CA-RMKT ANGELOPOLIS,0.0
2025-12-07,2025,Diciembre,CA-WHATSAPP-ASESORES-ANGELOPOLIS,11.0
2025-12-07,2025,Diciembre,LEADS-EMZOOM-GAC ANGELÓPOLIS,0.0
2025-12-07,2025,Diciembre,LEADS-GAC ANGELÓPOLIS-DIC,4.0
2025-12-07,2025,Diciembre,LEADS-WHATSAPP-ANGELÓPOLIS-,2.0
2025-12-07,2025,Diciembre,WHATSAPP ASESORES TLAXCALA,3.0
2025-12-08,2025,Diciembre,CA ELÉCTRICOS,0.0
2025-12-08,2025,Diciembre,CA LEADS TLAXCALA,0.0
2025-12-08,2025,Diciembre,CA-ANA-TLAXCALA,0.0
2025-12-08,2025,Diciembre,CA-RMKT ANGELOPOLIS,0.0
2025-12-08,2025,Diciembre,CA-WHATSAPP-ASESORES-ANGELOPOLIS,4.0
2025-12-08,2025,Diciembre,LEADS-EMZOOM-GAC ANGELÓPOLIS,0.0
2025-12-08,2025,Diciembre,LEADS-GAC ANGELÓPOLIS-DIC,3.0
2025-12-08,2025,Diciembre,LEADS-WHATSAPP-ANGELÓPOLIS-,2.0
2025-12-08,2025,Diciembre,WHATSAPP ASESORES TLAXCALA,3.0
2025-12-09,2025,Diciembre,CA ELÉCTRICOS,0.0
2025-12-09,2025,Diciembre,CA LEADS TLAXCALA,0.0
2025-12-09,2025,Diciembre,CA-ANA-TLAXCALA,0.0
2025-12-09,2025,Diciembre,CA-RMKT ANGELOPOLIS,0.0
2025-12-09,2025,Diciembre,CA-WHATSAPP-ASESORES-ANGELOPOLIS,3.0
2025-12-09,2025,Diciembre,LEADS-EMZOOM-GAC ANGELÓPOLIS,0.0
2025-12-09,2025,Diciembre,LEADS-GAC ANGELÓPOLIS-DIC,0.0
2025-12-09,2025,Diciembre,LEADS-WHATSAPP-ANGELÓPOLIS-,6.0
2025-12-09,2025,Diciembre,WHATSAPP ASESORES TLAXCALA,0.0
2025-12-10,2025,Diciembre,CA ELÉCTRICOS,0.0
2025-12-10,2025,Diciembre,CA LEADS TLAXCALA,0.0
2025-12-10,2025,Diciembre,CA-ANA-TLAXCALA,0.0
2025-12-10,2025,Diciembre,CA-RMKT ANGELOPOLIS,0.0
2025-12-10,2025,Diciembre,CA-WHATSAPP-ASESORES-ANGELOPOLIS,8.0
2025-12-10,2025,Diciembre,LEADS-EMZOOM-GAC ANGELÓPOLIS,0.0
2025-12-10,2025,Diciembre,LEADS-GAC ANGELÓPOLIS-DIC,0.0
2025-12-10,2025,Diciembre,LEADS-WHATSAPP-ANGELÓPOLIS-,7.0
2025-12-10,2025,Diciembre,WHATSAPP ASESORES TLAXCALA,4.0
2025-12-11,2025,Diciembre,CA ELÉCTRICOS,0.0
2025-12-11,2025,Diciembre,CA LEADS TLAXCALA,1.0
2025-12-11,2025,Diciembre,CA-ANA-TLAXCALA,0.0
2025-12-11,2025,Diciembre,CA-RMKT ANGELOPOLIS,0.0
2025-12-11,2025,Diciembre,CA-WHATSAPP-ASESORES-ANGELOPOLIS,11.0
2025-12-11,2025,Diciembre,LEADS-EMZOOM-GAC ANGELÓPOLIS,0.0
2025-12-11,2025,Diciembre,LEADS-GAC ANGELÓPOLIS-DIC,4.0
2025-12-11,2025,Diciembre,LEADS-WHATSAPP-ANGELÓPOLIS-,1.0
2025-12-11,2025,Diciembre,WHATSAPP ASESORES TLAXCALA,3.0
2025-12-12,2025,Diciembre,CA ELÉCTRICOS,0.0
2025-12-12,2025,Diciembre,CA LEADS TLAXCALA,2.0
2025-12-12,2025,Diciembre,CA-ANA-TLAXCALA,2.0
2025-12-12,2025,Diciembre,CA-RMKT ANGELOPOLIS,0.0
2025-12-12,2025,Diciembre,CA-WHATSAPP-ASESORES-ANGELOPOLIS,4.0
2025-12-12,2025,Diciembre,LEADS-EMZOOM-GAC ANGELÓPOLIS,5.0
2025-12-12,2025,Diciembre,LEADS-GAC ANGELÓPOLIS-DIC,5.0
2025-12-12,2025,Diciembre,LEADS-WHATSAPP-ANGELÓPOLIS-,1.0
2025-12-12,2025,Diciembre,WHATSAPP ASESORES TLAXCALA,2.0
2025-12-13,2025,Diciembre,CA ELÉCTRICOS,0.0
2025-12-13,2025,Diciembre,CA LEADS TLAXCALA,3.0
2025-12-13,2025,Diciembre,CA-ANA-TLAXCALA,7.0
2025-12-13,2025,Diciembre,CA-RMKT ANGELOPOLIS,0.0
2025-12-13,2025,Diciembre,CA-WHATSAPP-ASESORES-ANGELOPOLIS,8.0
2025-12-13,2025,Diciembre,LEADS-EMZOOM-GAC ANGELÓPOLIS,3.0
2025-12-13,2025,Diciembre,LEADS-GAC ANGELÓPOLIS-DIC,6.0
2025-12-13,2025,Diciembre,LEADS-WHATSAPP-ANGELÓPOLIS-,5.0
2025-12-13,2025,Diciembre,WHATSAPP ASESORES TLAXCALA,3.0
2025-12-14,2025,Diciembre,CA ELÉCTRICOS,0.0
2025-12-14,2025,Diciembre,CA LEADS TLAXCALA,0.0
2025-12-14,2025,Diciembre,CA-ANA-TLAXCALA,6.0
2025-12-14,2025,Diciembre,CA-RMKT ANGELOPOLIS,1.0
2025-12-14,2025,Diciembre,CA-WHATSAPP-ASESORES-ANGELOPOLIS,8.0
2025-12-14,2025,Diciembre,LEADS-EMZOOM-GAC ANGELÓPOLIS,3.0
2025-12-14,2025,Diciembre,LEADS-GAC ANGELÓPOLIS-DIC,5.0
2025-12-14,2025,Diciembre,LEADS-WHATSAPP-ANGELÓPOLIS-,8.0
2025-12-14,2025,Diciembre,WHATSAPP ASESORES TLAXCALA,0.0
2025-12-15,2025,Diciembre,CA ELÉCTRICOS,0.0
2025-12-15,2025,Diciembre,CA LEADS TLAXCALA,2.0
2025-12-15,2025,Diciembre,CA-ANA-TLAXCALA,4.0
2025-12-15,2025,Diciembre,CA-RMKT ANGELOPOLIS,2.0
2025-12-15,2025,Diciembre,CA-WHATSAPP-ASESORES-ANGELOPOLIS,15.0
2025-12-15,2025,Diciembre,LEADS-EMZOOM-GAC ANGELÓPOLIS,4.0
2025-12-15,2025,Diciembre,LEADS-GAC ANGELÓPOLIS-DIC,4.0
2025-12-15,2025,Diciembre,LEADS-WHATSAPP-ANGELÓPOLIS-,10.0
2025-12-15,2025,Diciembre,WHATSAPP ASESORES TLAXCALA,1.0
2025-12-16,2025,Diciembre,CA ELÉCTRICOS,0.0
2025-12-16,2025,Diciembre,CA LEADS TLAXCALA,2.0
2025-12-16,2025,Diciembre,CA-ANA-TLAXCALA,11.0
2025-12-16,2025,Diciembre,CA-RMKT ANGELOPOLIS,1.0
2025-12-16,2025,Diciembre,CA-WHATSAPP-ASESORES-ANGELOPOLIS,16.0
2025-12-16,2025,Diciembre,LEADS-EMZOOM-GAC ANGELÓPOLIS,4.0
2025-12-16,2025,Diciembre,LEADS-GAC ANGELÓPOLIS-DIC,5.0
2025-12-16,2025,Diciembre,LEADS-WHATSAPP-ANGELÓPOLIS-,8.0
2025-12-16,2025,Diciembre,WHATSAPP ASESORES TLAXCALA,12.0
2025-12-17,2025,Diciembre,CA ELÉCTRICOS,0.0
2025-12-17,2025,Diciembre,CA LEADS TLAXCALA,1.0
2025-12-17,2025,Diciembre,CA-ANA-TLAXCALA,7.0
2025-12-17,2025,Diciembre,CA-RMKT ANGELOPOLIS,1.0
2025-12-17,2025,Diciembre,CA-WHATSAPP-ASESORES-ANGELOPOLIS,14.0
2025-12-17,2025,Diciembre,LEADS-EMZOOM-GAC ANGELÓPOLIS,2.0
2025-12-17,2025,Diciembre,LEADS-GAC ANGELÓPOLIS-DIC,7.0
2025-12-17,2025,Diciembre,LEADS-WHATSAPP-ANGELÓPOLIS-,2.0
2025-12-17,2025,Diciembre,WHATSAPP ASESORES TLAXCALA,6.0
2025-12-18,2025,Diciembre,CA ELÉCTRICOS,0.0
2025-12-18,2025,Diciembre,CA LEADS TLAXCALA,2.0
2025-12-18,2025,Diciembre,CA-ANA-TLAXCALA,15.0
2025-12-18,2025,Diciembre,CA-RMKT ANGELOPOLIS,0.0
2025-12-18,2025,Diciembre,CA-WHATSAPP-ASESORES-ANGELOPOLIS,16.0
2025-12-18,2025,Diciembre,LEADS-EMZOOM-GAC ANGELÓPOLIS,2.0
2025-12-18,2025,Diciembre,LEADS-GAC ANGELÓPOLIS-DIC,2.0
2025-12-18,2025,Diciembre,LEADS-WHATSAPP-ANGELÓPOLIS-,3.0
2025-12-18,2025,Diciembre,WHATSAPP ASESORES TLAXCALA,9.0
2025-12-19,2025,Diciembre,CA ELÉCTRICOS,0.0
2025-12-19,2025,Diciembre,CA LEADS TLAXCALA,3.0
2025-12-19,2025,Diciembre,CA-ANA-TLAXCALA,6.0
2025-12-19,2025,Diciembre,CA-RMKT ANGELOPOLIS,1.0
2025-12-19,2025,Diciembre,CA-WHATSAPP-ASESORES-ANGELOPOLIS,12.0
2025-12-19,2025,Diciembre,LEADS-EMZOOM-GAC ANGELÓPOLIS,1.0
2025-12-19,2025,Diciembre,LEADS-GAC ANGELÓPOLIS-DIC,4.0
2025-12-19,2025,Diciembre,LEADS-WHATSAPP-ANGELÓPOLIS-,6.0
2025-12-19,2025,Diciembre,WHATSAPP ASESORES TLAXCALA,7.0
2025-12-20,2025,Diciembre,CA ELÉCTRICOS,0.0
2025-12-20,2025,Diciembre,CA LEADS TLAXCALA,1.0
2025-12-20,2025,Diciembre,CA-ANA-TLAXCALA,4.0
2025-12-20,2025,Diciembre,CA-RMKT ANGELOPOLIS,3.0
2025-12-20,2025,Diciembre,CA-WHATSAPP-ASESORES-ANGELOPOLIS,18.0
2025-12-20,2025,Diciembre,LEADS-EMZOOM-GAC ANGELÓPOLIS,1.0
2025-12-20,2025,Diciembre,LEADS-GAC ANGELÓPOLIS-DIC,2.0
2025-12-20,2025,Diciembre,LEADS-WHATSAPP-ANGELÓPOLIS-,6.0
2025-12-20,2025,Diciembre,WHATSAPP ASESORES TLAXCALA,4.0
2025-12-21,2025,Diciembre,CA ELÉCTRICOS,0.0
2025-12-21,2025,Diciembre,CA LEADS TLAXCALA,2.0
2025-12-21,2025,Diciembre,CA-ANA-TLAXCALA,7.0
2025-12-21,2025,Diciembre,CA-RMKT ANGELOPOLIS,3.0
2025-12-21,2025,Diciembre,CA-WHATSAPP-ASESORES-ANGELOPOLIS,4.62
2025-12-21,2025,Diciembre,LEADS-EMZOOM-GAC ANGELÓPOLIS,3.0
2025-12-21,2025,Diciembre,LEADS-GAC ANGELÓPOLIS-DIC,2.0
2025-12-21,2025,Diciembre,LEADS-WHATSAPP-ANGELÓPOLIS-,3.0
2025-12-21,2025,Diciembre,WHATSAPP ASESORES TLAXCALA,3.0
2025-12-22,2025,Diciembre,CA ELÉCTRICOS,0.0
2025-12-22,2025,Diciembre,CA LEADS TLAXCALA,5.0
2025-12-22,2025,Diciembre,CA-ANA-TLAXCALA,6.0
2025-12-22,2025,Diciembre,CA-RMKT ANGELOPOLIS,0.0
2025-12-22,2025,Diciembre,CA-WHATSAPP-ASESORES-ANGELOPOLIS,15.0
2025-12-22,2025,Diciembre,LEADS-EMZOOM-GAC ANGELÓPOLIS,7.0
2025-12-22,2025,Diciembre,LEADS-GAC ANGELÓPOLIS-DIC,8.0
2025-12-22,2025,Diciembre,LEADS-WHATSAPP-ANGELÓPOLIS-,4.0
2025-12-22,2025,Diciembre,WHATSAPP ASESORES TLAXCALA,0.0
2025-12-23,2025,Diciembre,CA ELÉCTRICOS,0.0
2025-12-23,2025,Diciembre,CA LEADS TLAXCALA,3.0
2025-12-23,2025,Diciembre,CA-ANA-TLAXCALA,10.0
2025-12-23,2025,Diciembre,CA-RMKT ANGELOPOLIS,0.0
2025-12-23,2025,Diciembre,CA-WHATSAPP-ASESORES-ANGELOPOLIS,8.0
2025-12-23,2025,Diciembre,LEADS-EMZOOM-GAC ANGELÓPOLIS,3.0
2025-12-23,2025,Diciembre,LEADS-GAC ANGELÓPOLIS-DIC,3.0
2025-12-23,2025,Diciembre,LEADS-WHATSAPP-ANGELÓPOLIS-,3.0
2025-12-23,2025,Diciembre,WHATSAPP ASESORES TLAXCALA,3.0
2025-12-24,2025,Diciembre,CA ELÉCTRICOS,4.0
2025-12-24,2025,Diciembre,CA LEADS TLAXCALA,4.0
2025-12-24,2025,Diciembre,CA-ANA-TLAXCALA,7.0
2025-12-24,2025,Diciembre,CA-RMKT ANGELOPOLIS,0.0
2025-12-24,2025,Diciembre,CA-WHATSAPP-ASESORES-ANGELOPOLIS,6.0
2025-12-24,2025,Diciembre,LEADS-EMZOOM-GAC ANGELÓPOLIS,2.0
2025-12-24,2025,Diciembre,LEADS-GAC ANGELÓPOLIS-DIC,1.0
2025-12-24,2025,Diciembre,LEADS-WHATSAPP-ANGELÓPOLIS-,5.0
2025-12-24,2025,Diciembre,WHATSAPP ASESORES TLAXCALA,2.0
2025-12-25,2025,Diciembre,CA ELÉCTRICOS,0.0
2025-12-25,2025,Diciembre,CA LEADS TLAXCALA,3.0
2025-12-25,2025,Diciembre,CA-ANA-TLAXCALA,3.0
2025-12-25,2025,Diciembre,CA-RMKT ANGELOPOLIS,0.0
2025-12-25,2025,Diciembre,CA-WHATSAPP-ASESORES-ANGELOPOLIS,8.0
2025-12-25,2025,Diciembre,LEADS-EMZOOM-GAC ANGELÓPOLIS,4.0
2025-12-25,2025,Diciembre,LEADS-GAC ANGELÓPOLIS-DIC,7.0
2025-12-25,2025,Diciembre,LEADS-WHATSAPP-ANGELÓPOLIS-,10.0
2025-12-25,2025,Diciembre,WHATSAPP ASESORES TLAXCALA,7.0
2025-12-26,2025,Diciembre,CA ELÉCTRICOS,6.0
2025-12-26,2025,Diciembre,CA LEADS TLAXCALA,3.0
2025-12-26,2025,Diciembre,CA-ANA-TLAXCALA,9.0
2025-12-26,2025,Diciembre,CA-RMKT ANGELOPOLIS,0.0
2025-12-26,2025,Diciembre,CA-WHATSAPP-ASESORES-ANGELOPOLIS,13.0
2025-12-26,2025,Diciembre,LEADS-EMZOOM-GAC ANGELÓPOLIS,3.0
2025-12-26,2025,Diciembre,LEADS-GAC ANGELÓPOLIS-DIC,6.0
2025-12-26,2025,Diciembre,LEADS-WHATSAPP-ANGELÓPOLIS-,6.0
2025-12-26,2025,Diciembre,WHATSAPP ASESORES TLAXCALA,8.0
2025-12-27,2025,Diciembre,CA ELÉCTRICOS,2.0
2025-12-27,2025,Diciembre,CA LEADS TLAXCALA,3.0
2025-12-27,2025,Diciembre,CA-ANA-TLAXCALA,4.0
2025-12-27,2025,Diciembre,CA-RMKT ANGELOPOLIS,0.0
2025-12-27,2025,Diciembre,CA-WHATSAPP-ASESORES-ANGELOPOLIS,8.0
2025-12-27,2025,Diciembre,LEADS-EMZOOM-GAC ANGELÓPOLIS,5.0
2025-12-27,2025,Diciembre,LEADS-GAC ANGELÓPOLIS-DIC,5.0
2025-12-27,2025,Diciembre,LEADS-WHATSAPP-ANGELÓPOLIS-,5.0
2025-12-27,2025,Diciembre,WHATSAPP ASESORES TLAXCALA,1.0
2025-12-28,2025,Diciembre,CA ELÉCTRICOS,3.0
2025-12-28,2025,Diciembre,CA LEADS TLAXCALA,2.0
2025-12-28,2025,Diciembre,CA-ANA-TLAXCALA,3.0
2025-12-28,2025,Diciembre,CA-RMKT ANGELOPOLIS,0.0
2025-12-28,2025,Diciembre,CA-WHATSAPP-ASESORES-ANGELOPOLIS,15.0
2025-12-28,2025,Diciembre,LEADS-EMZOOM-GAC ANGELÓPOLIS,3.0
2025-12-28,2025,Diciembre,LEADS-GAC ANGELÓPOLIS-DIC,4.0
2025-12-28,2025,Diciembre,LEADS-WHATSAPP-ANGELÓPOLIS-,13.0
2025-12-28,2025,Diciembre,WHATSAPP ASESORES TLAXCALA,6.0
2025-12-29,2025,Diciembre,CA ELÉCTRICOS,3.0
2025-12-29,2025,Diciembre,CA LEADS TLAXCALA,2.0
2025-12-29,2025,Diciembre,CA-ANA-TLAXCALA,9.0
2025-12-29,2025,Diciembre,CA-RMKT ANGELOPOLIS,0.0
2025-12-29,2025,Diciembre,CA-WHATSAPP-ASESORES-ANGELOPOLIS,15.0
2025-12-29,2025,Diciembre,LEADS-EMZOOM-GAC ANGELÓPOLIS,3.0
2025-12-29,2025,Diciembre,LEADS-GAC ANGELÓPOLIS-DIC,2.0
2025-12-29,2025,Diciembre,LEADS-WHATSAPP-ANGELÓPOLIS-,14.0
2025-12-29,2025,Diciembre,WHATSAPP ASESORES TLAXCALA,5.0
2025-12-30,2025,Diciembre,CA ELÉCTRICOS,3.0
2025-12-30,2025,Diciembre,CA LEADS TLAXCALA,3.0
2025-12-30,2025,Diciembre,CA-ANA-TLAXCALA,3.0
2025-12-30,2025,Diciembre,CA-RMKT ANGELOPOLIS,0.0
2025-12-30,2025,Diciembre,CA-WHATSAPP-ASESORES-ANGELOPOLIS,15.0
2025-12-30,2025,Diciembre,LEADS-EMZOOM-GAC ANGELÓPOLIS,0.0
2025-12-30,2025,Diciembre,LEADS-GAC ANGELÓPOLIS-DIC,1.0
2025-12-30,2025,Diciembre,LEADS-WHATSAPP-ANGELÓPOLIS-,10.0
2025-12-30,2025,Diciembre,WHATSAPP ASESORES TLAXCALA,5.0
2025-12-31,2025,Diciembre,CA ELÉCTRICOS,2.0
2025-12-31,2025,Diciembre,CA LEADS TLAXCALA,3.0
2025-12-31,2025,Diciembre,CA-ANA-TLAXCALA,6.0
2025-12-31,2025,Diciembre,CA-RMKT ANGELOPOLIS,0.0
2025-12-31,2025,Diciembre,CA-WHATSAPP-ASESORES-ANGELOPOLIS,12.0
2025-12-31,2025,Diciembre,LEADS-EMZOOM-GAC ANGELÓPOLIS,0.0
2025-12-31,2025,Diciembre,LEADS-GAC ANGELÓPOLIS-DIC,5.0
2025-12-31,2025,Diciembre,LEADS-WHATSAPP-ANGELÓPOLIS-,6.0
2025-12-31,2025,Diciembre,WHATSAPP ASESORES TLAXCALA,5.0
2026-01-01,2026,Enero,CA ASESORES TLAXCALA,6.0
2026-01-01,2026,Enero,CA ELÉCTRICOS GAC ANGELÓPOLIS,0.0
2026-01-01,2026,Enero,CA LEADS PACHUCA,0.0
2026-01-01,2026,Enero,CA LEADS TLAXCALA,2.0
2026-01-01,2026,Enero,CA-ANA-TLAXCALA,4.0
2026-01-01,2026,Enero,CA-WHATSAPP-ASESORES-ANGELOPOLIS,8.0
2026-01-01,2026,Enero,LEADS-GAC ANGELÓPOLIS-ENE,5.0
2026-01-01,2026,Enero,LEADS-WHATSAPP-ANGELÓPOLIS-,4.0
2026-01-02,2026,Enero,CA ASESORES TLAXCALA,4.0
2026-01-02,2026,Enero,CA ELÉCTRICOS GAC ANGELÓPOLIS,1.0
2026-01-02,2026,Enero,CA LEADS PACHUCA,0.0
2026-01-02,2026,Enero,CA LEADS TLAXCALA,5.0
2026-01-02,2026,Enero,CA-ANA-TLAXCALA,7.0
2026-01-02,2026,Enero,CA-WHATSAPP-ASESORES-ANGELOPOLIS,17.0
2026-01-02,2026,Enero,LEADS-GAC ANGELÓPOLIS-ENE,4.0
2026-01-02,2026,Enero,LEADS-WHATSAPP-ANGELÓPOLIS-,9.0
2026-01-03,2026,Enero,CA ASESORES TLAXCALA,5.0
2026-01-03,2026,Enero,CA ELÉCTRICOS GAC ANGELÓPOLIS,0.0
2026-01-03,2026,Enero,CA LEADS PACHUCA,0.0
2026-01-03,2026,Enero,CA LEADS TLAXCALA,2.0
2026-01-03,2026,Enero,CA-ANA-TLAXCALA,7.0
2026-01-03,2026,Enero,CA-WHATSAPP-ASESORES-ANGELOPOLIS,12.0
2026-01-03,2026,Enero,LEADS-GAC ANGELÓPOLIS-ENE,5.0
2026-01-03,2026,Enero,LEADS-WHATSAPP-ANGELÓPOLIS-,20.0
2026-01-04,2026,Enero,CA ASESORES TLAXCALA,8.0
2026-01-04,2026,Enero,CA ELÉCTRICOS GAC ANGELÓPOLIS,1.0
2026-01-04,2026,Enero,CA LEADS PACHUCA,0.0
2026-01-04,2026,Enero,CA LEADS TLAXCALA,2.0
2026-01-04,2026,Enero,CA-ANA-TLAXCALA,6.0
2026-01-04,2026,Enero,CA-WHATSAPP-ASESORES-ANGELOPOLIS,12.0
2026-01-04,2026,Enero,LEADS-GAC ANGELÓPOLIS-ENE,2.0
2026-01-04,2026,Enero,LEADS-WHATSAPP-ANGELÓPOLIS-,4.62
2026-01-05,2026,Enero,CA ASESORES TLAXCALA,7.0
2026-01-05,2026,Enero,CA ELÉCTRICOS GAC ANGELÓPOLIS,2.0
2026-01-05,2026,Enero,CA LEADS PACHUCA,0.0
2026-01-05,2026,Enero,CA LEADS TLAXCALA,1.0
2026-01-05,2026,Enero,CA-ANA-TLAXCALA,7.0
2026-01-05,2026,Enero,CA-WHATSAPP-ASESORES-ANGELOPOLIS,15.0
2026-01-05,2026,Enero,LEADS-GAC ANGELÓPOLIS-ENE,3.0
2026-01-05,2026,Enero,LEADS-WHATSAPP-ANGELÓPOLIS-,4.62
2026-01-06,2026,Enero,CA ASESORES TLAXCALA,3.0
2026-01-06,2026,Enero,CA ELÉCTRICOS GAC ANGELÓPOLIS,5.0
2026-01-06,2026,Enero,CA LEADS PACHUCA,0.0
2026-01-06,2026,Enero,CA LEADS TLAXCALA,2.0
2026-01-06,2026,Enero,CA-ANA-TLAXCALA,15.0
2026-01-06,2026,Enero,CA-WHATSAPP-ASESORES-ANGELOPOLIS,13.0
2026-01-06,2026,Enero,LEADS-GAC ANGELÓPOLIS-ENE,4.0
2026-01-06,2026,Enero,LEADS-WHATSAPP-ANGELÓPOLIS-,6.0
2026-01-07,2026,Enero,CA ASESORES TLAXCALA,5.0
2026-01-07,2026,Enero,CA ELÉCTRICOS GAC ANGELÓPOLIS,1.0
2026-01-07,2026,Enero,CA LEADS PACHUCA,2.0
2026-01-07,2026,Enero,CA LEADS TLAXCALA,1.0
2026-01-07,2026,Enero,CA-ANA-TLAXCALA,7.0
2026-01-07,2026,Enero,CA-WHATSAPP-ASESORES-ANGELOPOLIS,12.0
2026-01-07,2026,Enero,LEADS-GAC ANGELÓPOLIS-ENE,8.0
2026-01-07,2026,Enero,LEADS-WHATSAPP-ANGELÓPOLIS-,13.0
2026-01-08,2026,Enero,CA ASESORES TLAXCALA,7.0
2026-01-08,2026,Enero,CA ELÉCTRICOS GAC ANGELÓPOLIS,1.0
2026-01-08,2026,Enero,CA LEADS PACHUCA,6.0
2026-01-08,2026,Enero,CA LEADS TLAXCALA,0.0
2026-01-08,2026,Enero,CA-ANA-TLAXCALA,10.0
2026-01-08,2026,Enero,CA-WHATSAPP-ASESORES-ANGELOPOLIS,12.0
2026-01-08,2026,Enero,LEADS-GAC ANGELÓPOLIS-ENE,7.0
2026-01-08,2026,Enero,LEADS-WHATSAPP-ANGELÓPOLIS-,8.0
2026-01-09,2026,Enero,CA ASESORES TLAXCALA,0.0
2026-01-09,2026,Enero,CA ELÉCTRICOS GAC ANGELÓPOLIS,5.0
2026-01-09,2026,Enero,CA LEADS PACHUCA,2.0
2026-01-09,2026,Enero,CA LEADS TLAXCALA,1.0
2026-01-09,2026,Enero,CA-ANA-TLAXCALA,2.0
2026-01-09,2026,Enero,CA-WHATSAPP-ASESORES-ANGELOPOLIS,9.0
2026-01-09,2026,Enero,LEADS-GAC ANGELÓPOLIS-ENE,5.0
2026-01-09,2026,Enero,LEADS-WHATSAPP-ANGELÓPOLIS-,15.0
2026-01-10,2026,Enero,CA ASESORES TLAXCALA,5.0
2026-01-10,2026,Enero,CA ELÉCTRICOS GAC ANGELÓPOLIS,4.0
2026-01-10,2026,Enero,CA LEADS PACHUCA,6.0
2026-01-10,2026,Enero,CA LEADS TLAXCALA,3.0
2026-01-10,2026,Enero,CA-ANA-TLAXCALA,4.0
2026-01-10,2026,Enero,CA-WHATSAPP-ASESORES-ANGELOPOLIS,9.0
2026-01-10,2026,Enero,LEADS-GAC ANGELÓPOLIS-ENE,8.0
2026-01-10,2026,Enero,LEADS-WHATSAPP-ANGELÓPOLIS-,12.0
2026-01-11,2026,Enero,CA ASESORES TLAXCALA,3.0
2026-01-11,2026,Enero,CA ELÉCTRICOS GAC ANGELÓPOLIS,3.0
2026-01-11,2026,Enero,CA LEADS PACHUCA,2.0
2026-01-11,2026,Enero,CA LEADS TLAXCALA,3.0
2026-01-11,2026,Enero,CA-ANA-TLAXCALA,3.0
2026-01-11,2026,Enero,CA-WHATSAPP-ASESORES-ANGELOPOLIS,10.0
2026-01-11,2026,Enero,LEADS-GAC ANGELÓPOLIS-ENE,2.0
2026-01-11,2026,Enero,LEADS-WHATSAPP-ANGELÓPOLIS-,15.0
2026-01-12,2026,Enero,CA ASESORES TLAXCALA,2.0
2026-01-12,2026,Enero,CA ELÉCTRICOS GAC ANGELÓPOLIS,3.0
2026-01-12,2026,Enero,CA LEADS PACHUCA,2.0
2026-01-12,2026,Enero,CA LEADS TLAXCALA,2.0
2026-01-12,2026,Enero,CA-ANA-TLAXCALA,3.0
2026-01-12,2026,Enero,CA-WHATSAPP-ASESORES-ANGELOPOLIS,18.0
2026-01-12,2026,Enero,LEADS-GAC ANGELÓPOLIS-ENE,2.0
2026-01-12,2026,Enero,LEADS-WHATSAPP-ANGELÓPOLIS-,6.0
2026-01-13,2026,Enero,CA ASESORES TLAXCALA,4.0
2026-01-13,2026,Enero,CA ELÉCTRICOS GAC ANGELÓPOLIS,1.0
2026-01-13,2026,Enero,CA LEADS PACHUCA,4.0
2026-01-13,2026,Enero,CA LEADS TLAXCALA,1.0
2026-01-13,2026,Enero,CA-ANA-TLAXCALA,3.0
2026-01-13,2026,Enero,CA-WHATSAPP-ASESORES-ANGELOPOLIS,11.0
2026-01-13,2026,Enero,LEADS-GAC ANGELÓPOLIS-ENE,3.0
2026-01-13,2026,Enero,LEADS-WHATSAPP-ANGELÓPOLIS-,12.0
2026-01-14,2026,Enero,CA ASESORES TLAXCALA,5.0
2026-01-14,2026,Enero,CA ELÉCTRICOS GAC ANGELÓPOLIS,0.0
2026-01-14,2026,Enero,CA LEADS PACHUCA,2.0
2026-01-14,2026,Enero,CA LEADS TLAXCALA,1.0
2026-01-14,2026,Enero,CA-ANA-TLAXCALA,4.0
2026-01-14,2026,Enero,CA-WHATSAPP-ASESORES-ANGELOPOLIS,4.0
2026-01-14,2026,Enero,LEADS-GAC ANGELÓPOLIS-ENE,3.0
2026-01-14,2026,Enero,LEADS-WHATSAPP-ANGELÓPOLIS-,7.0
2026-01-15,2026,Enero,CA ASESORES TLAXCALA,1.0
2026-01-15,2026,Enero,CA ELÉCTRICOS GAC ANGELÓPOLIS,3.0
2026-01-15,2026,Enero,CA LEADS PACHUCA,3.0
2026-01-15,2026,Enero,CA LEADS TLAXCALA,2.0
2026-01-15,2026,Enero,CA-ANA-TLAXCALA,5.0
2026-01-15,2026,Enero,CA-WHATSAPP-ASESORES-ANGELOPOLIS,15.0
2026-01-15,2026,Enero,LEADS-GAC ANGELÓPOLIS-ENE,5.0
2026-01-15,2026,Enero,LEADS-WHATSAPP-ANGELÓPOLIS-,9.0
2026-01-16,2026,Enero,CA ASESORES TLAXCALA,3.0
2026-01-16,2026,Enero,CA ELÉCTRICOS GAC ANGELÓPOLIS,1.0
2026-01-16,2026,Enero,CA LEADS PACHUCA,4.0
2026-01-16,2026,Enero,CA LEADS TLAXCALA,1.0
2026-01-16,2026,Enero,CA-ANA-TLAXCALA,2.0
2026-01-16,2026,Enero,CA-WHATSAPP-ASESORES-ANGELOPOLIS,11.0
2026-01-16,2026,Enero,LEADS-GAC ANGELÓPOLIS-ENE,2.0
2026-01-16,2026,Enero,LEADS-WHATSAPP-ANGELÓPOLIS-,12.0
2026-01-17,2026,Enero,CA ASESORES TLAXCALA,1.0
2026-01-17,2026,Enero,CA ELÉCTRICOS GAC ANGELÓPOLIS,1.0
2026-01-17,2026,Enero,CA LEADS PACHUCA,1.0
2026-01-17,2026,Enero,CA LEADS TLAXCALA,2.0
2026-01-17,2026,Enero,CA-ANA-TLAXCALA,8.0
2026-01-17,2026,Enero,CA-WHATSAPP-ASESORES-ANGELOPOLIS,11.0
2026-01-17,2026,Enero,LEADS-GAC ANGELÓPOLIS-ENE,3.0
2026-01-17,2026,Enero,LEADS-WHATSAPP-ANGELÓPOLIS-,4.0
2026-01-18,2026,Enero,CA ASESORES TLAXCALA,3.0
2026-01-18,2026,Enero,CA ELÉCTRICOS GAC ANGELÓPOLIS,2.0
2026-01-18,2026,Enero,CA LEADS PACHUCA,4.0
2026-01-18,2026,Enero,CA LEADS TLAXCALA,3.0
2026-01-18,2026,Enero,CA-ANA-TLAXCALA,3.0
2026-01-18,2026,Enero,CA-WHATSAPP-ASESORES-ANGELOPOLIS,4.62
2026-01-18,2026,Enero,LEADS-GAC ANGELÓPOLIS-ENE,2.0
2026-01-18,2026,Enero,LEADS-WHATSAPP-ANGELÓPOLIS-,16.0
2026-01-19,2026,Enero,CA ASESORES TLAXCALA,4.0
2026-01-19,2026,Enero,CA ELÉCTRICOS GAC ANGELÓPOLIS,3.0
2026-01-19,2026,Enero,CA LEADS PACHUCA,1.0
2026-01-19,2026,Enero,CA LEADS TLAXCALA,1.0
2026-01-19,2026,Enero,CA-ANA-TLAXCALA,4.0
2026-01-19,2026,Enero,CA-WHATSAPP-ASESORES-ANGELOPOLIS,11.0
2026-01-19,2026,Enero,LEADS-GAC ANGELÓPOLIS-ENE,1.0
2026-01-19,2026,Enero,LEADS-WHATSAPP-ANGELÓPOLIS-,6.0
2026-01-20,2026,Enero,CA ASESORES TLAXCALA,2.0
2026-01-20,2026,Enero,CA ELÉCTRICOS GAC ANGELÓPOLIS,6.0
2026-01-20,2026,Enero,CA LEADS PACHUCA,0.0
2026-01-20,2026,Enero,CA LEADS TLAXCALA,2.0
2026-01-20,2026,Enero,CA-ANA-TLAXCALA,8.0
2026-01-20,2026,Enero,CA-WHATSAPP-ASESORES-ANGELOPOLIS,6.0
2026-01-20,2026,Enero,LEADS-GAC ANGELÓPOLIS-ENE,2.0
2026-01-20,2026,Enero,LEADS-WHATSAPP-ANGELÓPOLIS-,5.0
2026-01-21,2026,Enero,CA ASESORES TLAXCALA,1.0
2026-01-21,2026,Enero,CA ELÉCTRICOS GAC ANGELÓPOLIS,5.0
2026-01-21,2026,Enero,CA LEADS PACHUCA,2.0
2026-01-21,2026,Enero,CA LEADS TLAXCALA,2.0
2026-01-21,2026,Enero,CA-ANA-TLAXCALA,7.0
2026-01-21,2026,Enero,CA-WHATSAPP-ASESORES-ANGELOPOLIS,8.0
2026-01-21,2026,Enero,LEADS-GAC ANGELÓPOLIS-ENE,5.0
2026-01-21,2026,Enero,LEADS-WHATSAPP-ANGELÓPOLIS-,10.0
2026-01-22,2026,Enero,CA ASESORES TLAXCALA,3.0
2026-01-22,2026,Enero,CA ELÉCTRICOS GAC ANGELÓPOLIS,3.0
2026-01-22,2026,Enero,CA LEADS PACHUCA,2.0
2026-01-22,2026,Enero,CA LEADS TLAXCALA,0.0
2026-01-22,2026,Enero,CA-ANA-TLAXCALA,4.0
2026-01-22,2026,Enero,CA-WHATSAPP-ASESORES-ANGELOPOLIS,13.0
2026-01-22,2026,Enero,LEADS-GAC ANGELÓPOLIS-ENE,1.0
2026-01-22,2026,Enero,LEADS-WHATSAPP-ANGELÓPOLIS-,4.0
2026-01-23,2026,Enero,CA ASESORES TLAXCALA,5.0
2026-01-23,2026,Enero,CA ELÉCTRICOS GAC ANGELÓPOLIS,0.0
2026-01-23,2026,Enero,CA LEADS PACHUCA,1.0
2026-01-23,2026,Enero,CA LEADS TLAXCALA,1.0
2026-01-23,2026,Enero,CA-ANA-TLAXCALA,7.0
2026-01-23,2026,Enero,CA-WHATSAPP-ASESORES-ANGELOPOLIS,6.0
2026-01-23,2026,Enero,LEADS-GAC ANGELÓPOLIS-ENE,0.0
2026-01-23,2026,Enero,LEADS-WHATSAPP-ANGELÓPOLIS-,10.0
2026-01-24,2026,Enero,CA ASESORES TLAXCALA,2.0
2026-01-24,2026,Enero,CA ELÉCTRICOS GAC ANGELÓPOLIS,1.0
2026-01-24,2026,Enero,CA LEADS PACHUCA,2.0
2026-01-24,2026,Enero,CA LEADS TLAXCALA,3.0
2026-01-24,2026,Enero,CA-ANA-TLAXCALA,3.0
2026-01-24,2026,Enero,CA-WHATSAPP-ASESORES-ANGELOPOLIS,5.0
2026-01-24,2026,Enero,LEADS-GAC ANGELÓPOLIS-ENE,2.0
2026-01-24,2026,Enero,LEADS-WHATSAPP-ANGELÓPOLIS-,15.0
2026-01-25,2026,Enero,CA ASESORES TLAXCALA,6.0
2026-01-25,2026,Enero,CA ELÉCTRICOS GAC ANGELÓPOLIS,3.0
2026-01-25,2026,Enero,CA LEADS PACHUCA,4.0
2026-01-25,2026,Enero,CA LEADS TLAXCALA,0.0
2026-01-25,2026,Enero,CA-ANA-TLAXCALA,3.0
2026-01-25,2026,Enero,CA-WHATSAPP-ASESORES-ANGELOPOLIS,11.0
2026-01-25,2026,Enero,LEADS-GAC ANGELÓPOLIS-ENE,5.0
2026-01-25,2026,Enero,LEADS-WHATSAPP-ANGELÓPOLIS-,9.0
2026-01-26,2026,Enero,CA ASESORES TLAXCALA,5.0
2026-01-26,2026,Enero,CA ELÉCTRICOS GAC ANGELÓPOLIS,0.0
2026-01-26,2026,Enero,CA LEADS PACHUCA,3.0
2026-01-26,2026,Enero,CA LEADS TLAXCALA,0.0
2026-01-26,2026,Enero,CA-ANA-TLAXCALA,3.0
2026-01-26,2026,Enero,CA-WHATSAPP-ASESORES-ANGELOPOLIS,6.0
2026-01-26,2026,Enero,LEADS-GAC ANGELÓPOLIS-ENE,0.0
2026-01-26,2026,Enero,LEADS-WHATSAPP-ANGELÓPOLIS-,8.0
2026-01-27,2026,Enero,CA ASESORES TLAXCALA,2.0
2026-01-27,2026,Enero,CA ELÉCTRICOS GAC ANGELÓPOLIS,1.0
2026-01-27,2026,Enero,CA LEADS PACHUCA,1.0
2026-01-27,2026,Enero,CA LEADS TLAXCALA,0.0
2026-01-27,2026,Enero,CA-ANA-TLAXCALA,6.0
2026-01-27,2026,Enero,CA-WHATSAPP-ASESORES-ANGELOPOLIS,10.0
2026-01-27,2026,Enero,LEADS-GAC ANGELÓPOLIS-ENE,6.0
2026-01-27,2026,Enero,LEADS-WHATSAPP-ANGELÓPOLIS-,12.0
2026-01-28,2026,Enero,CA ASESORES TLAXCALA,0.0
2026-01-28,2026,Enero,CA ELÉCTRICOS GAC ANGELÓPOLIS,1.0
2026-01-28,2026,Enero,CA LEADS PACHUCA,1.0
2026-01-28,2026,Enero,CA LEADS TLAXCALA,0.0
2026-01-28,2026,Enero,CA-ANA-TLAXCALA,0.0
2026-01-28,2026,Enero,CA-WHATSAPP-ASESORES-ANGELOPOLIS,8.0
2026-01-28,2026,Enero,LEADS-GAC ANGELÓPOLIS-ENE,5.0
2026-01-28,2026,Enero,LEADS-WHATSAPP-ANGELÓPOLIS-,5.0
2026-01-29,2026,Enero,CA ASESORES TLAXCALA,2.0
2026-01-29,2026,Enero,CA ELÉCTRICOS GAC ANGELÓPOLIS,2.0
2026-01-29,2026,Enero,CA LEADS PACHUCA,1.0
2026-01-29,2026,Enero,CA LEADS TLAXCALA,0.0
2026-01-29,2026,Enero,CA-ANA-TLAXCALA,4.0
2026-01-29,2026,Enero,CA-WHATSAPP-ASESORES-ANGELOPOLIS,9.0
2026-01-29,2026,Enero,LEADS-GAC ANGELÓPOLIS-ENE,0.0
2026-01-29,2026,Enero,LEADS-WHATSAPP-ANGELÓPOLIS-,6.0
2026-01-30,2026,Enero,CA ASESORES TLAXCALA,5.0
2026-01-30,2026,Enero,CA ELÉCTRICOS GAC ANGELÓPOLIS,2.0
2026-01-30,2026,Enero,CA LEADS PACHUCA,1.0
2026-01-30,2026,Enero,CA LEADS TLAXCALA,0.0
2026-01-30,2026,Enero,CA-ANA-TLAXCALA,4.0
2026-01-30,2026,Enero,CA-WHATSAPP-ASESORES-ANGELOPOLIS,8.0
2026-01-30,2026,Enero,LEADS-GAC ANGELÓPOLIS-ENE,1.0
2026-01-30,2026,Enero,LEADS-WHATSAPP-ANGELÓPOLIS-,12.0
2026-01-31,2026,Enero,CA ASESORES TLAXCALA,4.0
2026-01-31,2026,Enero,CA ELÉCTRICOS GAC ANGELÓPOLIS,4.0
2026-01-31,2026,Enero,CA LEADS PACHUCA,2.0
2026-01-31,2026,Enero,CA LEADS TLAXCALA,0.0
2026-01-31,2026,Enero,CA-ANA-TLAXCALA,4.0
2026-01-31,2026,Enero,CA-WHATSAPP-ASESORES-ANGELOPOLIS,10.0
2026-01-31,2026,Enero,LEADS-GAC ANGELÓPOLIS-ENE,0.0
2026-01-31,2026,Enero,LEADS-WHATSAPP-ANGELÓPOLIS-,10.0
2026-02-01,2026,Febrero,CA ASESORES TLAXCALA,5.0
2026-02-01,2026,Febrero,CA ELÉCTRICOS GAC ANGELÓPOLIS,4.0
2026-02-01,2026,Febrero,CA LEADS PACHUCA,0.0
2026-02-01,2026,Febrero,CA LEADS TLAXCALA,2.0
2026-02-01,2026,Febrero,CA-ANA-TLAXCALA,3.0
2026-02-01,2026,Febrero,CA-WHATSAPP-ASESORES-ANGELOPOLIS,11.0
2026-02-01,2026,Febrero,LEADS-GAC ANGELÓPOLIS-ENE,4.0
2026-02-01,2026,Febrero,LEADS-WHATSAPP-ANGELÓPOLIS-,14.0
2026-02-02,2026,Febrero,CA ASESORES TLAXCALA,2.0
2026-02-02,2026,Febrero,CA ELÉCTRICOS GAC ANGELÓPOLIS,3.0
2026-02-02,2026,Febrero,CA LEADS PACHUCA,0.0
2026-02-02,2026,Febrero,CA LEADS TLAXCALA,1.0
2026-02-02,2026,Febrero,CA-ANA-TLAXCALA,6.0
2026-02-02,2026,Febrero,CA-WHATSAPP-ASESORES-ANGELOPOLIS,8.0
2026-02-02,2026,Febrero,LEADS-GAC ANGELÓPOLIS-ENE,3.0
2026-02-02,2026,Febrero,LEADS-WHATSAPP-ANGELÓPOLIS-,10.0
2026-02-03,2026,Febrero,CA ASESORES TLAXCALA,7.0
2026-02-03,2026,Febrero,CA ELÉCTRICOS GAC ANGELÓPOLIS,3.0
2026-02-03,2026,Febrero,CA LEADS PACHUCA,1.0
2026-02-03,2026,Febrero,CA LEADS TLAXCALA,0.0
2026-02-03,2026,Febrero,CA-ANA-TLAXCALA,2.0
2026-02-03,2026,Febrero,CA-WHATSAPP-ASESORES-ANGELOPOLIS,11.0
2026-02-03,2026,Febrero,LEADS-GAC ANGELÓPOLIS-ENE,2.0
2026-02-03,2026,Febrero,LEADS-WHATSAPP-ANGELÓPOLIS-,13.0
2026-02-04,2026,Febrero,CA ASESORES TLAXCALA,5.0
2026-02-04,2026,Febrero,CA ELÉCTRICOS GAC ANGELÓPOLIS,3.0
2026-02-04,2026,Febrero,CA LEADS PACHUCA,0.0
2026-02-04,2026,Febrero,CA LEADS TLAXCALA,5.0
2026-02-04,2026,Febrero,CA-ANA-TLAXCALA,3.0
2026-02-04,2026,Febrero,CA-WHATSAPP-ASESORES-ANGELOPOLIS,9.0
2026-02-04,2026,Febrero,LEADS-GAC ANGELÓPOLIS-ENE,3.0
2026-02-04,2026,Febrero,LEADS-WHATSAPP-ANGELÓPOLIS-,13.0
2026-02-05,2026,Febrero,CA ASESORES TLAXCALA,5.0
2026-02-05,2026,Febrero,CA ELÉCTRICOS GAC ANGELÓPOLIS,2.0
2026-02-05,2026,Febrero,CA LEADS PACHUCA,1.0
2026-02-05,2026,Febrero,CA LEADS TLAXCALA,4.0
2026-02-05,2026,Febrero,CA-ANA-TLAXCALA,3.0
2026-02-05,2026,Febrero,CA-WHATSAPP-ASESORES-ANGELOPOLIS,7.0
2026-02-05,2026,Febrero,LEADS-GAC ANGELÓPOLIS-ENE,2.0
2026-02-05,2026,Febrero,LEADS-WHATSAPP-ANGELÓPOLIS-,6.0
2026-02-06,2026,Febrero,CA ASESORES TLAXCALA,5.0
2026-02-06,2026,Febrero,CA ELÉCTRICOS GAC ANGELÓPOLIS,1.0
2026-02-06,2026,Febrero,CA LEADS PACHUCA,2.0
2026-02-06,2026,Febrero,CA LEADS TLAXCALA,1.0
2026-02-06,2026,Febrero,CA-ANA-TLAXCALA,2.0
2026-02-06,2026,Febrero,CA-WHATSAPP-ASESORES-ANGELOPOLIS,12.0
2026-02-06,2026,Febrero,LEADS-GAC ANGELÓPOLIS-ENE,0.0
2026-02-06,2026,Febrero,LEADS-WHATSAPP-ANGELÓPOLIS-,6.0
2026-02-07,2026,Febrero,CA ASESORES TLAXCALA,1.0
2026-02-07,2026,Febrero,CA ELÉCTRICOS GAC ANGELÓPOLIS,2.0
2026-02-07,2026,Febrero,CA LEADS PACHUCA,2.0
2026-02-07,2026,Febrero,CA LEADS TLAXCALA,2.0
2026-02-07,2026,Febrero,CA-ANA-TLAXCALA,7.0
2026-02-07,2026,Febrero,CA-WHATSAPP-ASESORES-ANGELOPOLIS,6.0
2026-02-07,2026,Febrero,LEADS-GAC ANGELÓPOLIS-ENE,0.0
2026-02-07,2026,Febrero,LEADS-WHATSAPP-ANGELÓPOLIS-,13.0
2026-02-08,2026,Febrero,CA ASESORES TLAXCALA,7.0
2026-02-08,2026,Febrero,CA ELÉCTRICOS GAC ANGELÓPOLIS,3.0
2026-02-08,2026,Febrero,CA LEADS PACHUCA,3.0
2026-02-08,2026,Febrero,CA LEADS TLAXCALA,1.0
2026-02-08,2026,Febrero,CA-ANA-TLAXCALA,7.0
2026-02-08,2026,Febrero,CA-WHATSAPP-ASESORES-ANGELOPOLIS,12.0
2026-02-08,2026,Febrero,LEADS-GAC ANGELÓPOLIS-ENE,1.0
2026-02-08,2026,Febrero,LEADS-WHATSAPP-ANGELÓPOLIS-,7.0
2026-02-09,2026,Febrero,CA ASESORES TLAXCALA,6.0
2026-02-09,2026,Febrero,CA ELÉCTRICOS GAC ANGELÓPOLIS,1.0
2026-02-09,2026,Febrero,CA LEADS PACHUCA,4.0
2026-02-09,2026,Febrero,CA LEADS TLAXCALA,1.0
2026-02-09,2026,Febrero,CA-ANA-TLAXCALA,5.0
2026-02-09,2026,Febrero,CA-WHATSAPP-ASESORES-ANGELOPOLIS,5.0
2026-02-09,2026,Febrero,LEADS-GAC ANGELÓPOLIS-ENE,2.0
2026-02-09,2026,Febrero,LEADS-WHATSAPP-ANGELÓPOLIS-,8.0
2026-02-10,2026,Febrero,CA ASESORES TLAXCALA,4.0
2026-02-10,2026,Febrero,CA ELÉCTRICOS GAC ANGELÓPOLIS,5.0
2026-02-10,2026,Febrero,CA LEADS PACHUCA,5.0
2026-02-10,2026,Febrero,CA LEADS TLAXCALA,0.0
2026-02-10,2026,Febrero,CA-ANA-TLAXCALA,3.0
2026-02-10,2026,Febrero,CA-WHATSAPP-ASESORES-ANGELOPOLIS,12.0
2026-02-10,2026,Febrero,LEADS-GAC ANGELÓPOLIS-ENE,2.0
2026-02-10,2026,Febrero,LEADS-WHATSAPP-ANGELÓPOLIS-,5.0
2026-02-11,2026,Febrero,CA ASESORES TLAXCALA,4.0
2026-02-11,2026,Febrero,CA ELÉCTRICOS GAC ANGELÓPOLIS,3.0
2026-02-11,2026,Febrero,CA LEADS PACHUCA,1.0
2026-02-11,2026,Febrero,CA LEADS TLAXCALA,1.0
2026-02-11,2026,Febrero,CA-ANA-TLAXCALA,3.0
2026-02-11,2026,Febrero,CA-WHATSAPP-ASESORES-ANGELOPOLIS,12.0
2026-02-11,2026,Febrero,LEADS-GAC ANGELÓPOLIS-ENE,1.0
2026-02-11,2026,Febrero,LEADS-WHATSAPP-ANGELÓPOLIS-,4.0
2026-02-12,2026,Febrero,CA ASESORES TLAXCALA,4.0
2026-02-12,2026,Febrero,CA ELÉCTRICOS GAC ANGELÓPOLIS,4.0
2026-02-12,2026,Febrero,CA LEADS PACHUCA,3.0
2026-02-12,2026,Febrero,CA LEADS TLAXCALA,1.0
2026-02-12,2026,Febrero,CA-ANA-TLAXCALA,1.0
2026-02-12,2026,Febrero,CA-WHATSAPP-ASESORES-ANGELOPOLIS,10.0
2026-02-12,2026,Febrero,LEADS-GAC ANGELÓPOLIS-ENE,4.0
2026-02-12,2026,Febrero,LEADS-WHATSAPP-ANGELÓPOLIS-,2.0
2026-02-13,2026,Febrero,CA ASESORES TLAXCALA,2.0
2026-02-13,2026,Febrero,CA ELÉCTRICOS GAC ANGELÓPOLIS,1.0
2026-02-13,2026,Febrero,CA LEADS PACHUCA,2.0
2026-02-13,2026,Febrero,CA LEADS TLAXCALA,1.0
2026-02-13,2026,Febrero,CA-ANA-TLAXCALA,2.0
2026-02-13,2026,Febrero,CA-WHATSAPP-ASESORES-ANGELOPOLIS,2.0
2026-02-13,2026,Febrero,LEADS-GAC ANGELÓPOLIS-ENE,0.0
2026-02-13,2026,Febrero,LEADS-WHATSAPP-ANGELÓPOLIS-,4.0
2026-02-14,2026,Febrero,CA ASESORES TLAXCALA,2.0
2026-02-14,2026,Febrero,CA ELÉCTRICOS GAC ANGELÓPOLIS,3.0
2026-02-14,2026,Febrero,CA LEADS PACHUCA,2.0
2026-02-14,2026,Febrero,CA LEADS TLAXCALA,0.0
2026-02-14,2026,Febrero,CA-ANA-TLAXCALA,6.0
2026-02-14,2026,Febrero,CA-WHATSAPP-ASESORES-ANGELOPOLIS,6.0
2026-02-14,2026,Febrero,LEADS-GAC ANGELÓPOLIS-ENE,0.0
2026-02-14,2026,Febrero,LEADS-WHATSAPP-ANGELÓPOLIS-,5.0
2026-02-15,2026,Febrero,CA ASESORES TLAXCALA,0.0
2026-02-15,2026,Febrero,CA ELÉCTRICOS GAC ANGELÓPOLIS,0.0
2026-02-15,2026,Febrero,CA LEADS PACHUCA,3.0
2026-02-15,2026,Febrero,CA LEADS TLAXCALA,3.0
2026-02-15,2026,Febrero,CA-ANA-TLAXCALA,4.0
2026-02-15,2026,Febrero,CA-WHATSAPP-ASESORES-ANGELOPOLIS,4.0
2026-02-15,2026,Febrero,LEADS-GAC ANGELÓPOLIS-ENE,4.0
2026-02-15,2026,Febrero,LEADS-WHATSAPP-ANGELÓPOLIS-,5.0
2026-02-16,2026,Febrero,CA ASESORES TLAXCALA,2.0
2026-02-16,2026,Febrero,CA ELÉCTRICOS GAC ANGELÓPOLIS,2.0
2026-02-16,2026,Febrero,CA LEADS PACHUCA,2.0
2026-02-16,2026,Febrero,CA LEADS TLAXCALA,2.0
2026-02-16,2026,Febrero,CA-ANA-TLAXCALA,3.0
2026-02-16,2026,Febrero,CA-WHATSAPP-ASESORES-ANGELOPOLIS,7.0
2026-02-16,2026,Febrero,LEADS-GAC ANGELÓPOLIS-ENE,2.0
2026-02-16,2026,Febrero,LEADS-WHATSAPP-ANGELÓPOLIS-,8.0
2026-02-17,2026,Febrero,CA ASESORES TLAXCALA,3.0
2026-02-17,2026,Febrero,CA ELÉCTRICOS GAC ANGELÓPOLIS,3.0
2026-02-17,2026,Febrero,CA LEADS PACHUCA,3.0
2026-02-17,2026,Febrero,CA LEADS TLAXCALA,3.0
2026-02-17,2026,Febrero,CA-ANA-TLAXCALA,4.0
2026-02-17,2026,Febrero,CA-WHATSAPP-ASESORES-ANGELOPOLIS,10.0
2026-02-17,2026,Febrero,LEADS-GAC ANGELÓPOLIS-ENE,1.0
2026-02-17,2026,Febrero,LEADS-WHATSAPP-ANGELÓPOLIS-,4.0
2026-02-18,2026,Febrero,CA ASESORES TLAXCALA,3.0
2026-02-18,2026,Febrero,CA ELÉCTRICOS GAC ANGELÓPOLIS,2.0
2026-02-18,2026,Febrero,CA LEADS PACHUCA,4.0
2026-02-18,2026,Febrero,CA LEADS TLAXCALA,0.0
2026-02-18,2026,Febrero,CA-ANA-TLAXCALA,5.0
2026-02-18,2026,Febrero,CA-WHATSAPP-ASESORES-ANGELOPOLIS,13.0
2026-02-18,2026,Febrero,LEADS-GAC ANGELÓPOLIS-ENE,2.0
2026-02-18,2026,Febrero,LEADS-WHATSAPP-ANGELÓPOLIS-,4.0
2026-02-19,2026,Febrero,CA ASESORES TLAXCALA,2.0
2026-02-19,2026,Febrero,CA ELÉCTRICOS GAC ANGELÓPOLIS,2.0
2026-02-19,2026,Febrero,CA LEADS PACHUCA,6.0
2026-02-19,2026,Febrero,CA LEADS TLAXCALA,1.0
2026-02-19,2026,Febrero,CA-ANA-TLAXCALA,5.0
2026-02-19,2026,Febrero,CA-WHATSAPP-ASESORES-ANGELOPOLIS,8.0
2026-02-19,2026,Febrero,LEADS-GAC ANGELÓPOLIS-ENE,0.0
2026-02-19,2026,Febrero,LEADS-WHATSAPP-ANGELÓPOLIS-,2.0
2026-02-20,2026,Febrero,CA ASESORES TLAXCALA,4.0
2026-02-20,2026,Febrero,CA ELÉCTRICOS GAC ANGELÓPOLIS,4.0
2026-02-20,2026,Febrero,CA LEADS PACHUCA,0.0
2026-02-20,2026,Febrero,CA LEADS TLAXCALA,4.0
2026-02-20,2026,Febrero,CA-ANA-TLAXCALA,2.0
2026-02-20,2026,Febrero,CA-WHATSAPP-ASESORES-ANGELOPOLIS,6.0
2026-02-20,2026,Febrero,LEADS-GAC ANGELÓPOLIS-ENE,2.0
2026-02-20,2026,Febrero,LEADS-WHATSAPP-ANGELÓPOLIS-,2.0
2026-02-21,2026,Febrero,CA ASESORES TLAXCALA,4.0
2026-02-21,2026,Febrero,CA ELÉCTRICOS GAC ANGELÓPOLIS,6.0
2026-02-21,2026,Febrero,CA LEADS PACHUCA,2.0
2026-02-21,2026,Febrero,CA LEADS TLAXCALA,0.0
2026-02-21,2026,Febrero,CA-ANA-TLAXCALA,0.0
2026-02-21,2026,Febrero,CA-WHATSAPP-ASESORES-ANGELOPOLIS,7.0
2026-02-21,2026,Febrero,LEADS-GAC ANGELÓPOLIS-ENE,2.0
2026-02-21,2026,Febrero,LEADS-WHATSAPP-ANGELÓPOLIS-,0.0
2026-02-22,2026,Febrero,CA ASESORES TLAXCALA,4.0
2026-02-22,2026,Febrero,CA ELÉCTRICOS GAC ANGELÓPOLIS,2.0
2026-02-22,2026,Febrero,CA LEADS PACHUCA,2.0
2026-02-22,2026,Febrero,CA LEADS TLAXCALA,2.0
2026-02-22,2026,Febrero,CA-ANA-TLAXCALA,2.0
2026-02-22,2026,Febrero,CA-WHATSAPP-ASESORES-ANGELOPOLIS,11.0
2026-02-22,2026,Febrero,LEADS-GAC ANGELÓPOLIS-ENE,2.0
2026-02-22,2026,Febrero,LEADS-WHATSAPP-ANGELÓPOLIS-,4.0
2026-02-23,2026,Febrero,CA ASESORES TLAXCALA,2.0
2026-02-23,2026,Febrero,CA ELÉCTRICOS GAC ANGELÓPOLIS,0.0
2026-02-23,2026,Febrero,CA LEADS PACHUCA,2.0
2026-02-23,2026,Febrero,CA LEADS TLAXCALA,2.0
2026-02-23,2026,Febrero,CA-ANA-TLAXCALA,1.0
2026-02-23,2026,Febrero,CA-WHATSAPP-ASESORES-ANGELOPOLIS,13.0
2026-02-23,2026,Febrero,LEADS-GAC ANGELÓPOLIS-ENE,2.0
2026-02-23,2026,Febrero,LEADS-WHATSAPP-ANGELÓPOLIS-,6.0
2026-02-24,2026,Febrero,CA ASESORES TLAXCALA,2.0
2026-02-24,2026,Febrero,CA ELÉCTRICOS GAC ANGELÓPOLIS,2.0
2026-02-24,2026,Febrero,CA LEADS PACHUCA,0.0
2026-02-24,2026,Febrero,CA LEADS TLAXCALA,1.0
2026-02-24,2026,Febrero,CA-ANA-TLAXCALA,5.0
2026-02-24,2026,Febrero,CA-WHATSAPP-ASESORES-ANGELOPOLIS,13.0
2026-02-24,2026,Febrero,LEADS-GAC ANGELÓPOLIS-ENE,3.0
2026-02-24,2026,Febrero,LEADS-WHATSAPP-ANGELÓPOLIS-,8.0
2026-02-25,2026,Febrero,CA ASESORES TLAXCALA,3.0
2026-02-25,2026,Febrero,CA ELÉCTRICOS GAC ANGELÓPOLIS,4.0
2026-02-25,2026,Febrero,CA LEADS PACHUCA,1.0
2026-02-25,2026,Febrero,CA LEADS TLAXCALA,1.0
2026-02-25,2026,Febrero,CA-ANA-TLAXCALA,6.0
2026-02-25,2026,Febrero,CA-WHATSAPP-ASESORES-ANGELOPOLIS,10.0
2026-02-25,2026,Febrero,LEADS-GAC ANGELÓPOLIS-ENE,3.0
2026-02-25,2026,Febrero,LEADS-WHATSAPP-ANGELÓPOLIS-,6.0
2026-02-26,2026,Febrero,CA ASESORES TLAXCALA,2.0
2026-02-26,2026,Febrero,CA ELÉCTRICOS GAC ANGELÓPOLIS,0.0
2026-02-26,2026,Febrero,CA LEADS PACHUCA,1.0
2026-02-26,2026,Febrero,CA LEADS TLAXCALA,1.0
2026-02-26,2026,Febrero,CA-ANA-TLAXCALA,4.0
2026-02-26,2026,Febrero,CA-WHATSAPP-ASESORES-ANGELOPOLIS,6.0
2026-02-26,2026,Febrero,LEADS-GAC ANGELÓPOLIS-ENE,0.0
2026-02-26,2026,Febrero,LEADS-WHATSAPP-ANGELÓPOLIS-,4.0
2026-02-27,2026,Febrero,CA ASESORES TLAXCALA,4.0
2026-02-27,2026,Febrero,CA ELÉCTRICOS GAC ANGELÓPOLIS,2.0
2026-02-27,2026,Febrero,CA LEADS PACHUCA,1.0
2026-02-27,2026,Febrero,CA LEADS TLAXCALA,1.0
2026-02-27,2026,Febrero,CA-ANA-TLAXCALA,1.0
2026-02-27,2026,Febrero,CA-WHATSAPP-ASESORES-ANGELOPOLIS,3.0
2026-02-27,2026,Febrero,LEADS-GAC ANGELÓPOLIS-ENE,0.0
2026-02-27,2026,Febrero,LEADS-WHATSAPP-ANGELÓPOLIS-,3.0
2026-02-28,2026,Febrero,CA ASESORES TLAXCALA,1.0
2026-02-28,2026,Febrero,CA ELÉCTRICOS GAC ANGELÓPOLIS,0.0
2026-02-28,2026,Febrero,CA LEADS PACHUCA,1.0
2026-02-28,2026,Febrero,CA LEADS TLAXCALA,0.0
2026-02-28,2026,Febrero,CA-ANA-TLAXCALA,2.0
2026-02-28,2026,Febrero,CA-WHATSAPP-ASESORES-ANGELOPOLIS,6.0
2026-02-28,2026,Febrero,LEADS-GAC ANGELÓPOLIS-ENE,0.0
2026-02-28,2026,Febrero,LEADS-WHATSAPP-ANGELÓPOLIS-,6.0
2026-03-01,2026,Marzo,CA ASESORES TLAXCALA,3.0
2026-03-01,2026,Marzo,CA ELÉCTRICOS GAC ANGELÓPOLIS,0.0
2026-03-01,2026,Marzo,CA LEADS PACHUCA,0.0
2026-03-01,2026,Marzo,CA LEADS TLAXCALA,1.0
2026-03-01,2026,Marzo,CA-WHATSAPP-ASESORES-ANGELOPOLIS,10.0
2026-03-01,2026,Marzo,LEADS-GAC ANGELÓPOLIS-ENE,4.0
2026-03-01,2026,Marzo,LEADS-WHATSAPP-ANGELÓPOLIS-,1.0
2026-03-02,2026,Marzo,CA ASESORES TLAXCALA,0.0
2026-03-02,2026,Marzo,CA ELÉCTRICOS GAC ANGELÓPOLIS,0.0
2026-03-02,2026,Marzo,CA LEADS PACHUCA,0.0
2026-03-02,2026,Marzo,CA LEADS TLAXCALA,2.0
2026-03-02,2026,Marzo,CA-WHATSAPP-ASESORES-ANGELOPOLIS,0.0
2026-03-02,2026,Marzo,LEADS-GAC ANGELÓPOLIS-ENE,3.0
2026-03-02,2026,Marzo,LEADS-WHATSAPP-ANGELÓPOLIS-,2.0
2026-03-03,2026,Marzo,CA ASESORES TLAXCALA,0.0
2026-03-03,2026,Marzo,CA ELÉCTRICOS GAC ANGELÓPOLIS,0.0
2026-03-03,2026,Marzo,CA LEADS PACHUCA,0.0
2026-03-03,2026,Marzo,CA LEADS TLAXCALA,2.0
2026-03-03,2026,Marzo,CA-WHATSAPP-ASESORES-ANGELOPOLIS,0.0
2026-03-03,2026,Marzo,LEADS-GAC ANGELÓPOLIS-ENE,1.0
2026-03-03,2026,Marzo,LEADS-WHATSAPP-ANGELÓPOLIS-,4.0
2026-03-04,2026,Marzo,CA ASESORES TLAXCALA,0.0
2026-03-04,2026,Marzo,CA ELÉCTRICOS GAC ANGELÓPOLIS,0.0
2026-03-04,2026,Marzo,CA LEADS PACHUCA,2.0
2026-03-04,2026,Marzo,CA LEADS TLAXCALA,1.0
2026-03-04,2026,Marzo,CA-WHATSAPP-ASESORES-ANGELOPOLIS,5.0
2026-03-04,2026,Marzo,LEADS-GAC ANGELÓPOLIS-ENE,0.0
2026-03-04,2026,Marzo,LEADS-WHATSAPP-ANGELÓPOLIS-,8.0
2026-03-05,2026,Marzo,CA ASESORES TLAXCALA,9.0
2026-03-05,2026,Marzo,CA ELÉCTRICOS GAC ANGELÓPOLIS,0.0
2026-03-05,2026,Marzo,CA LEADS PACHUCA,2.0
2026-03-05,2026,Marzo,CA LEADS TLAXCALA,1.0
2026-03-05,2026,Marzo,CA-WHATSAPP-ASESORES-ANGELOPOLIS,4.62
2026-03-05,2026,Marzo,LEADS-GAC ANGELÓPOLIS-ENE,0.0
2026-03-05,2026,Marzo,LEADS-WHATSAPP-ANGELÓPOLIS-,10.0
2026-03-06,2026,Marzo,CA ASESORES TLAXCALA,7.0
2026-03-06,2026,Marzo,CA ELÉCTRICOS GAC ANGELÓPOLIS,0.0
2026-03-06,2026,Marzo,CA LEADS PACHUCA,0.0
2026-03-06,2026,Marzo,CA LEADS TLAXCALA,2.0
2026-03-06,2026,Marzo,CA-WHATSAPP-ASESORES-ANGELOPOLIS,9.0
2026-03-06,2026,Marzo,LEADS-GAC ANGELÓPOLIS-ENE,0.0
2026-03-06,2026,Marzo,LEADS-WHATSAPP-ANGELÓPOLIS-,5.0
2026-03-07,2026,Marzo,CA ASESORES TLAXCALA,4.0
2026-03-07,2026,Marzo,CA ELÉCTRICOS GAC ANGELÓPOLIS,0.0
2026-03-07,2026,Marzo,CA LEADS PACHUCA,1.0
2026-03-07,2026,Marzo,CA LEADS TLAXCALA,1.0
2026-03-07,2026,Marzo,CA-WHATSAPP-ASESORES-ANGELOPOLIS,15.0
2026-03-07,2026,Marzo,LEADS-GAC ANGELÓPOLIS-ENE,1.0
2026-03-07,2026,Marzo,LEADS-WHATSAPP-ANGELÓPOLIS-,5.0
2026-03-08,2026,Marzo,CA ASESORES TLAXCALA,5.0
2026-03-08,2026,Marzo,CA ELÉCTRICOS GAC ANGELÓPOLIS,0.0
2026-03-08,2026,Marzo,CA LEADS PACHUCA,3.0
2026-03-08,2026,Marzo,CA LEADS TLAXCALA,3.0
2026-03-08,2026,Marzo,CA-WHATSAPP-ASESORES-ANGELOPOLIS,4.62
2026-03-08,2026,Marzo,LEADS-GAC ANGELÓPOLIS-ENE,1.0
2026-03-08,2026,Marzo,LEADS-WHATSAPP-ANGELÓPOLIS-,7.0
2026-03-09,2026,Marzo,CA ASESORES TLAXCALA,9.0
2026-03-09,2026,Marzo,CA ELÉCTRICOS GAC ANGELÓPOLIS,2.0
2026-03-09,2026,Marzo,CA LEADS PACHUCA,0.0
2026-03-09,2026,Marzo,CA LEADS TLAXCALA,0.0
2026-03-09,2026,Marzo,CA-WHATSAPP-ASESORES-ANGELOPOLIS,21.0
2026-03-09,2026,Marzo,LEADS-GAC ANGELÓPOLIS-ENE,2.0
2026-03-09,2026,Marzo,LEADS-WHATSAPP-ANGELÓPOLIS-,7.0
2026-03-10,2026,Marzo,CA ASESORES TLAXCALA,7.0
2026-03-10,2026,Marzo,CA ELÉCTRICOS GAC ANGELÓPOLIS,0.0
2026-03-10,2026,Marzo,CA LEADS PACHUCA,0.0
2026-03-10,2026,Marzo,CA LEADS TLAXCALA,1.0
2026-03-10,2026,Marzo,CA-WHATSAPP-ASESORES-ANGELOPOLIS,11.0
2026-03-10,2026,Marzo,LEADS-GAC ANGELÓPOLIS-ENE,1.0
2026-03-10,2026,Marzo,LEADS-WHATSAPP-ANGELÓPOLIS-,5.0
2026-03-11,2026,Marzo,CA ASESORES TLAXCALA,6.0
2026-03-11,2026,Marzo,CA ELÉCTRICOS GAC ANGELÓPOLIS,0.0
2026-03-11,2026,Marzo,CA LEADS PACHUCA,1.0
2026-03-11,2026,Marzo,CA LEADS TLAXCALA,1.0
2026-03-11,2026,Marzo,CA-WHATSAPP-ASESORES-ANGELOPOLIS,19.0
2026-03-11,2026,Marzo,LEADS-GAC ANGELÓPOLIS-ENE,1.0
2026-03-11,2026,Marzo,LEADS-WHATSAPP-ANGELÓPOLIS-,1.0
2026-03-12,2026,Marzo,CA ASESORES TLAXCALA,7.0
2026-03-12,2026,Marzo,CA ELÉCTRICOS GAC ANGELÓPOLIS,0.0
2026-03-12,2026,Marzo,CA LEADS PACHUCA,0.0
2026-03-12,2026,Marzo,CA LEADS TLAXCALA,0.0
2026-03-12,2026,Marzo,CA-WHATSAPP-ASESORES-ANGELOPOLIS,9.0
2026-03-12,2026,Marzo,LEADS-GAC ANGELÓPOLIS-ENE,2.0
2026-03-12,2026,Marzo,LEADS-WHATSAPP-ANGELÓPOLIS-,4.0
2026-03-13,2026,Marzo,CA ASESORES TLAXCALA,3.0
2026-03-13,2026,Marzo,CA ELÉCTRICOS GAC ANGELÓPOLIS,0.0
2026-03-13,2026,Marzo,CA LEADS PACHUCA,3.0
2026-03-13,2026,Marzo,CA LEADS TLAXCALA,0.0
2026-03-13,2026,Marzo,CA-WHATSAPP-ASESORES-ANGELOPOLIS,9.0
2026-03-13,2026,Marzo,LEADS-GAC ANGELÓPOLIS-ENE,2.0
2026-03-13,2026,Marzo,LEADS-WHATSAPP-ANGELÓPOLIS-,6.0
2026-03-14,2026,Marzo,CA ASESORES TLAXCALA,9.0
2026-03-14,2026,Marzo,CA ELÉCTRICOS GAC ANGELÓPOLIS,0.0
2026-03-14,2026,Marzo,CA LEADS PACHUCA,3.0
2026-03-14,2026,Marzo,CA LEADS TLAXCALA,0.0
2026-03-14,2026,Marzo,CA-WHATSAPP-ASESORES-ANGELOPOLIS,6.0
2026-03-14,2026,Marzo,LEADS-GAC ANGELÓPOLIS-ENE,2.0
2026-03-14,2026,Marzo,LEADS-WHATSAPP-ANGELÓPOLIS-,3.0
2026-03-15,2026,Marzo,CA ASESORES TLAXCALA,4.0
2026-03-15,2026,Marzo,CA ELÉCTRICOS GAC ANGELÓPOLIS,0.0
2026-03-15,2026,Marzo,CA LEADS PACHUCA,1.0
2026-03-15,2026,Marzo,CA LEADS TLAXCALA,2.0
2026-03-15,2026,Marzo,CA-WHATSAPP-ASESORES-ANGELOPOLIS,4.62
2026-03-15,2026,Marzo,LEADS-GAC ANGELÓPOLIS-ENE,3.0
2026-03-15,2026,Marzo,LEADS-WHATSAPP-ANGELÓPOLIS-,9.0
2026-03-16,2026,Marzo,CA ASESORES TLAXCALA,5.0
2026-03-16,2026,Marzo,CA ELÉCTRICOS GAC ANGELÓPOLIS,0.0
2026-03-16,2026,Marzo,CA LEADS PACHUCA,0.0
2026-03-16,2026,Marzo,CA LEADS TLAXCALA,0.0
2026-03-16,2026,Marzo,CA-WHATSAPP-ASESORES-ANGELOPOLIS,16.0
2026-03-16,2026,Marzo,LEADS-GAC ANGELÓPOLIS-ENE,5.0
2026-03-16,2026,Marzo,LEADS-WHATSAPP-ANGELÓPOLIS-,10.0
2026-03-17,2026,Marzo,CA ASESORES TLAXCALA,2.0
2026-03-17,2026,Marzo,CA ELÉCTRICOS GAC ANGELÓPOLIS,0.0
2026-03-17,2026,Marzo,CA LEADS PACHUCA,1.0
2026-03-17,2026,Marzo,CA LEADS TLAXCALA,3.0
2026-03-17,2026,Marzo,CA-WHATSAPP-ASESORES-ANGELOPOLIS,19.0
2026-03-17,2026,Marzo,LEADS-GAC ANGELÓPOLIS-ENE,0.0
2026-03-17,2026,Marzo,LEADS-WHATSAPP-ANGELÓPOLIS-,8.0
2026-03-18,2026,Marzo,CA ASESORES TLAXCALA,0.0
2026-03-18,2026,Marzo,CA ELÉCTRICOS GAC ANGELÓPOLIS,0.0
2026-03-18,2026,Marzo,CA LEADS PACHUCA,0.0
2026-03-18,2026,Marzo,CA LEADS TLAXCALA,2.0
2026-03-18,2026,Marzo,CA-WHATSAPP-ASESORES-ANGELOPOLIS,9.0
2026-03-18,2026,Marzo,LEADS-GAC ANGELÓPOLIS-ENE,0.0
2026-03-18,2026,Marzo,LEADS-WHATSAPP-ANGELÓPOLIS-,1.0
2026-03-19,2026,Marzo,CA ASESORES TLAXCALA,0.0
2026-03-19,2026,Marzo,CA ELÉCTRICOS GAC ANGELÓPOLIS,0.0
2026-03-19,2026,Marzo,CA LEADS PACHUCA,0.0
2026-03-19,2026,Marzo,CA LEADS TLAXCALA,0.0
2026-03-19,2026,Marzo,CA-WHATSAPP-ASESORES-ANGELOPOLIS,0.0
2026-03-19,2026,Marzo,LEADS-GAC ANGELÓPOLIS-ENE,1.0
2026-03-19,2026,Marzo,LEADS-WHATSAPP-ANGELÓPOLIS-,0.0
2026-03-20,2026,Marzo,CA ASESORES TLAXCALA,3.0
2026-03-20,2026,Marzo,CA ELÉCTRICOS GAC ANGELÓPOLIS,0.0
2026-03-20,2026,Marzo,CA LEADS PACHUCA,1.0
2026-03-20,2026,Marzo,CA LEADS TLAXCALA,0.0
2026-03-20,2026,Marzo,CA-WHATSAPP-ASESORES-ANGELOPOLIS,0.0
2026-03-20,2026,Marzo,LEADS-GAC ANGELÓPOLIS-ENE,1.0
2026-03-20,2026,Marzo,LEADS-WHATSAPP-ANGELÓPOLIS-,1.0
2026-03-21,2026,Marzo,CA ASESORES TLAXCALA,3.0
2026-03-21,2026,Marzo,CA ELÉCTRICOS GAC ANGELÓPOLIS,0.0
2026-03-21,2026,Marzo,CA LEADS PACHUCA,2.0
2026-03-21,2026,Marzo,CA LEADS TLAXCALA,1.0
2026-03-21,2026,Marzo,CA-WHATSAPP-ASESORES-ANGELOPOLIS,16.0
2026-03-21,2026,Marzo,LEADS-GAC ANGELÓPOLIS-ENE,0.0
2026-03-21,2026,Marzo,LEADS-WHATSAPP-ANGELÓPOLIS-,7.0
2026-03-22,2026,Marzo,CA ASESORES TLAXCALA,1.0
2026-03-22,2026,Marzo,CA ELÉCTRICOS GAC ANGELÓPOLIS,0.0
2026-03-22,2026,Marzo,CA LEADS PACHUCA,2.0
2026-03-22,2026,Marzo,CA LEADS TLAXCALA,1.0
2026-03-22,2026,Marzo,CA-WHATSAPP-ASESORES-ANGELOPOLIS,21.0
2026-03-22,2026,Marzo,LEADS-GAC ANGELÓPOLIS-ENE,1.0
2026-03-22,2026,Marzo,LEADS-WHATSAPP-ANGELÓPOLIS-,12.0
2026-03-23,2026,Marzo,CA ASESORES TLAXCALA,1.0
2026-03-23,2026,Marzo,CA ELÉCTRICOS GAC ANGELÓPOLIS,0.0
2026-03-23,2026,Marzo,CA LEADS PACHUCA,0.0
2026-03-23,2026,Marzo,CA LEADS TLAXCALA,1.0
2026-03-23,2026,Marzo,CA-WHATSAPP-ASESORES-ANGELOPOLIS,4.62
2026-03-23,2026,Marzo,LEADS-GAC ANGELÓPOLIS-ENE,2.0
2026-03-23,2026,Marzo,LEADS-WHATSAPP-ANGELÓPOLIS-,8.0
2026-03-24,2026,Marzo,CA ASESORES TLAXCALA,1.0
2026-03-24,2026,Marzo,CA ELÉCTRICOS GAC ANGELÓPOLIS,0.0
2026-03-24,2026,Marzo,CA LEADS PACHUCA,2.0
2026-03-24,2026,Marzo,CA LEADS TLAXCALA,1.0
2026-03-24,2026,Marzo,CA-WHATSAPP-ASESORES-ANGELOPOLIS,4.62
2026-03-24,2026,Marzo,LEADS-GAC ANGELÓPOLIS-ENE,3.0
2026-03-24,2026,Marzo,LEADS-WHATSAPP-ANGELÓPOLIS-,8.0
2026-03-25,2026,Marzo,CA ASESORES TLAXCALA,2.0
2026-03-25,2026,Marzo,CA ELÉCTRICOS GAC ANGELÓPOLIS,0.0
2026-03-25,2026,Marzo,CA LEADS PACHUCA,1.0
2026-03-25,2026,Marzo,CA LEADS TLAXCALA,1.0
2026-03-25,2026,Marzo,CA-WHATSAPP-ASESORES-ANGELOPOLIS,4.62
2026-03-25,2026,Marzo,LEADS-GAC ANGELÓPOLIS-ENE,0.0
2026-03-25,2026,Marzo,LEADS-WHATSAPP-ANGELÓPOLIS-,7.0
2026-03-26,2026,Marzo,CA ASESORES TLAXCALA,1.0
2026-03-26,2026,Marzo,CA ELÉCTRICOS GAC ANGELÓPOLIS,0.0
2026-03-26,2026,Marzo,CA LEADS PACHUCA,1.0
2026-03-26,2026,Marzo,CA LEADS TLAXCALA,2.0
2026-03-26,2026,Marzo,CA-WHATSAPP-ASESORES-ANGELOPOLIS,18.0
2026-03-26,2026,Marzo,LEADS-GAC ANGELÓPOLIS-ENE,0.0
2026-03-26,2026,Marzo,LEADS-WHATSAPP-ANGELÓPOLIS-,6.0
2026-03-27,2026,Marzo,CA ASESORES TLAXCALA,2.0
2026-03-27,2026,Marzo,CA ELÉCTRICOS GAC ANGELÓPOLIS,0.0
2026-03-27,2026,Marzo,CA LEADS PACHUCA,2.0
2026-03-27,2026,Marzo,CA LEADS TLAXCALA,1.0
2026-03-27,2026,Marzo,CA-WHATSAPP-ASESORES-ANGELOPOLIS,21.0
2026-03-27,2026,Marzo,LEADS-GAC ANGELÓPOLIS-ENE,0.0
2026-03-27,2026,Marzo,LEADS-WHATSAPP-ANGELÓPOLIS-,7.0
2026-03-28,2026,Marzo,CA ASESORES TLAXCALA,1.0
2026-03-28,2026,Marzo,CA ELÉCTRICOS GAC ANGELÓPOLIS,0.0
2026-03-28,2026,Marzo,CA LEADS PACHUCA,0.0
2026-03-28,2026,Marzo,CA LEADS TLAXCALA,1.0
2026-03-28,2026,Marzo,CA-WHATSAPP-ASESORES-ANGELOPOLIS,4.62
2026-03-28,2026,Marzo,LEADS-GAC ANGELÓPOLIS-ENE,0.0
2026-03-28,2026,Marzo,LEADS-WHATSAPP-ANGELÓPOLIS-,4.0
2026-04-01,2026,Abril,CA ELÉCTRICOS GAC ANGELÓPOLIS,0.0
2026-04-01,2026,Abril,CA LEADS PACHUCA,2.0
2026-04-01,2026,Abril,CA LEADS TLAXCALA,2.0
2026-04-01,2026,Abril,CA-ANA-TLAXCALA,4.0
2026-04-01,2026,Abril,CA-WHATSAPP-ASESORES-ANGELOPOLIS,8.0
2026-04-01,2026,Abril,LEADS-GAC ANGELÓPOLIS-ENE,5.0
2026-04-01,2026,Abril,LEADS-WHATSAPP-ANGELÓPOLIS-,4.0
2026-04-02,2026,Abril,CA ELÉCTRICOS GAC ANGELÓPOLIS,1.0
2026-04-02,2026,Abril,CA LEADS PACHUCA,2.0
2026-04-02,2026,Abril,CA LEADS TLAXCALA,5.0
2026-04-02,2026,Abril,CA-ANA-TLAXCALA,7.0
2026-04-02,2026,Abril,CA-WHATSAPP-ASESORES-ANGELOPOLIS,17.0
2026-04-02,2026,Abril,LEADS-GAC ANGELÓPOLIS-ENE,3.0
2026-04-02,2026,Abril,LEADS-WHATSAPP-ANGELÓPOLIS-,9.0
2026-04-03,2026,Abril,CA ELÉCTRICOS GAC ANGELÓPOLIS,0.0
2026-04-03,2026,Abril,CA LEADS PACHUCA,0.0
2026-04-03,2026,Abril,CA LEADS TLAXCALA,2.0
2026-04-03,2026,Abril,CA-ANA-TLAXCALA,7.0
2026-04-03,2026,Abril,CA-WHATSAPP-ASESORES-ANGELOPOLIS,12.0
2026-04-03,2026,Abril,LEADS-GAC ANGELÓPOLIS-ENE,2.0
2026-04-03,2026,Abril,LEADS-WHATSAPP-ANGELÓPOLIS-,20.0
2026-04-04,2026,Abril,CA ELÉCTRICOS GAC ANGELÓPOLIS,1.0
2026-04-04,2026,Abril,CA LEADS PACHUCA,1.0
2026-04-04,2026,Abril,CA LEADS TLAXCALA,2.0
2026-04-04,2026,Abril,CA-ANA-TLAXCALA,6.0
2026-04-04,2026,Abril,CA-WHATSAPP-ASESORES-ANGELOPOLIS,12.0
2026-04-04,2026,Abril,LEADS-GAC ANGELÓPOLIS-ENE,4.0
2026-04-04,2026,Abril,LEADS-WHATSAPP-ANGELÓPOLIS-,4.62
2026-04-05,2026,Abril,CA ELÉCTRICOS GAC ANGELÓPOLIS,4.0
2026-04-05,2026,Abril,CA LEADS PACHUCA,1.0
2026-04-05,2026,Abril,CA LEADS TLAXCALA,1.0
2026-04-05,2026,Abril,CA-ANA-TLAXCALA,7.0
2026-04-05,2026,Abril,CA-WHATSAPP-ASESORES-ANGELOPOLIS,12.0
2026-04-05,2026,Abril,LEADS-GAC ANGELÓPOLIS-ENE,3.0
2026-04-05,2026,Abril,LEADS-WHATSAPP-ANGELÓPOLIS-,4.62
2026-04-06,2026,Abril,CA ELÉCTRICOS GAC ANGELÓPOLIS,5.0
2026-04-06,2026,Abril,CA LEADS PACHUCA,1.0
2026-04-06,2026,Abril,CA LEADS TLAXCALA,2.0
2026-04-06,2026,Abril,CA-ANA-TLAXCALA,15.0
2026-04-06,2026,Abril,CA-WHATSAPP-ASESORES-ANGELOPOLIS,13.0
2026-04-06,2026,Abril,LEADS-GAC ANGELÓPOLIS-ENE,2.0
2026-04-06,2026,Abril,LEADS-WHATSAPP-ANGELÓPOLIS-,6.0
2026-04-07,2026,Abril,CA ELÉCTRICOS GAC ANGELÓPOLIS,1.0
2026-04-07,2026,Abril,CA LEADS PACHUCA,1.0
2026-04-07,2026,Abril,CA LEADS TLAXCALA,2.0
2026-04-07,2026,Abril,CA-ANA-TLAXCALA,7.0
2026-04-07,2026,Abril,CA-WHATSAPP-ASESORES-ANGELOPOLIS,12.0
2026-04-07,2026,Abril,LEADS-GAC ANGELÓPOLIS-ENE,0.0
2026-04-07,2026,Abril,LEADS-WHATSAPP-ANGELÓPOLIS-,13.0
2026-04-08,2026,Abril,CA ELÉCTRICOS GAC ANGELÓPOLIS,0.0
2026-04-08,2026,Abril,CA LEADS PACHUCA,3.0
2026-04-08,2026,Abril,CA LEADS TLAXCALA,6.0
2026-04-08,2026,Abril,CA-ANA-TLAXCALA,15.0
2026-04-08,2026,Abril,CA-WHATSAPP-ASESORES-ANGELOPOLIS,4.0
2026-04-08,2026,Abril,LEADS-GAC ANGELÓPOLIS-ENE,2.0
2026-04-08,2026,Abril,LEADS-WHATSAPP-ANGELÓPOLIS-,7.0
2026-04-09,2026,Abril,CA ELÉCTRICOS GAC ANGELÓPOLIS,3.0
2026-04-09,2026,Abril,CA LEADS PACHUCA,2.0
2026-04-09,2026,Abril,CA LEADS TLAXCALA,10.0
2026-04-09,2026,Abril,CA-ANA-TLAXCALA,8.0
2026-04-09,2026,Abril,CA-WHATSAPP-ASESORES-ANGELOPOLIS,3.0
2026-04-09,2026,Abril,LEADS-GAC ANGELÓPOLIS-ENE,0.0
2026-04-09,2026,Abril,LEADS-WHATSAPP-ANGELÓPOLIS-,3.0
2026-04-10,2026,Abril,CA ELÉCTRICOS GAC ANGELÓPOLIS,2.0
2026-04-10,2026,Abril,CA LEADS PACHUCA,3.0
2026-04-10,2026,Abril,CA LEADS TLAXCALA,7.0
2026-04-10,2026,Abril,CA-ANA-TLAXCALA,6.0
2026-04-10,2026,Abril,CA-WHATSAPP-ASESORES-ANGELOPOLIS,5.0
2026-04-10,2026,Abril,LEADS-GAC ANGELÓPOLIS-ENE,1.0
2026-04-10,2026,Abril,LEADS-WHATSAPP-ANGELÓPOLIS-,2.0
2026-04-11,2026,Abril,CA ELÉCTRICOS GAC ANGELÓPOLIS,7.0
2026-04-11,2026,Abril,CA LEADS PACHUCA,4.0
2026-04-11,2026,Abril,CA LEADS TLAXCALA,3.0
2026-04-11,2026,Abril,CA-ANA-TLAXCALA,8.0
2026-04-11,2026,Abril,CA-WHATSAPP-ASESORES-ANGELOPOLIS,10.0
2026-04-11,2026,Abril,LEADS-GAC ANGELÓPOLIS-ENE,2.0
2026-04-11,2026,Abril,LEADS-WHATSAPP-ANGELÓPOLIS-,4.0
2026-04-12,2026,Abril,CA ELÉCTRICOS GAC ANGELÓPOLIS,8.0
2026-04-12,2026,Abril,CA LEADS PACHUCA,6.0
2026-04-12,2026,Abril,CA LEADS TLAXCALA,9.0
2026-04-12,2026,Abril,CA-ANA-TLAXCALA,13.0
2026-04-12,2026,Abril,CA-WHATSAPP-ASESORES-ANGELOPOLIS,6.0
2026-04-12,2026,Abril,LEADS-GAC ANGELÓPOLIS-ENE,4.0
2026-04-12,2026,Abril,LEADS-WHATSAPP-ANGELÓPOLIS-,3.0
2026-04-13,2026,Abril,CA ELÉCTRICOS GAC ANGELÓPOLIS,1.0
2026-04-13,2026,Abril,CA LEADS PACHUCA,0.0
2026-04-13,2026,Abril,CA LEADS TLAXCALA,4.0
2026-04-13,2026,Abril,CA-ANA-TLAXCALA,8.0
2026-04-13,2026,Abril,CA-WHATSAPP-ASESORES-ANGELOPOLIS,5.0
2026-04-13,2026,Abril,LEADS-GAC ANGELÓPOLIS-ENE,1.0
2026-04-13,2026,Abril,LEADS-WHATSAPP-ANGELÓPOLIS-,5.0
2026-04-14,2026,Abril,CA ELÉCTRICOS GAC ANGELÓPOLIS,6.0
2026-04-14,2026,Abril,CA LEADS PACHUCA,2.0
2026-04-14,2026,Abril,CA LEADS TLAXCALA,3.0
2026-04-14,2026,Abril,CA-ANA-TLAXCALA,15.0
2026-04-14,2026,Abril,CA-WHATSAPP-ASESORES-ANGELOPOLIS,13.0
2026-04-14,2026,Abril,LEADS-GAC ANGELÓPOLIS-ENE,1.0
2026-04-14,2026,Abril,LEADS-WHATSAPP-ANGELÓPOLIS-,3.0
2026-04-15,2026,Abril,CA ELÉCTRICOS GAC ANGELÓPOLIS,2.0
2026-04-15,2026,Abril,CA LEADS PACHUCA,4.0
2026-04-15,2026,Abril,CA LEADS TLAXCALA,1.0
2026-04-15,2026,Abril,CA-ANA-TLAXCALA,1.0
2026-04-15,2026,Abril,CA-WHATSAPP-ASESORES-ANGELOPOLIS,4.62
2026-04-15,2026,Abril,LEADS-GAC ANGELÓPOLIS-ENE,1.0
2026-04-15,2026,Abril,LEADS-WHATSAPP-ANGELÓPOLIS-,13.0
2026-04-16,2026,Abril,CA ELÉCTRICOS GAC ANGELÓPOLIS,2.0
2026-04-16,2026,Abril,CA LEADS PACHUCA,4.0
2026-04-16,2026,Abril,CA LEADS TLAXCALA,7.0
2026-04-16,2026,Abril,CA-ANA-TLAXCALA,2.0
2026-04-16,2026,Abril,CA-WHATSAPP-ASESORES-ANGELOPOLIS,4.62
2026-04-16,2026,Abril,LEADS-GAC ANGELÓPOLIS-ENE,2.0
2026-04-16,2026,Abril,LEADS-WHATSAPP-ANGELÓPOLIS-,10.0
2026-04-17,2026,Abril,CA ELÉCTRICOS GAC ANGELÓPOLIS,3.0
2026-04-17,2026,Abril,CA LEADS PACHUCA,2.0
2026-04-17,2026,Abril,CA LEADS TLAXCALA,11.0
2026-04-17,2026,Abril,CA-ANA-TLAXCALA,0.0
2026-04-17,2026,Abril,CA-WHATSAPP-ASESORES-ANGELOPOLIS,20.0
2026-04-17,2026,Abril,LEADS-GAC ANGELÓPOLIS-ENE,1.0
2026-04-17,2026,Abril,LEADS-WHATSAPP-ANGELÓPOLIS-,16.0
2026-04-18,2026,Abril,CA ELÉCTRICOS GAC ANGELÓPOLIS,1.0
2026-04-18,2026,Abril,CA LEADS PACHUCA,1.0
2026-04-18,2026,Abril,CA LEADS TLAXCALA,2.0
2026-04-18,2026,Abril,CA-ANA-TLAXCALA,3.0
2026-04-18,2026,Abril,CA-WHATSAPP-ASESORES-ANGELOPOLIS,12.0
2026-04-18,2026,Abril,LEADS-GAC ANGELÓPOLIS-ENE,1.0
2026-04-18,2026,Abril,LEADS-WHATSAPP-ANGELÓPOLIS-,19.0
2026-04-19,2026,Abril,CA ELÉCTRICOS GAC ANGELÓPOLIS,1.0
2026-04-19,2026,Abril,CA LEADS PACHUCA,4.0
2026-04-19,2026,Abril,CA LEADS TLAXCALA,9.0
2026-04-19,2026,Abril,CA-ANA-TLAXCALA,2.0
2026-04-19,2026,Abril,CA-WHATSAPP-ASESORES-ANGELOPOLIS,4.62
2026-04-19,2026,Abril,LEADS-GAC ANGELÓPOLIS-ENE,1.0
2026-04-19,2026,Abril,LEADS-WHATSAPP-ANGELÓPOLIS-,16.0
2026-04-20,2026,Abril,CA ELÉCTRICOS GAC ANGELÓPOLIS,4.0
2026-04-20,2026,Abril,CA LEADS PACHUCA,5.0
2026-04-20,2026,Abril,CA LEADS TLAXCALA,4.0
2026-04-20,2026,Abril,CA-ANA-TLAXCALA,1.0
2026-04-20,2026,Abril,CA-WHATSAPP-ASESORES-ANGELOPOLIS,4.62
2026-04-20,2026,Abril,LEADS-GAC ANGELÓPOLIS-ENE,2.0
2026-04-20,2026,Abril,LEADS-WHATSAPP-ANGELÓPOLIS-,14.0
2026-04-21,2026,Abril,CA ELÉCTRICOS GAC ANGELÓPOLIS,4.0
2026-04-21,2026,Abril,CA LEADS PACHUCA,7.0
2026-04-21,2026,Abril,CA LEADS TLAXCALA,7.0
2026-04-21,2026,Abril,CA-ANA-TLAXCALA,3.0
2026-04-21,2026,Abril,CA-WHATSAPP-ASESORES-ANGELOPOLIS,4.62
2026-04-21,2026,Abril,LEADS-GAC ANGELÓPOLIS-ENE,0.0
2026-04-21,2026,Abril,LEADS-WHATSAPP-ANGELÓPOLIS-,17.0
2026-04-22,2026,Abril,CA ELÉCTRICOS GAC ANGELÓPOLIS,0.0
2026-04-22,2026,Abril,CA LEADS PACHUCA,3.0
2026-04-22,2026,Abril,CA LEADS TLAXCALA,3.0
2026-04-22,2026,Abril,CA-ANA-TLAXCALA,2.0
2026-04-22,2026,Abril,CA-WHATSAPP-ASESORES-ANGELOPOLIS,4.62
2026-04-22,2026,Abril,LEADS-GAC ANGELÓPOLIS-ENE,2.0
2026-04-22,2026,Abril,LEADS-WHATSAPP-ANGELÓPOLIS-,7.0
2026-04-23,2026,Abril,CA ELÉCTRICOS GAC ANGELÓPOLIS,2.0
2026-04-23,2026,Abril,CA LEADS PACHUCA,3.0
2026-04-23,2026,Abril,CA LEADS TLAXCALA,1.0
2026-04-23,2026,Abril,CA-ANA-TLAXCALA,2.0
2026-04-23,2026,Abril,CA-WHATSAPP-ASESORES-ANGELOPOLIS,18.0
2026-04-23,2026,Abril,LEADS-GAC ANGELÓPOLIS-ENE,1.0
2026-04-23,2026,Abril,LEADS-WHATSAPP-ANGELÓPOLIS-,9.0
2026-04-24,2026,Abril,CA ELÉCTRICOS GAC ANGELÓPOLIS,3.0
2026-04-24,2026,Abril,CA LEADS PACHUCA,1.0
2026-04-24,2026,Abril,CA LEADS TLAXCALA,2.0
2026-04-24,2026,Abril,CA-ANA-TLAXCALA,0.0
2026-04-24,2026,Abril,CA-WHATSAPP-ASESORES-ANGELOPOLIS,19.0
2026-04-24,2026,Abril,LEADS-GAC ANGELÓPOLIS-ENE,1.0
2026-04-24,2026,Abril,LEADS-WHATSAPP-ANGELÓPOLIS-,6.0
2026-04-25,2026,Abril,CA ELÉCTRICOS GAC ANGELÓPOLIS,1.0
2026-04-25,2026,Abril,CA LEADS PACHUCA,5.0
2026-04-25,2026,Abril,CA LEADS TLAXCALA,0.0
2026-04-25,2026,Abril,CA-ANA-TLAXCALA,2.0
2026-04-25,2026,Abril,CA-WHATSAPP-ASESORES-ANGELOPOLIS,18.0
2026-04-25,2026,Abril,LEADS-GAC ANGELÓPOLIS-ENE,1.0
2026-04-25,2026,Abril,LEADS-WHATSAPP-ANGELÓPOLIS-,10.0
2026-04-26,2026,Abril,CA ELÉCTRICOS GAC ANGELÓPOLIS,2.0
2026-04-26,2026,Abril,CA LEADS PACHUCA,2.0
2026-04-26,2026,Abril,CA LEADS TLAXCALA,3.0
2026-04-26,2026,Abril,CA-ANA-TLAXCALA,0.0
2026-04-26,2026,Abril,CA-WHATSAPP-ASESORES-ANGELOPOLIS,4.62
2026-04-26,2026,Abril,LEADS-GAC ANGELÓPOLIS-ENE,0.0
2026-04-26,2026,Abril,LEADS-WHATSAPP-ANGELÓPOLIS-,19.0
2026-04-27,2026,Abril,CA ELÉCTRICOS GAC ANGELÓPOLIS,1.0
2026-04-27,2026,Abril,CA LEADS PACHUCA,3.0
2026-04-27,2026,Abril,CA LEADS TLAXCALA,0.0
2026-04-27,2026,Abril,CA-ANA-TLAXCALA,3.0
2026-04-27,2026,Abril,CA-WHATSAPP-ASESORES-ANGELOPOLIS,4.62
2026-04-27,2026,Abril,LEADS-GAC ANGELÓPOLIS-ENE,3.0
2026-04-27,2026,Abril,LEADS-WHATSAPP-ANGELÓPOLIS-,10.0
2026-04-28,2026,Abril,CA ELÉCTRICOS GAC ANGELÓPOLIS,1.0
2026-04-28,2026,Abril,CA LEADS PACHUCA,1.0
2026-04-28,2026,Abril,CA LEADS TLAXCALA,2.0
2026-04-28,2026,Abril,CA-ANA-TLAXCALA,1.0
2026-04-28,2026,Abril,CA-WHATSAPP-ASESORES-ANGELOPOLIS,20.0
2026-04-28,2026,Abril,LEADS-GAC ANGELÓPOLIS-ENE,4.0
2026-04-28,2026,Abril,LEADS-WHATSAPP-ANGELÓPOLIS-,14.0
