Fecha,Año,Mes,Canal,Leads,Efectivos,SDC,PDM,Citas_Programadas,Citas_Efectivas,Ventas,Conversion,Aporte
2024-02-01,2024,Febrero,Digital,57.0,28,2.0,0,3,2,0,0.0,0.0
2024-02-01,2024,Febrero,Piso,329.0,329,23.54,22,9,4,9,0.0274,0.75
2024-02-01,2024,Febrero,Plazas,0.0,0,0.0,0,0,0,0,0.0,0.0
2024-03-01,2024,Marzo,Digital,145.0,72,6.0,0,6,5,1,0.0069,0.1429
2024-03-01,2024,Marzo,Piso,19.0,19,6.0,13,28,16,4,0.2105,0.5714
2024-03-01,2024,Marzo,Plazas,0.0,0,0.0,0,0,0,0,0.0,0.0
2024-04-01,2024,Abril,Digital,129.0,64,5.0,0,23,5,0,0.0,0.0
2024-04-01,2024,Abril,Piso,76.0,76,24.0,35,15,6,10,0.1316,0.24
2024-04-01,2024,Abril,Plazas,25.0,22,2.0,1,1,0,0,0.0,0.0
2024-05-01,2024,Mayo,Digital,463.0,229,19.0,0,43,23,0,0.0,0.0
2024-05-01,2024,Mayo,Piso,87.0,87,27.0,40,38,16,1,0.0115,0.0769
2024-05-01,2024,Mayo,Plazas,28.0,25,2.0,11,3,2,0,0.0,0.0
2024-06-01,2024,Junio,Digital,350.0,173,15.0,0,43,19,1,0.0029,0.1667
2024-06-01,2024,Junio,Piso,55.0,55,17.0,28,78,60,3,0.0545,0.5
2024-06-01,2024,Junio,Plazas,68.0,61,6.0,5,2,2,0,0.0,0.0
2024-07-01,2024,Julio,Digital,192.0,95,8.0,0,36,14,2,0.0104,0.0951999999999999
2024-07-01,2024,Julio,Piso,92.0,92,51.0,35,75,57,10,0.1086999999999999,0.4761999999999999
2024-07-01,2024,Julio,Plazas,294.0,264,24.0,6,30,8,2,0.0068,0.0951999999999999
2024-08-01,2024,Agosto,Digital,1112.0,549,46.0,0,57,18,0,0.0,0.0
2024-08-01,2024,Agosto,Piso,77.0,77,32.0,31,65,46,9,0.1168999999999999,0.5294
2024-08-01,2024,Agosto,Plazas,248.0,223,20.0,17,50,18,3,0.0121,0.1765
2024-09-01,2024,Septiembre,Digital,313.31,668,56.0,8,107,27,6,0.0044,0.3529
2024-09-01,2024,Septiembre,Piso,57.0,57,28.0,28,37,19,6,0.1052999999999999,0.3529
2024-09-01,2024,Septiembre,Plazas,52.0,47,4.0,8,13,4,0,0.0,0.0
2024-10-01,2024,Octubre,Digital,1142.0,564,48.0,7,83,33,1,0.0009,0.0435
2024-10-01,2024,Octubre,Piso,43.0,43,38.0,14,31,25,3,0.0698,0.1304
2024-10-01,2024,Octubre,Plazas,59.0,53,5.0,5,13,6,2,0.0339,0.087
2024-11-01,2024,Noviembre,Digital,846.0,418,35.0,17,71,18,5,0.0059,0.2273
2024-11-01,2024,Noviembre,Piso,50.0,50,32.0,25,18,14,11,0.22,0.5
2024-11-01,2024,Noviembre,Plazas,154.0,138,13.0,19,20,10,3,0.0195,0.1364
2024-12-01,2024,Diciembre,Digital,755.0,373,31.0,28,50,27,10,0.0132,0.3125
2024-12-01,2024,Diciembre,Piso,64.0,64,42.0,32,42,36,8,0.125,0.25
2024-12-01,2024,Diciembre,Plazas,280.0,251,26.0,14,40,19,7,0.025,0.2188
2025-01-01,2025,Enero,Digital,202.0,100,21.0,22,74,37,9,0.0446,0.3461999999999999
2025-01-01,2025,Enero,Piso,71.0,71,34.0,28,71,71,10,0.1408,0.3846
2025-01-01,2025,Enero,Plazas,172.0,154,22.0,22,53,35,4,0.0233,0.1538
2025-02-01,2025,Febrero,Digital,207.0,102,28.0,24,45,30,4,0.0192999999999999,0.2
2025-02-01,2025,Febrero,Piso,64.0,64,23.0,33,64,64,11,0.1719,0.55
2025-02-01,2025,Febrero,Plazas,184.0,165,16.0,28,48,36,1,0.0054,0.05
2025-03-01,2025,Marzo,Digital,491.0,242,13.0,16,25,19,12,0.0243999999999999,0.4
2025-03-01,2025,Marzo,Piso,80.0,80,28.0,32,80,80,9,0.1125,0.3
2025-03-01,2025,Marzo,Plazas,275.0,247,27.0,20,35,28,3,0.0109,0.1
2025-04-01,2025,Abril,Digital,749.0,370,6.0,17,47,33,5,0.0067,0.1667
2025-04-01,2025,Abril,Piso,43.0,43,13.0,28,34,34,13,0.05,0.4332999999999999
2025-04-01,2025,Abril,Plazas,301.0,270,19.0,23,52,25,8,0.0266,0.2667
2025-05-01,2025,Mayo,Digital,361.0,178,15.0,26,37,32,9,0.0249,0.2647
2025-05-01,2025,Mayo,Piso,65.0,65,16.0,34,65,65,12,0.1846,0.3529
2025-05-01,2025,Mayo,Plazas,275.0,247,23.0,23,29,27,5,0.0182,0.1471
2025-06-01,2025,Junio,Digital,576.0,284,19.0,21,69,34,12,0.0208,0.3
2025-06-01,2025,Junio,Piso,59.0,59,13.0,31,59,59,10,0.1694999999999999,0.25
2025-06-01,2025,Junio,Plazas,355.0,319,35.0,44,90,61,13,0.0366,0.325
2025-07-01,2025,Julio,Digital,699.0,345,29.0,33,89,45,9,0.0129,0.25
2025-07-01,2025,Julio,Piso,63.0,63,12.0,29,63,63,7,0.1110999999999999,0.1944
2025-07-01,2025,Julio,Plazas,492.0,442,36.0,37,77,51,14,0.0285,0.3889
2025-08-01,2025,Agosto,Digital,827.0,239,29.0,31,135,51,9,0.0109,0.3333
2025-08-01,2025,Agosto,Piso,71.0,71,22.0,44,71,71,7,0.0986,0.2593
2025-08-01,2025,Agosto,Plazas,397.0,281,25.0,30,67,44,6,0.0151,0.2221999999999999
2025-09-01,2025,Septiembre,Digital,676.0,344,36.0,31,125,73,15,0.0222,0.3947
2025-09-01,2025,Septiembre,Piso,58.0,58,21.0,31,58,58,7,0.1207,0.1842
2025-09-01,2025,Septiembre,Plazas,312.0,218,44.0,41,74,52,15,0.0481,0.3947
2025-10-01,2025,Octubre,Digital,688.0,329,50.0,32,110,60,10,0.0144999999999999,0.25
2025-10-01,2025,Octubre,Piso,72.0,72,24.0,48,72,72,11,0.1528,0.275
2025-10-01,2025,Octubre,Plazas,324.0,226,38.0,43,77,48,12,0.037,0.3
2025-11-01,2025,Noviembre,Digital,554.0,342,42.0,22,97,55,14,0.0253,0.3333
2025-11-01,2025,Noviembre,Piso,81.0,81,21.0,43,81,81,9,0.1110999999999999,0.2143
2025-11-01,2025,Noviembre,Plazas,274.0,209,31.0,33,60,32,11,0.0401,0.2619
2025-12-01,2025,Diciembre,Digital,908.0,594,39.0,23,90,51,8,0.0088,0.2353
2025-12-01,2025,Diciembre,Piso,76.0,76,27.0,22,76,76,9,0.1184,0.2647
2025-12-01,2025,Diciembre,Plazas,325.0,291,34.0,18,46,41,9,0.0277,0.2647
2026-01-01,2026,Enero,Digital,922.0,674,23.0,22,110,56,6,0.0065,0.1578999999999999
2026-01-01,2026,Enero,Piso,97.0,97,27.0,46,97,97,6,0.0619,0.1578999999999999
2026-01-01,2026,Enero,Plazas,290.0,261,23.0,15,23,19,6,0.0207,0.1578999999999999
2026-02-01,2026,Febrero,Digital,635.0,457,21.0,22,85,43,13,0.0204999999999999,0.4332999999999999
2026-02-01,2026,Febrero,Piso,94.0,94,18.0,28,94,94,7,0.0745,0.2332999999999999
2026-02-01,2026,Febrero,Plazas,433.0,387,25.0,39,105,82,6,0.0139,0.2
2026-03-01,2026,Marzo,Digital,980.0,618,16.0,25,78,36,11,0.0112,0.2683
2026-03-01,2026,Marzo,Piso,105.0,105,24.0,41,105,105,8,0.0762,0.1951
2026-03-01,2026,Marzo,Plazas,401.0,364,26.0,35,70,55,7,0.0175,0.1707
2026-04-01,2026,Abril,Digital,834.0,179,32.0,35,83,59,8,0.0096,0.1951
2026-04-01,2026,Abril,Piso,79.0,79,18.0,36,12,10,9,0.1139,0.2195
2026-04-01,2026,Abril,Plazas,351.0,351,12.0,30,41,31,7,0.0199,0.1707
2026-05-01,2026,Mayo,Digital,667.0,170,30.0,35,140,103,9,0.0135,0.2571
2026-05-01,2026,Mayo,Piso,115.0,115,24.0,45,73,59,9,0.0783,0.2571
2026-05-01,2026,Mayo,Plazas,352.0,347,18.0,31,68,49,7,0.0199,0.2
2026-06-01,2026,Junio,Digital,748.0,200,28.0,28,101,53,7,0.0093999999999999,0.1892
2026-06-01,2026,Junio,Piso,85.0,84,22.0,42,28,25,11,0.1294,0.2973
2026-06-01,2026,Junio,Plazas,403.0,403,16.0,41,100,59,10,0.0248,0.2703
2026-07-01,2026,Julio,Digital,298.0,64,3.0,12,26,15,1,0.0034,0.0302999999999999
2026-07-01,2026,Julio,Piso,36.0,36,7.0,16,11,8,2,0.0556,0.0605999999999999
2026-07-01,2026,Julio,Plazas,145.0,145,3.0,12,26,15,1,0.0069,0.0302999999999999
