Fecha,Año,Mes,Vendedor,Ventas
2024-02-01,2024,Febrero,ABIGAIL VARGAS CRUZ,0.0
2024-02-01,2024,Febrero,ALAN GONZÁLEZ BELANZATEGU,0.0
2024-02-01,2024,Febrero,ALVARO,0.0
2024-02-01,2024,Febrero,ANGEL EDUARDO VAZQUEZ REY,0.0
2024-02-01,2024,Febrero,ANGELICA MAGDALENA CEDILL,0.0
2024-02-01,2024,Febrero,AURELIO FELIPE TORRES REV,0.0
2024-02-01,2024,Febrero,CARLOS,0.0
2024-02-01,2024,Febrero,CARLOS ALBERTO NIETO MERI,0.0
2024-02-01,2024,Febrero,CARLOS CORTES TEXIS,0.0
2024-02-01,2024,Febrero,CARLOS MEJIA (PACHUCA),0.0
2024-02-01,2024,Febrero,CESAR,0.0
2024-02-01,2024,Febrero,CLAUDIA GALVÁN ARCE,0.0
2024-02-01,2024,Febrero,DANIEL DE LEON CANDIA,0.0
2024-02-01,2024,Febrero,DANIELA DURAN BERNARDINO,0.53
2024-02-01,2024,Febrero,DAVID JIMENEZ CASTRO,0.0
2024-02-01,2024,Febrero,FATIMA,0.0
2024-02-01,2024,Febrero,GUADALUPE PALACIOS HERNÁN,0.0
2024-02-01,2024,Febrero,IGNACIO,0.0
2024-02-01,2024,Febrero,J4OSETTE RAMON NAVA FLORES,0.0
2024-02-01,2024,Febrero,JAIME GONZALEZ CORONA,0.0
2024-02-01,2024,Febrero,JESUS SERRANO RAMIREZ,2.0
2024-02-01,2024,Febrero,JOSE ANTONIO LICONA MENDE,1.0
2024-02-01,2024,Febrero,JOSE CARLOS ZENTENO LOZAD,0.0
2024-02-01,2024,Febrero,JOSE EDUARDO PARADA DURAN,0.0
2024-02-01,2024,Febrero,JOSE MANUEL LOPEZ AGUILA,3.0
2024-02-01,2024,Febrero,JOSHLAAN,0.0
2024-02-01,2024,Febrero,JULIO CESAR,0.0
2024-02-01,2024,Febrero,JULIO CESAR PESTAÑA,0.0
2024-02-01,2024,Febrero,LAURA LOPEZ MEJIA,0.0
2024-02-01,2024,Febrero,LUIS ALBERTO GOMEZ GONZAL,0.0
2024-02-01,2024,Febrero,MARCOS COCA,0.0
2024-02-01,2024,Febrero,MARIO,0.0
2024-02-01,2024,Febrero,MAURICIO ALFREDO VAZQUEZ F,0.0
2024-02-01,2024,Febrero,MERCEDES,0.0
2024-02-01,2024,Febrero,MIGUEL,0.0
2024-02-01,2024,Febrero,MIGUEL ANGEL SONDEREGGER,0.0
2024-02-01,2024,Febrero,MONICA GISELA FLORES RODR,0.0
2024-02-01,2024,Febrero,NANCY OLASCOAGA CASTILLO,0.0
2024-02-01,2024,Febrero,NAYELI,0.0
2024-02-01,2024,Febrero,NAYELI MONTES DE OCA MART,1.0
2024-02-01,2024,Febrero,OBRIAN,0.0
2024-02-01,2024,Febrero,OMAR,0.0
2024-02-01,2024,Febrero,OSCAR ALONSO VELÁZQUEZ HE,0.0
2024-02-01,2024,Febrero,PAUL ROSAS YRIGOYEN,0.0
2024-02-01,2024,Febrero,PEDRO ANTONIO,0.0
2024-02-01,2024,Febrero,PEDRO GONZALEZ ESPINDOLA,0.0
2024-02-01,2024,Febrero,RICARDO SILVA HERAS,0.0
2024-02-01,2024,Febrero,RUBEN,0.0
2024-02-01,2024,Febrero,SERGIO,0.0
2024-02-01,2024,Febrero,VICTOR MANUEL SANCHEZ ARRO,0.0
2024-02-01,2024,Febrero,iGOR SEBASTIÁN BENHUMEA Z,0.0
2024-03-01,2024,Marzo,ABIGAIL VARGAS CRUZ,0.0
2024-03-01,2024,Marzo,ALAN GONZÁLEZ BELANZATEGU,0.0
2024-03-01,2024,Marzo,ALVARO,0.0
2024-03-01,2024,Marzo,ANGEL EDUARDO VAZQUEZ REY,0.0
2024-03-01,2024,Marzo,ANGELICA MAGDALENA CEDILL,0.0
2024-03-01,2024,Marzo,AURELIO FELIPE TORRES REV,0.0
2024-03-01,2024,Marzo,CARLOS,0.0
2024-03-01,2024,Marzo,CARLOS ALBERTO NIETO MERI,0.0
2024-03-01,2024,Marzo,CARLOS CORTES TEXIS,0.0
2024-03-01,2024,Marzo,CARLOS MEJIA (PACHUCA),0.0
2024-03-01,2024,Marzo,CESAR,0.0
2024-03-01,2024,Marzo,CLAUDIA GALVÁN ARCE,0.0
2024-03-01,2024,Marzo,DANIEL DE LEON CANDIA,0.0
2024-03-01,2024,Marzo,DANIELA DURAN BERNARDINO,2.0
2024-03-01,2024,Marzo,DAVID JIMENEZ CASTRO,0.0
2024-03-01,2024,Marzo,FATIMA,0.0
2024-03-01,2024,Marzo,GUADALUPE PALACIOS HERNÁN,0.0
2024-03-01,2024,Marzo,IGNACIO,0.0
2024-03-01,2024,Marzo,J4OSETTE RAMON NAVA FLORES,0.0
2024-03-01,2024,Marzo,JAIME GONZALEZ CORONA,2.0
2024-03-01,2024,Marzo,JESUS SERRANO RAMIREZ,0.0
2024-03-01,2024,Marzo,JOSE ANTONIO LICONA MENDE,0.0
2024-03-01,2024,Marzo,JOSE CARLOS ZENTENO LOZAD,0.0
2024-03-01,2024,Marzo,JOSE EDUARDO PARADA DURAN,0.0
2024-03-01,2024,Marzo,JOSE MANUEL LOPEZ AGUILA,0.0
2024-03-01,2024,Marzo,JOSHLAAN,0.0
2024-03-01,2024,Marzo,JULIO CESAR,0.0
2024-03-01,2024,Marzo,JULIO CESAR PESTAÑA,0.0
2024-03-01,2024,Marzo,LAURA LOPEZ MEJIA,0.0
2024-03-01,2024,Marzo,LUIS ALBERTO GOMEZ GONZAL,2.0
2024-03-01,2024,Marzo,MARCOS COCA,0.0
2024-03-01,2024,Marzo,MARIO,0.0
2024-03-01,2024,Marzo,MAURICIO ALFREDO VAZQUEZ F,0.0
2024-03-01,2024,Marzo,MERCEDES,0.0
2024-03-01,2024,Marzo,MIGUEL,0.0
2024-03-01,2024,Marzo,MIGUEL ANGEL SONDEREGGER,0.0
2024-03-01,2024,Marzo,MONICA GISELA FLORES RODR,0.0
2024-03-01,2024,Marzo,NANCY OLASCOAGA CASTILLO,0.0
2024-03-01,2024,Marzo,NAYELI,0.0
2024-03-01,2024,Marzo,NAYELI MONTES DE OCA MART,0.0
2024-03-01,2024,Marzo,OBRIAN,0.0
2024-03-01,2024,Marzo,OMAR,0.0
2024-03-01,2024,Marzo,OSCAR ALONSO VELÁZQUEZ HE,0.0
2024-03-01,2024,Marzo,PAUL ROSAS YRIGOYEN,1.0
2024-03-01,2024,Marzo,PEDRO ANTONIO,0.0
2024-03-01,2024,Marzo,PEDRO GONZALEZ ESPINDOLA,0.0
2024-03-01,2024,Marzo,RICARDO SILVA HERAS,0.0
2024-03-01,2024,Marzo,RUBEN,0.0
2024-03-01,2024,Marzo,SERGIO,0.0
2024-03-01,2024,Marzo,VICTOR MANUEL SANCHEZ ARRO,0.0
2024-03-01,2024,Marzo,iGOR SEBASTIÁN BENHUMEA Z,0.0
2024-04-01,2024,Abril,ABIGAIL VARGAS CRUZ,0.0
2024-04-01,2024,Abril,ALAN GONZÁLEZ BELANZATEGU,0.0
2024-04-01,2024,Abril,ALVARO,0.0
2024-04-01,2024,Abril,ANGEL EDUARDO VAZQUEZ REY,0.0
2024-04-01,2024,Abril,ANGELICA MAGDALENA CEDILL,0.0
2024-04-01,2024,Abril,AURELIO FELIPE TORRES REV,0.0
2024-04-01,2024,Abril,CARLOS,0.0
2024-04-01,2024,Abril,CARLOS ALBERTO NIETO MERI,0.0
2024-04-01,2024,Abril,CARLOS CORTES TEXIS,0.0
2024-04-01,2024,Abril,CARLOS MEJIA (PACHUCA),0.0
2024-04-01,2024,Abril,CESAR,0.0
2024-04-01,2024,Abril,CLAUDIA GALVÁN ARCE,0.0
2024-04-01,2024,Abril,DANIEL DE LEON CANDIA,0.0
2024-04-01,2024,Abril,DANIELA DURAN BERNARDINO,1.0
2024-04-01,2024,Abril,DAVID JIMENEZ CASTRO,0.0
2024-04-01,2024,Abril,FATIMA,0.0
2024-04-01,2024,Abril,GUADALUPE PALACIOS HERNÁN,0.0
2024-04-01,2024,Abril,IGNACIO,0.0
2024-04-01,2024,Abril,J4OSETTE RAMON NAVA FLORES,0.0
2024-04-01,2024,Abril,JAIME GONZALEZ CORONA,3.0
2024-04-01,2024,Abril,JESUS SERRANO RAMIREZ,0.0
2024-04-01,2024,Abril,JOSE ANTONIO LICONA MENDE,0.0
2024-04-01,2024,Abril,JOSE CARLOS ZENTENO LOZAD,0.0
2024-04-01,2024,Abril,JOSE EDUARDO PARADA DURAN,0.0
2024-04-01,2024,Abril,JOSE MANUEL LOPEZ AGUILA,0.0
2024-04-01,2024,Abril,JOSHLAAN,0.0
2024-04-01,2024,Abril,JULIO CESAR,0.0
2024-04-01,2024,Abril,JULIO CESAR PESTAÑA,0.0
2024-04-01,2024,Abril,LAURA LOPEZ MEJIA,0.0
2024-04-01,2024,Abril,LUIS ALBERTO GOMEZ GONZAL,0.0
2024-04-01,2024,Abril,MARCOS COCA,0.0
2024-04-01,2024,Abril,MARIO,0.0
2024-04-01,2024,Abril,MAURICIO ALFREDO VAZQUEZ F,0.0
2024-04-01,2024,Abril,MERCEDES,0.0
2024-04-01,2024,Abril,MIGUEL,0.0
2024-04-01,2024,Abril,MIGUEL ANGEL SONDEREGGER,0.0
2024-04-01,2024,Abril,MONICA GISELA FLORES RODR,0.0
2024-04-01,2024,Abril,NANCY OLASCOAGA CASTILLO,0.0
2024-04-01,2024,Abril,NAYELI,0.0
2024-04-01,2024,Abril,NAYELI MONTES DE OCA MART,0.0
2024-04-01,2024,Abril,OBRIAN,0.0
2024-04-01,2024,Abril,OMAR,0.0
2024-04-01,2024,Abril,OSCAR ALONSO VELÁZQUEZ HE,0.0
2024-04-01,2024,Abril,PAUL ROSAS YRIGOYEN,3.0
2024-04-01,2024,Abril,PEDRO ANTONIO,0.0
2024-04-01,2024,Abril,PEDRO GONZALEZ ESPINDOLA,1.0
2024-04-01,2024,Abril,RICARDO SILVA HERAS,0.0
2024-04-01,2024,Abril,RUBEN,0.0
2024-04-01,2024,Abril,SERGIO,0.0
2024-04-01,2024,Abril,VICTOR MANUEL SANCHEZ ARRO,0.0
2024-04-01,2024,Abril,iGOR SEBASTIÁN BENHUMEA Z,0.0
2024-05-01,2024,Mayo,ABIGAIL VARGAS CRUZ,0.0
2024-05-01,2024,Mayo,ALAN GONZÁLEZ BELANZATEGU,0.0
2024-05-01,2024,Mayo,ALVARO,0.0
2024-05-01,2024,Mayo,ANGEL EDUARDO VAZQUEZ REY,0.0
2024-05-01,2024,Mayo,ANGELICA MAGDALENA CEDILL,0.0
2024-05-01,2024,Mayo,AURELIO FELIPE TORRES REV,0.0
2024-05-01,2024,Mayo,CARLOS,0.0
2024-05-01,2024,Mayo,CARLOS ALBERTO NIETO MERI,0.0
2024-05-01,2024,Mayo,CARLOS CORTES TEXIS,0.0
2024-05-01,2024,Mayo,CARLOS MEJIA (PACHUCA),0.0
2024-05-01,2024,Mayo,CESAR,0.0
2024-05-01,2024,Mayo,CLAUDIA GALVÁN ARCE,0.0
2024-05-01,2024,Mayo,DANIEL DE LEON CANDIA,0.0
2024-05-01,2024,Mayo,DANIELA DURAN BERNARDINO,0.0
2024-05-01,2024,Mayo,DAVID JIMENEZ CASTRO,1.0
2024-05-01,2024,Mayo,FATIMA,0.0
2024-05-01,2024,Mayo,GUADALUPE PALACIOS HERNÁN,0.0
2024-05-01,2024,Mayo,IGNACIO,0.0
2024-05-01,2024,Mayo,J4OSETTE RAMON NAVA FLORES,0.0
2024-05-01,2024,Mayo,JAIME GONZALEZ CORONA,0.53
2024-05-01,2024,Mayo,JESUS SERRANO RAMIREZ,0.0
2024-05-01,2024,Mayo,JOSE ANTONIO LICONA MENDE,2.0
2024-05-01,2024,Mayo,JOSE CARLOS ZENTENO LOZAD,0.0
2024-05-01,2024,Mayo,JOSE EDUARDO PARADA DURAN,0.0
2024-05-01,2024,Mayo,JOSE MANUEL LOPEZ AGUILA,0.0
2024-05-01,2024,Mayo,JOSHLAAN,0.0
2024-05-01,2024,Mayo,JULIO CESAR,0.0
2024-05-01,2024,Mayo,JULIO CESAR PESTAÑA,0.0
2024-05-01,2024,Mayo,LAURA LOPEZ MEJIA,0.0
2024-05-01,2024,Mayo,LUIS ALBERTO GOMEZ GONZAL,0.0
2024-05-01,2024,Mayo,MARCOS COCA,0.0
2024-05-01,2024,Mayo,MARIO,0.0
2024-05-01,2024,Mayo,MAURICIO ALFREDO VAZQUEZ F,0.0
2024-05-01,2024,Mayo,MERCEDES,0.0
2024-05-01,2024,Mayo,MIGUEL,0.0
2024-05-01,2024,Mayo,MIGUEL ANGEL SONDEREGGER,1.0
2024-05-01,2024,Mayo,MONICA GISELA FLORES RODR,0.0
2024-05-01,2024,Mayo,NANCY OLASCOAGA CASTILLO,0.0
2024-05-01,2024,Mayo,NAYELI,0.0
2024-05-01,2024,Mayo,NAYELI MONTES DE OCA MART,0.0
2024-05-01,2024,Mayo,OBRIAN,0.0
2024-05-01,2024,Mayo,OMAR,0.0
2024-05-01,2024,Mayo,OSCAR ALONSO VELÁZQUEZ HE,0.0
2024-05-01,2024,Mayo,PAUL ROSAS YRIGOYEN,2.0
2024-05-01,2024,Mayo,PEDRO ANTONIO,0.0
2024-05-01,2024,Mayo,PEDRO GONZALEZ ESPINDOLA,2.0
2024-05-01,2024,Mayo,RICARDO SILVA HERAS,0.0
2024-05-01,2024,Mayo,RUBEN,0.0
2024-05-01,2024,Mayo,SERGIO,0.0
2024-05-01,2024,Mayo,VICTOR MANUEL SANCHEZ ARRO,0.0
2024-05-01,2024,Mayo,iGOR SEBASTIÁN BENHUMEA Z,0.0
2024-06-01,2024,Junio,ABIGAIL VARGAS CRUZ,1.0
2024-06-01,2024,Junio,ALAN GONZÁLEZ BELANZATEGU,0.0
2024-06-01,2024,Junio,ALVARO,0.0
2024-06-01,2024,Junio,ANGEL EDUARDO VAZQUEZ REY,0.0
2024-06-01,2024,Junio,ANGELICA MAGDALENA CEDILL,0.0
2024-06-01,2024,Junio,AURELIO FELIPE TORRES REV,0.0
2024-06-01,2024,Junio,CARLOS,0.0
2024-06-01,2024,Junio,CARLOS ALBERTO NIETO MERI,0.0
2024-06-01,2024,Junio,CARLOS CORTES TEXIS,0.0
2024-06-01,2024,Junio,CARLOS MEJIA (PACHUCA),0.0
2024-06-01,2024,Junio,CESAR,0.0
2024-06-01,2024,Junio,CLAUDIA GALVÁN ARCE,0.0
2024-06-01,2024,Junio,DANIEL DE LEON CANDIA,0.0
2024-06-01,2024,Junio,DANIELA DURAN BERNARDINO,0.0
2024-06-01,2024,Junio,DAVID JIMENEZ CASTRO,0.0
2024-06-01,2024,Junio,FATIMA,0.0
2024-06-01,2024,Junio,GUADALUPE PALACIOS HERNÁN,0.0
2024-06-01,2024,Junio,IGNACIO,0.0
2024-06-01,2024,Junio,J4OSETTE RAMON NAVA FLORES,0.0
2024-06-01,2024,Junio,JAIME GONZALEZ CORONA,2.0
2024-06-01,2024,Junio,JESUS SERRANO RAMIREZ,0.0
2024-06-01,2024,Junio,JOSE ANTONIO LICONA MENDE,0.0
2024-06-01,2024,Junio,JOSE CARLOS ZENTENO LOZAD,0.0
2024-06-01,2024,Junio,JOSE EDUARDO PARADA DURAN,0.0
2024-06-01,2024,Junio,JOSE MANUEL LOPEZ AGUILA,0.0
2024-06-01,2024,Junio,JOSHLAAN,0.0
2024-06-01,2024,Junio,JULIO CESAR,0.0
2024-06-01,2024,Junio,JULIO CESAR PESTAÑA,0.0
2024-06-01,2024,Junio,LAURA LOPEZ MEJIA,0.0
2024-06-01,2024,Junio,LUIS ALBERTO GOMEZ GONZAL,0.0
2024-06-01,2024,Junio,MARCOS COCA,0.0
2024-06-01,2024,Junio,MARIO,0.0
2024-06-01,2024,Junio,MAURICIO ALFREDO VAZQUEZ F,0.0
2024-06-01,2024,Junio,MERCEDES,0.0
2024-06-01,2024,Junio,MIGUEL,0.0
2024-06-01,2024,Junio,MIGUEL ANGEL SONDEREGGER,2.0
2024-06-01,2024,Junio,MONICA GISELA FLORES RODR,0.0
2024-06-01,2024,Junio,NANCY OLASCOAGA CASTILLO,0.0
2024-06-01,2024,Junio,NAYELI,0.0
2024-06-01,2024,Junio,NAYELI MONTES DE OCA MART,0.0
2024-06-01,2024,Junio,OBRIAN,0.0
2024-06-01,2024,Junio,OMAR,0.0
2024-06-01,2024,Junio,OSCAR ALONSO VELÁZQUEZ HE,0.0
2024-06-01,2024,Junio,PAUL ROSAS YRIGOYEN,0.0
2024-06-01,2024,Junio,PEDRO ANTONIO,0.0
2024-06-01,2024,Junio,PEDRO GONZALEZ ESPINDOLA,0.0
2024-06-01,2024,Junio,RICARDO SILVA HERAS,0.0
2024-06-01,2024,Junio,RUBEN,0.0
2024-06-01,2024,Junio,SERGIO,0.0
2024-06-01,2024,Junio,VICTOR MANUEL SANCHEZ ARRO,1.0
2024-06-01,2024,Junio,iGOR SEBASTIÁN BENHUMEA Z,0.0
2024-07-01,2024,Julio,ABIGAIL VARGAS CRUZ,0.0
2024-07-01,2024,Julio,ALAN GONZÁLEZ BELANZATEGU,0.0
2024-07-01,2024,Julio,ALVARO,0.0
2024-07-01,2024,Julio,ANGEL EDUARDO VAZQUEZ REY,0.0
2024-07-01,2024,Julio,ANGELICA MAGDALENA CEDILL,0.0
2024-07-01,2024,Julio,AURELIO FELIPE TORRES REV,0.0
2024-07-01,2024,Julio,CARLOS,0.0
2024-07-01,2024,Julio,CARLOS ALBERTO NIETO MERI,0.0
2024-07-01,2024,Julio,CARLOS CORTES TEXIS,0.0
2024-07-01,2024,Julio,CARLOS MEJIA (PACHUCA),0.0
2024-07-01,2024,Julio,CESAR,0.0
2024-07-01,2024,Julio,CLAUDIA GALVÁN ARCE,0.0
2024-07-01,2024,Julio,DANIEL DE LEON CANDIA,0.0
2024-07-01,2024,Julio,DANIELA DURAN BERNARDINO,0.0
2024-07-01,2024,Julio,DAVID JIMENEZ CASTRO,0.0
2024-07-01,2024,Julio,FATIMA,0.0
2024-07-01,2024,Julio,GUADALUPE PALACIOS HERNÁN,0.0
2024-07-01,2024,Julio,IGNACIO,0.0
2024-07-01,2024,Julio,J4OSETTE RAMON NAVA FLORES,2.0
2024-07-01,2024,Julio,JAIME GONZALEZ CORONA,3.0
2024-07-01,2024,Julio,JESUS SERRANO RAMIREZ,0.0
2024-07-01,2024,Julio,JOSE ANTONIO LICONA MENDE,0.0
2024-07-01,2024,Julio,JOSE CARLOS ZENTENO LOZAD,1.0
2024-07-01,2024,Julio,JOSE EDUARDO PARADA DURAN,0.0
2024-07-01,2024,Julio,JOSE MANUEL LOPEZ AGUILA,0.0
2024-07-01,2024,Julio,JOSHLAAN,0.0
2024-07-01,2024,Julio,JULIO CESAR,0.0
2024-07-01,2024,Julio,JULIO CESAR PESTAÑA,0.0
2024-07-01,2024,Julio,LAURA LOPEZ MEJIA,0.0
2024-07-01,2024,Julio,LUIS ALBERTO GOMEZ GONZAL,0.0
2024-07-01,2024,Julio,MARCOS COCA,0.0
2024-07-01,2024,Julio,MARIO,0.0
2024-07-01,2024,Julio,MAURICIO ALFREDO VAZQUEZ F,0.0
2024-07-01,2024,Julio,MERCEDES,0.0
2024-07-01,2024,Julio,MIGUEL,0.0
2024-07-01,2024,Julio,MIGUEL ANGEL SONDEREGGER,0.53
2024-07-01,2024,Julio,MONICA GISELA FLORES RODR,0.0
2024-07-01,2024,Julio,NANCY OLASCOAGA CASTILLO,0.0
2024-07-01,2024,Julio,NAYELI,0.0
2024-07-01,2024,Julio,NAYELI MONTES DE OCA MART,0.0
2024-07-01,2024,Julio,OBRIAN,0.0
2024-07-01,2024,Julio,OMAR,0.0
2024-07-01,2024,Julio,OSCAR ALONSO VELÁZQUEZ HE,0.0
2024-07-01,2024,Julio,PAUL ROSAS YRIGOYEN,0.0
2024-07-01,2024,Julio,PEDRO ANTONIO,0.0
2024-07-01,2024,Julio,PEDRO GONZALEZ ESPINDOLA,0.53
2024-07-01,2024,Julio,RICARDO SILVA HERAS,0.0
2024-07-01,2024,Julio,RUBEN,0.0
2024-07-01,2024,Julio,SERGIO,0.0
2024-07-01,2024,Julio,VICTOR MANUEL SANCHEZ ARRO,1.0
2024-07-01,2024,Julio,iGOR SEBASTIÁN BENHUMEA Z,0.0
2024-08-01,2024,Agosto,ABIGAIL VARGAS CRUZ,0.0
2024-08-01,2024,Agosto,ALAN GONZÁLEZ BELANZATEGU,0.0
2024-08-01,2024,Agosto,ALVARO,0.0
2024-08-01,2024,Agosto,ANGEL EDUARDO VAZQUEZ REY,0.0
2024-08-01,2024,Agosto,ANGELICA MAGDALENA CEDILL,0.0
2024-08-01,2024,Agosto,AURELIO FELIPE TORRES REV,0.0
2024-08-01,2024,Agosto,CARLOS,0.0
2024-08-01,2024,Agosto,CARLOS ALBERTO NIETO MERI,0.0
2024-08-01,2024,Agosto,CARLOS CORTES TEXIS,0.0
2024-08-01,2024,Agosto,CARLOS MEJIA (PACHUCA),0.0
2024-08-01,2024,Agosto,CESAR,0.0
2024-08-01,2024,Agosto,CLAUDIA GALVÁN ARCE,0.0
2024-08-01,2024,Agosto,DANIEL DE LEON CANDIA,0.0
2024-08-01,2024,Agosto,DANIELA DURAN BERNARDINO,0.0
2024-08-01,2024,Agosto,DAVID JIMENEZ CASTRO,0.0
2024-08-01,2024,Agosto,FATIMA,0.0
2024-08-01,2024,Agosto,GUADALUPE PALACIOS HERNÁN,0.0
2024-08-01,2024,Agosto,IGNACIO,0.0
2024-08-01,2024,Agosto,J4OSETTE RAMON NAVA FLORES,4.0
2024-08-01,2024,Agosto,JAIME GONZALEZ CORONA,3.0
2024-08-01,2024,Agosto,JESUS SERRANO RAMIREZ,0.0
2024-08-01,2024,Agosto,JOSE ANTONIO LICONA MENDE,0.0
2024-08-01,2024,Agosto,JOSE CARLOS ZENTENO LOZAD,0.0
2024-08-01,2024,Agosto,JOSE EDUARDO PARADA DURAN,0.0
2024-08-01,2024,Agosto,JOSE MANUEL LOPEZ AGUILA,0.0
2024-08-01,2024,Agosto,JOSHLAAN,0.0
2024-08-01,2024,Agosto,JULIO CESAR,0.0
2024-08-01,2024,Agosto,JULIO CESAR PESTAÑA,0.0
2024-08-01,2024,Agosto,LAURA LOPEZ MEJIA,0.0
2024-08-01,2024,Agosto,LUIS ALBERTO GOMEZ GONZAL,0.0
2024-08-01,2024,Agosto,MARCOS COCA,0.0
2024-08-01,2024,Agosto,MARIO,0.0
2024-08-01,2024,Agosto,MAURICIO ALFREDO VAZQUEZ F,0.0
2024-08-01,2024,Agosto,MERCEDES,0.0
2024-08-01,2024,Agosto,MIGUEL,0.0
2024-08-01,2024,Agosto,MIGUEL ANGEL SONDEREGGER,0.53
2024-08-01,2024,Agosto,MONICA GISELA FLORES RODR,0.0
2024-08-01,2024,Agosto,NANCY OLASCOAGA CASTILLO,0.0
2024-08-01,2024,Agosto,NAYELI,0.0
2024-08-01,2024,Agosto,NAYELI MONTES DE OCA MART,0.0
2024-08-01,2024,Agosto,OBRIAN,0.0
2024-08-01,2024,Agosto,OMAR,0.0
2024-08-01,2024,Agosto,OSCAR ALONSO VELÁZQUEZ HE,0.0
2024-08-01,2024,Agosto,PAUL ROSAS YRIGOYEN,0.0
2024-08-01,2024,Agosto,PEDRO ANTONIO,0.0
2024-08-01,2024,Agosto,PEDRO GONZALEZ ESPINDOLA,2.0
2024-08-01,2024,Agosto,RICARDO SILVA HERAS,0.0
2024-08-01,2024,Agosto,RUBEN,0.0
2024-08-01,2024,Agosto,SERGIO,0.0
2024-08-01,2024,Agosto,VICTOR MANUEL SANCHEZ ARRO,3.0
2024-08-01,2024,Agosto,iGOR SEBASTIÁN BENHUMEA Z,0.0
2024-09-01,2024,Septiembre,ABIGAIL VARGAS CRUZ,0.0
2024-09-01,2024,Septiembre,ALAN GONZÁLEZ BELANZATEGU,0.0
2024-09-01,2024,Septiembre,ALVARO,0.0
2024-09-01,2024,Septiembre,ANGEL EDUARDO VAZQUEZ REY,0.0
2024-09-01,2024,Septiembre,ANGELICA MAGDALENA CEDILL,0.0
2024-09-01,2024,Septiembre,AURELIO FELIPE TORRES REV,0.0
2024-09-01,2024,Septiembre,CARLOS,0.0
2024-09-01,2024,Septiembre,CARLOS ALBERTO NIETO MERI,2.0
2024-09-01,2024,Septiembre,CARLOS CORTES TEXIS,0.0
2024-09-01,2024,Septiembre,CARLOS MEJIA (PACHUCA),0.0
2024-09-01,2024,Septiembre,CESAR,0.0
2024-09-01,2024,Septiembre,CLAUDIA GALVÁN ARCE,0.0
2024-09-01,2024,Septiembre,DANIEL DE LEON CANDIA,0.0
2024-09-01,2024,Septiembre,DANIELA DURAN BERNARDINO,0.0
2024-09-01,2024,Septiembre,DAVID JIMENEZ CASTRO,0.0
2024-09-01,2024,Septiembre,FATIMA,0.0
2024-09-01,2024,Septiembre,GUADALUPE PALACIOS HERNÁN,0.0
2024-09-01,2024,Septiembre,IGNACIO,0.0
2024-09-01,2024,Septiembre,J4OSETTE RAMON NAVA FLORES,2.0
2024-09-01,2024,Septiembre,JAIME GONZALEZ CORONA,3.0
2024-09-01,2024,Septiembre,JESUS SERRANO RAMIREZ,0.0
2024-09-01,2024,Septiembre,JOSE ANTONIO LICONA MENDE,3.0
2024-09-01,2024,Septiembre,JOSE CARLOS ZENTENO LOZAD,0.0
2024-09-01,2024,Septiembre,JOSE EDUARDO PARADA DURAN,0.0
2024-09-01,2024,Septiembre,JOSE MANUEL LOPEZ AGUILA,0.0
2024-09-01,2024,Septiembre,JOSHLAAN,0.0
2024-09-01,2024,Septiembre,JULIO CESAR,0.0
2024-09-01,2024,Septiembre,JULIO CESAR PESTAÑA,0.0
2024-09-01,2024,Septiembre,LAURA LOPEZ MEJIA,0.0
2024-09-01,2024,Septiembre,LUIS ALBERTO GOMEZ GONZAL,0.0
2024-09-01,2024,Septiembre,MARCOS COCA,0.0
2024-09-01,2024,Septiembre,MARIO,0.0
2024-09-01,2024,Septiembre,MAURICIO ALFREDO VAZQUEZ F,0.0
2024-09-01,2024,Septiembre,MERCEDES,0.0
2024-09-01,2024,Septiembre,MIGUEL,0.0
2024-09-01,2024,Septiembre,MIGUEL ANGEL SONDEREGGER,2.0
2024-09-01,2024,Septiembre,MONICA GISELA FLORES RODR,2.0
2024-09-01,2024,Septiembre,NANCY OLASCOAGA CASTILLO,0.0
2024-09-01,2024,Septiembre,NAYELI,0.0
2024-09-01,2024,Septiembre,NAYELI MONTES DE OCA MART,0.0
2024-09-01,2024,Septiembre,OBRIAN,0.0
2024-09-01,2024,Septiembre,OMAR,0.0
2024-09-01,2024,Septiembre,OSCAR ALONSO VELÁZQUEZ HE,0.0
2024-09-01,2024,Septiembre,PAUL ROSAS YRIGOYEN,0.0
2024-09-01,2024,Septiembre,PEDRO ANTONIO,0.0
2024-09-01,2024,Septiembre,PEDRO GONZALEZ ESPINDOLA,3.0
2024-09-01,2024,Septiembre,RICARDO SILVA HERAS,0.0
2024-09-01,2024,Septiembre,RUBEN,0.0
2024-09-01,2024,Septiembre,SERGIO,0.0
2024-09-01,2024,Septiembre,VICTOR MANUEL SANCHEZ ARRO,0.0
2024-09-01,2024,Septiembre,iGOR SEBASTIÁN BENHUMEA Z,0.0
2024-10-01,2024,Octubre,ABIGAIL VARGAS CRUZ,0.0
2024-10-01,2024,Octubre,ALAN GONZÁLEZ BELANZATEGU,0.0
2024-10-01,2024,Octubre,ALVARO,0.0
2024-10-01,2024,Octubre,ANGEL EDUARDO VAZQUEZ REY,0.0
2024-10-01,2024,Octubre,ANGELICA MAGDALENA CEDILL,0.0
2024-10-01,2024,Octubre,AURELIO FELIPE TORRES REV,3.0
2024-10-01,2024,Octubre,CARLOS,0.0
2024-10-01,2024,Octubre,CARLOS ALBERTO NIETO MERI,2.0
2024-10-01,2024,Octubre,CARLOS CORTES TEXIS,0.0
2024-10-01,2024,Octubre,CARLOS MEJIA (PACHUCA),0.0
2024-10-01,2024,Octubre,CESAR,0.0
2024-10-01,2024,Octubre,CLAUDIA GALVÁN ARCE,0.0
2024-10-01,2024,Octubre,DANIEL DE LEON CANDIA,3.0
2024-10-01,2024,Octubre,DANIELA DURAN BERNARDINO,0.0
2024-10-01,2024,Octubre,DAVID JIMENEZ CASTRO,0.0
2024-10-01,2024,Octubre,FATIMA,0.0
2024-10-01,2024,Octubre,GUADALUPE PALACIOS HERNÁN,0.0
2024-10-01,2024,Octubre,IGNACIO,0.0
2024-10-01,2024,Octubre,J4OSETTE RAMON NAVA FLORES,1.0
2024-10-01,2024,Octubre,JAIME GONZALEZ CORONA,4.0
2024-10-01,2024,Octubre,JESUS SERRANO RAMIREZ,0.0
2024-10-01,2024,Octubre,JOSE ANTONIO LICONA MENDE,2.0
2024-10-01,2024,Octubre,JOSE CARLOS ZENTENO LOZAD,0.0
2024-10-01,2024,Octubre,JOSE EDUARDO PARADA DURAN,0.0
2024-10-01,2024,Octubre,JOSE MANUEL LOPEZ AGUILA,0.0
2024-10-01,2024,Octubre,JOSHLAAN,0.0
2024-10-01,2024,Octubre,JULIO CESAR,0.0
2024-10-01,2024,Octubre,JULIO CESAR PESTAÑA,0.0
2024-10-01,2024,Octubre,LAURA LOPEZ MEJIA,0.0
2024-10-01,2024,Octubre,LUIS ALBERTO GOMEZ GONZAL,0.0
2024-10-01,2024,Octubre,MARCOS COCA,0.0
2024-10-01,2024,Octubre,MARIO,0.0
2024-10-01,2024,Octubre,MAURICIO ALFREDO VAZQUEZ F,0.0
2024-10-01,2024,Octubre,MERCEDES,0.0
2024-10-01,2024,Octubre,MIGUEL,0.0
2024-10-01,2024,Octubre,MIGUEL ANGEL SONDEREGGER,2.0
2024-10-01,2024,Octubre,MONICA GISELA FLORES RODR,0.0
2024-10-01,2024,Octubre,NANCY OLASCOAGA CASTILLO,1.0
2024-10-01,2024,Octubre,NAYELI,0.0
2024-10-01,2024,Octubre,NAYELI MONTES DE OCA MART,0.0
2024-10-01,2024,Octubre,OBRIAN,0.0
2024-10-01,2024,Octubre,OMAR,0.0
2024-10-01,2024,Octubre,OSCAR ALONSO VELÁZQUEZ HE,0.0
2024-10-01,2024,Octubre,PAUL ROSAS YRIGOYEN,0.0
2024-10-01,2024,Octubre,PEDRO ANTONIO,0.0
2024-10-01,2024,Octubre,PEDRO GONZALEZ ESPINDOLA,3.0
2024-10-01,2024,Octubre,RICARDO SILVA HERAS,0.0
2024-10-01,2024,Octubre,RUBEN,0.0
2024-10-01,2024,Octubre,SERGIO,0.0
2024-10-01,2024,Octubre,VICTOR MANUEL SANCHEZ ARRO,2.0
2024-10-01,2024,Octubre,iGOR SEBASTIÁN BENHUMEA Z,0.0
2024-11-01,2024,Noviembre,ABIGAIL VARGAS CRUZ,0.0
2024-11-01,2024,Noviembre,ALAN GONZÁLEZ BELANZATEGU,2.0
2024-11-01,2024,Noviembre,ALVARO,0.0
2024-11-01,2024,Noviembre,ANGEL EDUARDO VAZQUEZ REY,0.0
2024-11-01,2024,Noviembre,ANGELICA MAGDALENA CEDILL,1.0
2024-11-01,2024,Noviembre,AURELIO FELIPE TORRES REV,0.0
2024-11-01,2024,Noviembre,CARLOS,0.0
2024-11-01,2024,Noviembre,CARLOS ALBERTO NIETO MERI,3.0
2024-11-01,2024,Noviembre,CARLOS CORTES TEXIS,0.0
2024-11-01,2024,Noviembre,CARLOS MEJIA (PACHUCA),0.0
2024-11-01,2024,Noviembre,CESAR,0.0
2024-11-01,2024,Noviembre,CLAUDIA GALVÁN ARCE,0.0
2024-11-01,2024,Noviembre,DANIEL DE LEON CANDIA,3.0
2024-11-01,2024,Noviembre,DANIELA DURAN BERNARDINO,0.0
2024-11-01,2024,Noviembre,DAVID JIMENEZ CASTRO,0.0
2024-11-01,2024,Noviembre,FATIMA,0.0
2024-11-01,2024,Noviembre,GUADALUPE PALACIOS HERNÁN,1.0
2024-11-01,2024,Noviembre,IGNACIO,0.0
2024-11-01,2024,Noviembre,J4OSETTE RAMON NAVA FLORES,3.0
2024-11-01,2024,Noviembre,JAIME GONZALEZ CORONA,0.0
2024-11-01,2024,Noviembre,JESUS SERRANO RAMIREZ,0.0
2024-11-01,2024,Noviembre,JOSE ANTONIO LICONA MENDE,1.0
2024-11-01,2024,Noviembre,JOSE CARLOS ZENTENO LOZAD,0.0
2024-11-01,2024,Noviembre,JOSE EDUARDO PARADA DURAN,0.0
2024-11-01,2024,Noviembre,JOSE MANUEL LOPEZ AGUILA,0.0
2024-11-01,2024,Noviembre,JOSHLAAN,0.0
2024-11-01,2024,Noviembre,JULIO CESAR,0.0
2024-11-01,2024,Noviembre,JULIO CESAR PESTAÑA,0.0
2024-11-01,2024,Noviembre,LAURA LOPEZ MEJIA,0.0
2024-11-01,2024,Noviembre,LUIS ALBERTO GOMEZ GONZAL,0.0
2024-11-01,2024,Noviembre,MARCOS COCA,0.0
2024-11-01,2024,Noviembre,MARIO,0.0
2024-11-01,2024,Noviembre,MAURICIO ALFREDO VAZQUEZ F,0.0
2024-11-01,2024,Noviembre,MERCEDES,0.0
2024-11-01,2024,Noviembre,MIGUEL,0.0
2024-11-01,2024,Noviembre,MIGUEL ANGEL SONDEREGGER,4.0
2024-11-01,2024,Noviembre,MONICA GISELA FLORES RODR,0.0
2024-11-01,2024,Noviembre,NANCY OLASCOAGA CASTILLO,1.0
2024-11-01,2024,Noviembre,NAYELI,0.0
2024-11-01,2024,Noviembre,NAYELI MONTES DE OCA MART,0.0
2024-11-01,2024,Noviembre,OBRIAN,0.0
2024-11-01,2024,Noviembre,OMAR,0.0
2024-11-01,2024,Noviembre,OSCAR ALONSO VELÁZQUEZ HE,1.0
2024-11-01,2024,Noviembre,PAUL ROSAS YRIGOYEN,0.0
2024-11-01,2024,Noviembre,PEDRO ANTONIO,0.0
2024-11-01,2024,Noviembre,PEDRO GONZALEZ ESPINDOLA,1.0
2024-11-01,2024,Noviembre,RICARDO SILVA HERAS,0.0
2024-11-01,2024,Noviembre,RUBEN,0.0
2024-11-01,2024,Noviembre,SERGIO,0.0
2024-11-01,2024,Noviembre,VICTOR MANUEL SANCHEZ ARRO,1.0
2024-11-01,2024,Noviembre,iGOR SEBASTIÁN BENHUMEA Z,0.0
2024-12-01,2024,Diciembre,ABIGAIL VARGAS CRUZ,0.0
2024-12-01,2024,Diciembre,ALAN GONZÁLEZ BELANZATEGU,2.0
2024-12-01,2024,Diciembre,ALVARO,0.0
2024-12-01,2024,Diciembre,ANGEL EDUARDO VAZQUEZ REY,0.0
2024-12-01,2024,Diciembre,ANGELICA MAGDALENA CEDILL,0.0
2024-12-01,2024,Diciembre,AURELIO FELIPE TORRES REV,0.0
2024-12-01,2024,Diciembre,CARLOS,0.0
2024-12-01,2024,Diciembre,CARLOS ALBERTO NIETO MERI,3.0
2024-12-01,2024,Diciembre,CARLOS CORTES TEXIS,1.0
2024-12-01,2024,Diciembre,CARLOS MEJIA (PACHUCA),0.0
2024-12-01,2024,Diciembre,CESAR,0.0
2024-12-01,2024,Diciembre,CLAUDIA GALVÁN ARCE,0.0
2024-12-01,2024,Diciembre,DANIEL DE LEON CANDIA,3.0
2024-12-01,2024,Diciembre,DANIELA DURAN BERNARDINO,0.0
2024-12-01,2024,Diciembre,DAVID JIMENEZ CASTRO,0.0
2024-12-01,2024,Diciembre,FATIMA,0.0
2024-12-01,2024,Diciembre,GUADALUPE PALACIOS HERNÁN,4.0
2024-12-01,2024,Diciembre,IGNACIO,0.0
2024-12-01,2024,Diciembre,J4OSETTE RAMON NAVA FLORES,4.0
2024-12-01,2024,Diciembre,JAIME GONZALEZ CORONA,0.0
2024-12-01,2024,Diciembre,JESUS SERRANO RAMIREZ,0.0
2024-12-01,2024,Diciembre,JOSE ANTONIO LICONA MENDE,1.0
2024-12-01,2024,Diciembre,JOSE CARLOS ZENTENO LOZAD,0.0
2024-12-01,2024,Diciembre,JOSE EDUARDO PARADA DURAN,0.0
2024-12-01,2024,Diciembre,JOSE MANUEL LOPEZ AGUILA,0.0
2024-12-01,2024,Diciembre,JOSHLAAN,0.0
2024-12-01,2024,Diciembre,JULIO CESAR,0.0
2024-12-01,2024,Diciembre,JULIO CESAR PESTAÑA,0.0
2024-12-01,2024,Diciembre,LAURA LOPEZ MEJIA,0.0
2024-12-01,2024,Diciembre,LUIS ALBERTO GOMEZ GONZAL,0.0
2024-12-01,2024,Diciembre,MARCOS COCA,0.0
2024-12-01,2024,Diciembre,MARIO,0.0
2024-12-01,2024,Diciembre,MAURICIO ALFREDO VAZQUEZ F,0.0
2024-12-01,2024,Diciembre,MERCEDES,0.0
2024-12-01,2024,Diciembre,MIGUEL,0.0
2024-12-01,2024,Diciembre,MIGUEL ANGEL SONDEREGGER,4.0
2024-12-01,2024,Diciembre,MONICA GISELA FLORES RODR,0.0
2024-12-01,2024,Diciembre,NANCY OLASCOAGA CASTILLO,1.0
2024-12-01,2024,Diciembre,NAYELI,0.0
2024-12-01,2024,Diciembre,NAYELI MONTES DE OCA MART,0.0
2024-12-01,2024,Diciembre,OBRIAN,0.0
2024-12-01,2024,Diciembre,OMAR,0.0
2024-12-01,2024,Diciembre,OSCAR ALONSO VELÁZQUEZ HE,3.0
2024-12-01,2024,Diciembre,PAUL ROSAS YRIGOYEN,0.0
2024-12-01,2024,Diciembre,PEDRO ANTONIO,0.0
2024-12-01,2024,Diciembre,PEDRO GONZALEZ ESPINDOLA,3.0
2024-12-01,2024,Diciembre,RICARDO SILVA HERAS,0.0
2024-12-01,2024,Diciembre,RUBEN,0.0
2024-12-01,2024,Diciembre,SERGIO,0.0
2024-12-01,2024,Diciembre,VICTOR MANUEL SANCHEZ ARRO,3.0
2024-12-01,2024,Diciembre,iGOR SEBASTIÁN BENHUMEA Z,0.0
2025-01-01,2025,Enero,ABIGAIL VARGAS CRUZ,0.0
2025-01-01,2025,Enero,ALAN GONZÁLEZ BELANZATEGU,0.53
2025-01-01,2025,Enero,ALVARO,0.0
2025-01-01,2025,Enero,ANGEL EDUARDO VAZQUEZ REY,1.0
2025-01-01,2025,Enero,ANGELICA MAGDALENA CEDILL,0.0
2025-01-01,2025,Enero,AURELIO FELIPE TORRES REV,0.0
2025-01-01,2025,Enero,CARLOS,0.0
2025-01-01,2025,Enero,CARLOS ALBERTO NIETO MERI,2.0
2025-01-01,2025,Enero,CARLOS CORTES TEXIS,1.0
2025-01-01,2025,Enero,CARLOS MEJIA (PACHUCA),0.0
2025-01-01,2025,Enero,CESAR,0.0
2025-01-01,2025,Enero,CLAUDIA GALVÁN ARCE,1.0
2025-01-01,2025,Enero,DANIEL DE LEON CANDIA,1.0
2025-01-01,2025,Enero,DANIELA DURAN BERNARDINO,0.0
2025-01-01,2025,Enero,DAVID JIMENEZ CASTRO,0.0
2025-01-01,2025,Enero,FATIMA,0.0
2025-01-01,2025,Enero,GUADALUPE PALACIOS HERNÁN,2.0
2025-01-01,2025,Enero,IGNACIO,0.0
2025-01-01,2025,Enero,J4OSETTE RAMON NAVA FLORES,0.0
2025-01-01,2025,Enero,JAIME GONZALEZ CORONA,0.0
2025-01-01,2025,Enero,JESUS SERRANO RAMIREZ,0.0
2025-01-01,2025,Enero,JOSE ANTONIO LICONA MENDE,1.0
2025-01-01,2025,Enero,JOSE CARLOS ZENTENO LOZAD,0.0
2025-01-01,2025,Enero,JOSE EDUARDO PARADA DURAN,0.0
2025-01-01,2025,Enero,JOSE MANUEL LOPEZ AGUILA,0.0
2025-01-01,2025,Enero,JOSHLAAN,0.0
2025-01-01,2025,Enero,JULIO CESAR,0.0
2025-01-01,2025,Enero,JULIO CESAR PESTAÑA,0.0
2025-01-01,2025,Enero,LAURA LOPEZ MEJIA,0.0
2025-01-01,2025,Enero,LUIS ALBERTO GOMEZ GONZAL,0.0
2025-01-01,2025,Enero,MARCOS COCA,0.0
2025-01-01,2025,Enero,MARIO,0.0
2025-01-01,2025,Enero,MAURICIO ALFREDO VAZQUEZ F,0.0
2025-01-01,2025,Enero,MERCEDES,0.0
2025-01-01,2025,Enero,MIGUEL,0.0
2025-01-01,2025,Enero,MIGUEL ANGEL SONDEREGGER,1.0
2025-01-01,2025,Enero,MONICA GISELA FLORES RODR,0.0
2025-01-01,2025,Enero,NANCY OLASCOAGA CASTILLO,0.0
2025-01-01,2025,Enero,NAYELI,0.0
2025-01-01,2025,Enero,NAYELI MONTES DE OCA MART,0.0
2025-01-01,2025,Enero,OBRIAN,0.0
2025-01-01,2025,Enero,OMAR,0.0
2025-01-01,2025,Enero,OSCAR ALONSO VELÁZQUEZ HE,1.0
2025-01-01,2025,Enero,PAUL ROSAS YRIGOYEN,0.0
2025-01-01,2025,Enero,PEDRO ANTONIO,0.0
2025-01-01,2025,Enero,PEDRO GONZALEZ ESPINDOLA,0.53
2025-01-01,2025,Enero,RICARDO SILVA HERAS,0.0
2025-01-01,2025,Enero,RUBEN,0.0
2025-01-01,2025,Enero,SERGIO,0.0
2025-01-01,2025,Enero,VICTOR MANUEL SANCHEZ ARRO,2.0
2025-01-01,2025,Enero,iGOR SEBASTIÁN BENHUMEA Z,2.0
2025-02-01,2025,Febrero,ABIGAIL VARGAS CRUZ,0.0
2025-02-01,2025,Febrero,ALAN GONZÁLEZ BELANZATEGU,2.0
2025-02-01,2025,Febrero,ALVARO,0.0
2025-02-01,2025,Febrero,ANGEL EDUARDO VAZQUEZ REY,0.0
2025-02-01,2025,Febrero,ANGELICA MAGDALENA CEDILL,0.0
2025-02-01,2025,Febrero,AURELIO FELIPE TORRES REV,0.0
2025-02-01,2025,Febrero,CARLOS,0.0
2025-02-01,2025,Febrero,CARLOS ALBERTO NIETO MERI,3.0
2025-02-01,2025,Febrero,CARLOS CORTES TEXIS,1.0
2025-02-01,2025,Febrero,CARLOS MEJIA (PACHUCA),0.0
2025-02-01,2025,Febrero,CESAR,0.0
2025-02-01,2025,Febrero,CLAUDIA GALVÁN ARCE,1.0
2025-02-01,2025,Febrero,DANIEL DE LEON CANDIA,2.0
2025-02-01,2025,Febrero,DANIELA DURAN BERNARDINO,0.0
2025-02-01,2025,Febrero,DAVID JIMENEZ CASTRO,0.0
2025-02-01,2025,Febrero,FATIMA,0.0
2025-02-01,2025,Febrero,GUADALUPE PALACIOS HERNÁN,0.0
2025-02-01,2025,Febrero,IGNACIO,0.0
2025-02-01,2025,Febrero,J4OSETTE RAMON NAVA FLORES,0.0
2025-02-01,2025,Febrero,JAIME GONZALEZ CORONA,0.0
2025-02-01,2025,Febrero,JESUS SERRANO RAMIREZ,0.0
2025-02-01,2025,Febrero,JOSE ANTONIO LICONA MENDE,3.0
2025-02-01,2025,Febrero,JOSE CARLOS ZENTENO LOZAD,0.0
2025-02-01,2025,Febrero,JOSE EDUARDO PARADA DURAN,0.0
2025-02-01,2025,Febrero,JOSE MANUEL LOPEZ AGUILA,0.0
2025-02-01,2025,Febrero,JOSHLAAN,0.0
2025-02-01,2025,Febrero,JULIO CESAR,0.0
2025-02-01,2025,Febrero,JULIO CESAR PESTAÑA,0.0
2025-02-01,2025,Febrero,LAURA LOPEZ MEJIA,0.0
2025-02-01,2025,Febrero,LUIS ALBERTO GOMEZ GONZAL,0.0
2025-02-01,2025,Febrero,MARCOS COCA,0.0
2025-02-01,2025,Febrero,MARIO,0.0
2025-02-01,2025,Febrero,MAURICIO ALFREDO VAZQUEZ F,1.0
2025-02-01,2025,Febrero,MERCEDES,0.0
2025-02-01,2025,Febrero,MIGUEL,0.0
2025-02-01,2025,Febrero,MIGUEL ANGEL SONDEREGGER,0.0
2025-02-01,2025,Febrero,MONICA GISELA FLORES RODR,0.0
2025-02-01,2025,Febrero,NANCY OLASCOAGA CASTILLO,2.0
2025-02-01,2025,Febrero,NAYELI,0.0
2025-02-01,2025,Febrero,NAYELI MONTES DE OCA MART,0.0
2025-02-01,2025,Febrero,OBRIAN,0.0
2025-02-01,2025,Febrero,OMAR,0.0
2025-02-01,2025,Febrero,OSCAR ALONSO VELÁZQUEZ HE,1.0
2025-02-01,2025,Febrero,PAUL ROSAS YRIGOYEN,0.0
2025-02-01,2025,Febrero,PEDRO ANTONIO,0.0
2025-02-01,2025,Febrero,PEDRO GONZALEZ ESPINDOLA,3.0
2025-02-01,2025,Febrero,RICARDO SILVA HERAS,0.0
2025-02-01,2025,Febrero,RUBEN,0.0
2025-02-01,2025,Febrero,SERGIO,0.0
2025-02-01,2025,Febrero,VICTOR MANUEL SANCHEZ ARRO,1.0
2025-02-01,2025,Febrero,iGOR SEBASTIÁN BENHUMEA Z,0.0
2025-03-01,2025,Marzo,ABIGAIL VARGAS CRUZ,0.0
2025-03-01,2025,Marzo,ALAN GONZÁLEZ BELANZATEGU,0.53
2025-03-01,2025,Marzo,ALVARO,0.0
2025-03-01,2025,Marzo,ANGEL EDUARDO VAZQUEZ REY,0.0
2025-03-01,2025,Marzo,ANGELICA MAGDALENA CEDILL,0.0
2025-03-01,2025,Marzo,AURELIO FELIPE TORRES REV,4.0
2025-03-01,2025,Marzo,CARLOS,0.0
2025-03-01,2025,Marzo,CARLOS ALBERTO NIETO MERI,0.0
2025-03-01,2025,Marzo,CARLOS CORTES TEXIS,0.0
2025-03-01,2025,Marzo,CARLOS MEJIA (PACHUCA),0.0
2025-03-01,2025,Marzo,CESAR,0.0
2025-03-01,2025,Marzo,CLAUDIA GALVÁN ARCE,0.0
2025-03-01,2025,Marzo,DANIEL DE LEON CANDIA,0.0
2025-03-01,2025,Marzo,DANIELA DURAN BERNARDINO,0.0
2025-03-01,2025,Marzo,DAVID JIMENEZ CASTRO,0.0
2025-03-01,2025,Marzo,FATIMA,0.0
2025-03-01,2025,Marzo,GUADALUPE PALACIOS HERNÁN,0.0
2025-03-01,2025,Marzo,IGNACIO,0.0
2025-03-01,2025,Marzo,J4OSETTE RAMON NAVA FLORES,0.0
2025-03-01,2025,Marzo,JAIME GONZALEZ CORONA,0.0
2025-03-01,2025,Marzo,JESUS SERRANO RAMIREZ,0.0
2025-03-01,2025,Marzo,JOSE ANTONIO LICONA MENDE,0.53
2025-03-01,2025,Marzo,JOSE CARLOS ZENTENO LOZAD,0.0
2025-03-01,2025,Marzo,JOSE EDUARDO PARADA DURAN,0.0
2025-03-01,2025,Marzo,JOSE MANUEL LOPEZ AGUILA,0.0
2025-03-01,2025,Marzo,JOSHLAAN,0.0
2025-03-01,2025,Marzo,JULIO CESAR,0.0
2025-03-01,2025,Marzo,JULIO CESAR PESTAÑA,0.0
2025-03-01,2025,Marzo,LAURA LOPEZ MEJIA,0.0
2025-03-01,2025,Marzo,LUIS ALBERTO GOMEZ GONZAL,0.0
2025-03-01,2025,Marzo,MARCOS COCA,0.0
2025-03-01,2025,Marzo,MARIO,0.0
2025-03-01,2025,Marzo,MAURICIO ALFREDO VAZQUEZ F,3.0
2025-03-01,2025,Marzo,MERCEDES,0.0
2025-03-01,2025,Marzo,MIGUEL,0.0
2025-03-01,2025,Marzo,MIGUEL ANGEL SONDEREGGER,0.0
2025-03-01,2025,Marzo,MONICA GISELA FLORES RODR,0.0
2025-03-01,2025,Marzo,NANCY OLASCOAGA CASTILLO,1.0
2025-03-01,2025,Marzo,NAYELI,0.0
2025-03-01,2025,Marzo,NAYELI MONTES DE OCA MART,0.0
2025-03-01,2025,Marzo,OBRIAN,0.0
2025-03-01,2025,Marzo,OMAR,0.0
2025-03-01,2025,Marzo,OSCAR ALONSO VELÁZQUEZ HE,0.0
2025-03-01,2025,Marzo,PAUL ROSAS YRIGOYEN,0.0
2025-03-01,2025,Marzo,PEDRO ANTONIO,0.0
2025-03-01,2025,Marzo,PEDRO GONZALEZ ESPINDOLA,3.0
2025-03-01,2025,Marzo,RICARDO SILVA HERAS,0.0
2025-03-01,2025,Marzo,RUBEN,0.0
2025-03-01,2025,Marzo,SERGIO,0.0
2025-03-01,2025,Marzo,VICTOR MANUEL SANCHEZ ARRO,0.53
2025-03-01,2025,Marzo,iGOR SEBASTIÁN BENHUMEA Z,0.0
2025-04-01,2025,Abril,ABIGAIL VARGAS CRUZ,0.0
2025-04-01,2025,Abril,ALAN GONZÁLEZ BELANZATEGU,2.0
2025-04-01,2025,Abril,ALVARO,0.0
2025-04-01,2025,Abril,ANGEL EDUARDO VAZQUEZ REY,0.0
2025-04-01,2025,Abril,ANGELICA MAGDALENA CEDILL,0.0
2025-04-01,2025,Abril,AURELIO FELIPE TORRES REV,4.0
2025-04-01,2025,Abril,CARLOS,0.0
2025-04-01,2025,Abril,CARLOS ALBERTO NIETO MERI,0.0
2025-04-01,2025,Abril,CARLOS CORTES TEXIS,1.0
2025-04-01,2025,Abril,CARLOS MEJIA (PACHUCA),0.0
2025-04-01,2025,Abril,CESAR,0.0
2025-04-01,2025,Abril,CLAUDIA GALVÁN ARCE,0.0
2025-04-01,2025,Abril,DANIEL DE LEON CANDIA,0.0
2025-04-01,2025,Abril,DANIELA DURAN BERNARDINO,0.0
2025-04-01,2025,Abril,DAVID JIMENEZ CASTRO,0.0
2025-04-01,2025,Abril,FATIMA,0.0
2025-04-01,2025,Abril,GUADALUPE PALACIOS HERNÁN,0.0
2025-04-01,2025,Abril,IGNACIO,0.0
2025-04-01,2025,Abril,J4OSETTE RAMON NAVA FLORES,0.0
2025-04-01,2025,Abril,JAIME GONZALEZ CORONA,0.0
2025-04-01,2025,Abril,JESUS SERRANO RAMIREZ,0.0
2025-04-01,2025,Abril,JOSE ANTONIO LICONA MENDE,1.0
2025-04-01,2025,Abril,JOSE CARLOS ZENTENO LOZAD,0.0
2025-04-01,2025,Abril,JOSE EDUARDO PARADA DURAN,1.0
2025-04-01,2025,Abril,JOSE MANUEL LOPEZ AGUILA,0.0
2025-04-01,2025,Abril,JOSHLAAN,0.0
2025-04-01,2025,Abril,JULIO CESAR,0.0
2025-04-01,2025,Abril,JULIO CESAR PESTAÑA,0.0
2025-04-01,2025,Abril,LAURA LOPEZ MEJIA,1.0
2025-04-01,2025,Abril,LUIS ALBERTO GOMEZ GONZAL,0.0
2025-04-01,2025,Abril,MARCOS COCA,0.0
2025-04-01,2025,Abril,MARIO,0.0
2025-04-01,2025,Abril,MAURICIO ALFREDO VAZQUEZ F,0.53
2025-04-01,2025,Abril,MERCEDES,0.0
2025-04-01,2025,Abril,MIGUEL,0.0
2025-04-01,2025,Abril,MIGUEL ANGEL SONDEREGGER,0.0
2025-04-01,2025,Abril,MONICA GISELA FLORES RODR,0.0
2025-04-01,2025,Abril,NANCY OLASCOAGA CASTILLO,2.0
2025-04-01,2025,Abril,NAYELI,0.0
2025-04-01,2025,Abril,NAYELI MONTES DE OCA MART,0.0
2025-04-01,2025,Abril,OBRIAN,0.0
2025-04-01,2025,Abril,OMAR,0.0
2025-04-01,2025,Abril,OSCAR ALONSO VELÁZQUEZ HE,0.0
2025-04-01,2025,Abril,PAUL ROSAS YRIGOYEN,0.0
2025-04-01,2025,Abril,PEDRO ANTONIO,0.0
2025-04-01,2025,Abril,PEDRO GONZALEZ ESPINDOLA,0.53
2025-04-01,2025,Abril,RICARDO SILVA HERAS,1.0
2025-04-01,2025,Abril,RUBEN,0.0
2025-04-01,2025,Abril,SERGIO,0.0
2025-04-01,2025,Abril,VICTOR MANUEL SANCHEZ ARRO,3.0
2025-04-01,2025,Abril,iGOR SEBASTIÁN BENHUMEA Z,0.0
2025-05-01,2025,Mayo,ABIGAIL VARGAS CRUZ,0.0
2025-05-01,2025,Mayo,ALAN GONZÁLEZ BELANZATEGU,1.0
2025-05-01,2025,Mayo,ALVARO,0.0
2025-05-01,2025,Mayo,ANGEL EDUARDO VAZQUEZ REY,0.0
2025-05-01,2025,Mayo,ANGELICA MAGDALENA CEDILL,0.0
2025-05-01,2025,Mayo,AURELIO FELIPE TORRES REV,0.53
2025-05-01,2025,Mayo,CARLOS,0.0
2025-05-01,2025,Mayo,CARLOS ALBERTO NIETO MERI,0.0
2025-05-01,2025,Mayo,CARLOS CORTES TEXIS,1.0
2025-05-01,2025,Mayo,CARLOS MEJIA (PACHUCA),0.0
2025-05-01,2025,Mayo,CESAR,0.0
2025-05-01,2025,Mayo,CLAUDIA GALVÁN ARCE,0.0
2025-05-01,2025,Mayo,DANIEL DE LEON CANDIA,0.0
2025-05-01,2025,Mayo,DANIELA DURAN BERNARDINO,0.0
2025-05-01,2025,Mayo,DAVID JIMENEZ CASTRO,0.0
2025-05-01,2025,Mayo,FATIMA,0.0
2025-05-01,2025,Mayo,GUADALUPE PALACIOS HERNÁN,0.0
2025-05-01,2025,Mayo,IGNACIO,0.0
2025-05-01,2025,Mayo,J4OSETTE RAMON NAVA FLORES,0.0
2025-05-01,2025,Mayo,JAIME GONZALEZ CORONA,0.0
2025-05-01,2025,Mayo,JESUS SERRANO RAMIREZ,0.0
2025-05-01,2025,Mayo,JOSE ANTONIO LICONA MENDE,3.0
2025-05-01,2025,Mayo,JOSE CARLOS ZENTENO LOZAD,0.0
2025-05-01,2025,Mayo,JOSE EDUARDO PARADA DURAN,0.0
2025-05-01,2025,Mayo,JOSE MANUEL LOPEZ AGUILA,0.0
2025-05-01,2025,Mayo,JOSHLAAN,0.0
2025-05-01,2025,Mayo,JULIO CESAR,0.0
2025-05-01,2025,Mayo,JULIO CESAR PESTAÑA,0.0
2025-05-01,2025,Mayo,LAURA LOPEZ MEJIA,0.0
2025-05-01,2025,Mayo,LUIS ALBERTO GOMEZ GONZAL,0.0
2025-05-01,2025,Mayo,MARCOS COCA,0.0
2025-05-01,2025,Mayo,MARIO,0.0
2025-05-01,2025,Mayo,MAURICIO ALFREDO VAZQUEZ F,0.53
2025-05-01,2025,Mayo,MERCEDES,0.0
2025-05-01,2025,Mayo,MIGUEL,0.0
2025-05-01,2025,Mayo,MIGUEL ANGEL SONDEREGGER,0.0
2025-05-01,2025,Mayo,MONICA GISELA FLORES RODR,0.0
2025-05-01,2025,Mayo,NANCY OLASCOAGA CASTILLO,2.0
2025-05-01,2025,Mayo,NAYELI,0.0
2025-05-01,2025,Mayo,NAYELI MONTES DE OCA MART,0.0
2025-05-01,2025,Mayo,OBRIAN,0.0
2025-05-01,2025,Mayo,OMAR,0.0
2025-05-01,2025,Mayo,OSCAR ALONSO VELÁZQUEZ HE,0.0
2025-05-01,2025,Mayo,PAUL ROSAS YRIGOYEN,0.0
2025-05-01,2025,Mayo,PEDRO ANTONIO,0.0
2025-05-01,2025,Mayo,PEDRO GONZALEZ ESPINDOLA,3.0
2025-05-01,2025,Mayo,RICARDO SILVA HERAS,4.0
2025-05-01,2025,Mayo,RUBEN,0.0
2025-05-01,2025,Mayo,SERGIO,0.0
2025-05-01,2025,Mayo,VICTOR MANUEL SANCHEZ ARRO,0.53
2025-05-01,2025,Mayo,iGOR SEBASTIÁN BENHUMEA Z,0.0
2025-06-01,2025,Junio,ABIGAIL VARGAS CRUZ,0.0
2025-06-01,2025,Junio,ALAN GONZÁLEZ BELANZATEGU,0.53
2025-06-01,2025,Junio,ALVARO,0.0
2025-06-01,2025,Junio,ANGEL EDUARDO VAZQUEZ REY,0.0
2025-06-01,2025,Junio,ANGELICA MAGDALENA CEDILL,0.0
2025-06-01,2025,Junio,AURELIO FELIPE TORRES REV,0.53
2025-06-01,2025,Junio,CARLOS,0.0
2025-06-01,2025,Junio,CARLOS ALBERTO NIETO MERI,0.0
2025-06-01,2025,Junio,CARLOS CORTES TEXIS,2.0
2025-06-01,2025,Junio,CARLOS MEJIA (PACHUCA),0.0
2025-06-01,2025,Junio,CESAR,0.0
2025-06-01,2025,Junio,CLAUDIA GALVÁN ARCE,0.0
2025-06-01,2025,Junio,DANIEL DE LEON CANDIA,0.0
2025-06-01,2025,Junio,DANIELA DURAN BERNARDINO,0.0
2025-06-01,2025,Junio,DAVID JIMENEZ CASTRO,0.0
2025-06-01,2025,Junio,FATIMA,0.0
2025-06-01,2025,Junio,GUADALUPE PALACIOS HERNÁN,0.0
2025-06-01,2025,Junio,IGNACIO,0.0
2025-06-01,2025,Junio,J4OSETTE RAMON NAVA FLORES,0.0
2025-06-01,2025,Junio,JAIME GONZALEZ CORONA,0.0
2025-06-01,2025,Junio,JESUS SERRANO RAMIREZ,0.0
2025-06-01,2025,Junio,JOSE ANTONIO LICONA MENDE,2.0
2025-06-01,2025,Junio,JOSE CARLOS ZENTENO LOZAD,0.0
2025-06-01,2025,Junio,JOSE EDUARDO PARADA DURAN,0.0
2025-06-01,2025,Junio,JOSE MANUEL LOPEZ AGUILA,0.0
2025-06-01,2025,Junio,JOSHLAAN,0.0
2025-06-01,2025,Junio,JULIO CESAR,0.0
2025-06-01,2025,Junio,JULIO CESAR PESTAÑA,0.0
2025-06-01,2025,Junio,LAURA LOPEZ MEJIA,0.0
2025-06-01,2025,Junio,LUIS ALBERTO GOMEZ GONZAL,0.0
2025-06-01,2025,Junio,MARCOS COCA,1.0
2025-06-01,2025,Junio,MARIO,0.0
2025-06-01,2025,Junio,MAURICIO ALFREDO VAZQUEZ F,0.53
2025-06-01,2025,Junio,MERCEDES,0.0
2025-06-01,2025,Junio,MIGUEL,2.0
2025-06-01,2025,Junio,MIGUEL ANGEL SONDEREGGER,0.0
2025-06-01,2025,Junio,MONICA GISELA FLORES RODR,0.0
2025-06-01,2025,Junio,NANCY OLASCOAGA CASTILLO,2.0
2025-06-01,2025,Junio,NAYELI,0.0
2025-06-01,2025,Junio,NAYELI MONTES DE OCA MART,0.0
2025-06-01,2025,Junio,OBRIAN,0.0
2025-06-01,2025,Junio,OMAR,0.0
2025-06-01,2025,Junio,OSCAR ALONSO VELÁZQUEZ HE,0.0
2025-06-01,2025,Junio,PAUL ROSAS YRIGOYEN,0.0
2025-06-01,2025,Junio,PEDRO ANTONIO,1.0
2025-06-01,2025,Junio,PEDRO GONZALEZ ESPINDOLA,0.53
2025-06-01,2025,Junio,RICARDO SILVA HERAS,2.0
2025-06-01,2025,Junio,RUBEN,0.0
2025-06-01,2025,Junio,SERGIO,2.0
2025-06-01,2025,Junio,VICTOR MANUEL SANCHEZ ARRO,0.53
2025-06-01,2025,Junio,iGOR SEBASTIÁN BENHUMEA Z,0.0
2025-07-01,2025,Julio,ABIGAIL VARGAS CRUZ,0.0
2025-07-01,2025,Julio,ALAN GONZÁLEZ BELANZATEGU,3.0
2025-07-01,2025,Julio,ALVARO,0.0
2025-07-01,2025,Julio,ANGEL EDUARDO VAZQUEZ REY,0.0
2025-07-01,2025,Julio,ANGELICA MAGDALENA CEDILL,0.0
2025-07-01,2025,Julio,AURELIO FELIPE TORRES REV,0.53
2025-07-01,2025,Julio,CARLOS,0.0
2025-07-01,2025,Julio,CARLOS ALBERTO NIETO MERI,0.0
2025-07-01,2025,Julio,CARLOS CORTES TEXIS,0.0
2025-07-01,2025,Julio,CARLOS MEJIA (PACHUCA),0.0
2025-07-01,2025,Julio,CESAR,0.0
2025-07-01,2025,Julio,CLAUDIA GALVÁN ARCE,0.0
2025-07-01,2025,Julio,DANIEL DE LEON CANDIA,0.0
2025-07-01,2025,Julio,DANIELA DURAN BERNARDINO,0.0
2025-07-01,2025,Julio,DAVID JIMENEZ CASTRO,0.0
2025-07-01,2025,Julio,FATIMA,0.0
2025-07-01,2025,Julio,GUADALUPE PALACIOS HERNÁN,0.0
2025-07-01,2025,Julio,IGNACIO,1.0
2025-07-01,2025,Julio,J4OSETTE RAMON NAVA FLORES,0.0
2025-07-01,2025,Julio,JAIME GONZALEZ CORONA,0.0
2025-07-01,2025,Julio,JESUS SERRANO RAMIREZ,0.0
2025-07-01,2025,Julio,JOSE ANTONIO LICONA MENDE,0.53
2025-07-01,2025,Julio,JOSE CARLOS ZENTENO LOZAD,0.0
2025-07-01,2025,Julio,JOSE EDUARDO PARADA DURAN,0.0
2025-07-01,2025,Julio,JOSE MANUEL LOPEZ AGUILA,0.0
2025-07-01,2025,Julio,JOSHLAAN,0.0
2025-07-01,2025,Julio,JULIO CESAR,0.0
2025-07-01,2025,Julio,JULIO CESAR PESTAÑA,0.0
2025-07-01,2025,Julio,LAURA LOPEZ MEJIA,0.0
2025-07-01,2025,Julio,LUIS ALBERTO GOMEZ GONZAL,0.0
2025-07-01,2025,Julio,MARCOS COCA,2.0
2025-07-01,2025,Julio,MARIO,0.0
2025-07-01,2025,Julio,MAURICIO ALFREDO VAZQUEZ F,2.0
2025-07-01,2025,Julio,MERCEDES,2.0
2025-07-01,2025,Julio,MIGUEL,2.0
2025-07-01,2025,Julio,MIGUEL ANGEL SONDEREGGER,0.0
2025-07-01,2025,Julio,MONICA GISELA FLORES RODR,0.0
2025-07-01,2025,Julio,NANCY OLASCOAGA CASTILLO,2.0
2025-07-01,2025,Julio,NAYELI,0.0
2025-07-01,2025,Julio,NAYELI MONTES DE OCA MART,0.0
2025-07-01,2025,Julio,OBRIAN,0.0
2025-07-01,2025,Julio,OMAR,0.0
2025-07-01,2025,Julio,OSCAR ALONSO VELÁZQUEZ HE,0.0
2025-07-01,2025,Julio,PAUL ROSAS YRIGOYEN,0.0
2025-07-01,2025,Julio,PEDRO ANTONIO,2.0
2025-07-01,2025,Julio,PEDRO GONZALEZ ESPINDOLA,3.0
2025-07-01,2025,Julio,RICARDO SILVA HERAS,0.0
2025-07-01,2025,Julio,RUBEN,0.0
2025-07-01,2025,Julio,SERGIO,0.0
2025-07-01,2025,Julio,VICTOR MANUEL SANCHEZ ARRO,0.53
2025-07-01,2025,Julio,iGOR SEBASTIÁN BENHUMEA Z,0.0
2025-08-01,2025,Agosto,ABIGAIL VARGAS CRUZ,0.0
2025-08-01,2025,Agosto,ALAN GONZÁLEZ BELANZATEGU,2.0
2025-08-01,2025,Agosto,ALVARO,0.0
2025-08-01,2025,Agosto,ANGEL EDUARDO VAZQUEZ REY,0.0
2025-08-01,2025,Agosto,ANGELICA MAGDALENA CEDILL,0.0
2025-08-01,2025,Agosto,AURELIO FELIPE TORRES REV,4.0
2025-08-01,2025,Agosto,CARLOS,0.0
2025-08-01,2025,Agosto,CARLOS ALBERTO NIETO MERI,0.0
2025-08-01,2025,Agosto,CARLOS CORTES TEXIS,0.0
2025-08-01,2025,Agosto,CARLOS MEJIA (PACHUCA),0.0
2025-08-01,2025,Agosto,CESAR,4.0
2025-08-01,2025,Agosto,CLAUDIA GALVÁN ARCE,0.0
2025-08-01,2025,Agosto,DANIEL DE LEON CANDIA,0.0
2025-08-01,2025,Agosto,DANIELA DURAN BERNARDINO,0.0
2025-08-01,2025,Agosto,DAVID JIMENEZ CASTRO,0.0
2025-08-01,2025,Agosto,FATIMA,0.0
2025-08-01,2025,Agosto,GUADALUPE PALACIOS HERNÁN,0.0
2025-08-01,2025,Agosto,IGNACIO,1.0
2025-08-01,2025,Agosto,J4OSETTE RAMON NAVA FLORES,0.0
2025-08-01,2025,Agosto,JAIME GONZALEZ CORONA,0.0
2025-08-01,2025,Agosto,JESUS SERRANO RAMIREZ,0.0
2025-08-01,2025,Agosto,JOSE ANTONIO LICONA MENDE,2.0
2025-08-01,2025,Agosto,JOSE CARLOS ZENTENO LOZAD,0.0
2025-08-01,2025,Agosto,JOSE EDUARDO PARADA DURAN,0.0
2025-08-01,2025,Agosto,JOSE MANUEL LOPEZ AGUILA,0.0
2025-08-01,2025,Agosto,JOSHLAAN,0.0
2025-08-01,2025,Agosto,JULIO CESAR,0.0
2025-08-01,2025,Agosto,JULIO CESAR PESTAÑA,0.0
2025-08-01,2025,Agosto,LAURA LOPEZ MEJIA,0.0
2025-08-01,2025,Agosto,LUIS ALBERTO GOMEZ GONZAL,0.0
2025-08-01,2025,Agosto,MARCOS COCA,4.0
2025-08-01,2025,Agosto,MARIO,0.0
2025-08-01,2025,Agosto,MAURICIO ALFREDO VAZQUEZ F,4.0
2025-08-01,2025,Agosto,MERCEDES,0.0
2025-08-01,2025,Agosto,MIGUEL,0.0
2025-08-01,2025,Agosto,MIGUEL ANGEL SONDEREGGER,0.0
2025-08-01,2025,Agosto,MONICA GISELA FLORES RODR,0.0
2025-08-01,2025,Agosto,NANCY OLASCOAGA CASTILLO,0.0
2025-08-01,2025,Agosto,NAYELI,0.0
2025-08-01,2025,Agosto,NAYELI MONTES DE OCA MART,0.0
2025-08-01,2025,Agosto,OBRIAN,0.0
2025-08-01,2025,Agosto,OMAR,0.0
2025-08-01,2025,Agosto,OSCAR ALONSO VELÁZQUEZ HE,0.0
2025-08-01,2025,Agosto,PAUL ROSAS YRIGOYEN,0.0
2025-08-01,2025,Agosto,PEDRO ANTONIO,1.0
2025-08-01,2025,Agosto,PEDRO GONZALEZ ESPINDOLA,2.0
2025-08-01,2025,Agosto,RICARDO SILVA HERAS,2.0
2025-08-01,2025,Agosto,RUBEN,0.0
2025-08-01,2025,Agosto,SERGIO,0.0
2025-08-01,2025,Agosto,VICTOR MANUEL SANCHEZ ARRO,1.0
2025-08-01,2025,Agosto,iGOR SEBASTIÁN BENHUMEA Z,0.0
2025-09-01,2025,Septiembre,ABIGAIL VARGAS CRUZ,0.0
2025-09-01,2025,Septiembre,ALAN GONZÁLEZ BELANZATEGU,3.0
2025-09-01,2025,Septiembre,ALVARO,0.0
2025-09-01,2025,Septiembre,ANGEL EDUARDO VAZQUEZ REY,0.0
2025-09-01,2025,Septiembre,ANGELICA MAGDALENA CEDILL,0.0
2025-09-01,2025,Septiembre,AURELIO FELIPE TORRES REV,3.0
2025-09-01,2025,Septiembre,CARLOS,0.0
2025-09-01,2025,Septiembre,CARLOS ALBERTO NIETO MERI,0.0
2025-09-01,2025,Septiembre,CARLOS CORTES TEXIS,0.0
2025-09-01,2025,Septiembre,CARLOS MEJIA (PACHUCA),0.0
2025-09-01,2025,Septiembre,CESAR,0.0
2025-09-01,2025,Septiembre,CLAUDIA GALVÁN ARCE,0.0
2025-09-01,2025,Septiembre,DANIEL DE LEON CANDIA,0.0
2025-09-01,2025,Septiembre,DANIELA DURAN BERNARDINO,0.0
2025-09-01,2025,Septiembre,DAVID JIMENEZ CASTRO,0.0
2025-09-01,2025,Septiembre,FATIMA,0.0
2025-09-01,2025,Septiembre,GUADALUPE PALACIOS HERNÁN,0.0
2025-09-01,2025,Septiembre,IGNACIO,3.0
2025-09-01,2025,Septiembre,J4OSETTE RAMON NAVA FLORES,0.0
2025-09-01,2025,Septiembre,JAIME GONZALEZ CORONA,0.0
2025-09-01,2025,Septiembre,JESUS SERRANO RAMIREZ,0.0
2025-09-01,2025,Septiembre,JOSE ANTONIO LICONA MENDE,1.0
2025-09-01,2025,Septiembre,JOSE CARLOS ZENTENO LOZAD,0.0
2025-09-01,2025,Septiembre,JOSE EDUARDO PARADA DURAN,0.0
2025-09-01,2025,Septiembre,JOSE MANUEL LOPEZ AGUILA,0.0
2025-09-01,2025,Septiembre,JOSHLAAN,0.0
2025-09-01,2025,Septiembre,JULIO CESAR,1.0
2025-09-01,2025,Septiembre,JULIO CESAR PESTAÑA,3.0
2025-09-01,2025,Septiembre,LAURA LOPEZ MEJIA,0.0
2025-09-01,2025,Septiembre,LUIS ALBERTO GOMEZ GONZAL,0.0
2025-09-01,2025,Septiembre,MARCOS COCA,2.0
2025-09-01,2025,Septiembre,MARIO,0.0
2025-09-01,2025,Septiembre,MAURICIO ALFREDO VAZQUEZ F,0.53
2025-09-01,2025,Septiembre,MERCEDES,2.0
2025-09-01,2025,Septiembre,MIGUEL,0.0
2025-09-01,2025,Septiembre,MIGUEL ANGEL SONDEREGGER,0.0
2025-09-01,2025,Septiembre,MONICA GISELA FLORES RODR,0.0
2025-09-01,2025,Septiembre,NANCY OLASCOAGA CASTILLO,1.0
2025-09-01,2025,Septiembre,NAYELI,0.0
2025-09-01,2025,Septiembre,NAYELI MONTES DE OCA MART,0.0
2025-09-01,2025,Septiembre,OBRIAN,0.0
2025-09-01,2025,Septiembre,OMAR,0.0
2025-09-01,2025,Septiembre,OSCAR ALONSO VELÁZQUEZ HE,0.0
2025-09-01,2025,Septiembre,PAUL ROSAS YRIGOYEN,0.0
2025-09-01,2025,Septiembre,PEDRO ANTONIO,2.0
2025-09-01,2025,Septiembre,PEDRO GONZALEZ ESPINDOLA,0.53
2025-09-01,2025,Septiembre,RICARDO SILVA HERAS,4.0
2025-09-01,2025,Septiembre,RUBEN,0.0
2025-09-01,2025,Septiembre,SERGIO,0.0
2025-09-01,2025,Septiembre,VICTOR MANUEL SANCHEZ ARRO,3.0
2025-09-01,2025,Septiembre,iGOR SEBASTIÁN BENHUMEA Z,0.0
2025-10-01,2025,Octubre,ABIGAIL VARGAS CRUZ,0.0
2025-10-01,2025,Octubre,ALAN GONZÁLEZ BELANZATEGU,3.0
2025-10-01,2025,Octubre,ALVARO,0.0
2025-10-01,2025,Octubre,ANGEL EDUARDO VAZQUEZ REY,0.0
2025-10-01,2025,Octubre,ANGELICA MAGDALENA CEDILL,0.0
2025-10-01,2025,Octubre,AURELIO FELIPE TORRES REV,4.0
2025-10-01,2025,Octubre,CARLOS,0.0
2025-10-01,2025,Octubre,CARLOS ALBERTO NIETO MERI,0.0
2025-10-01,2025,Octubre,CARLOS CORTES TEXIS,0.0
2025-10-01,2025,Octubre,CARLOS MEJIA (PACHUCA),0.0
2025-10-01,2025,Octubre,CESAR,0.0
2025-10-01,2025,Octubre,CLAUDIA GALVÁN ARCE,0.0
2025-10-01,2025,Octubre,DANIEL DE LEON CANDIA,0.0
2025-10-01,2025,Octubre,DANIELA DURAN BERNARDINO,0.0
2025-10-01,2025,Octubre,DAVID JIMENEZ CASTRO,0.0
2025-10-01,2025,Octubre,FATIMA,0.0
2025-10-01,2025,Octubre,GUADALUPE PALACIOS HERNÁN,0.0
2025-10-01,2025,Octubre,IGNACIO,1.0
2025-10-01,2025,Octubre,J4OSETTE RAMON NAVA FLORES,0.0
2025-10-01,2025,Octubre,JAIME GONZALEZ CORONA,0.0
2025-10-01,2025,Octubre,JESUS SERRANO RAMIREZ,0.0
2025-10-01,2025,Octubre,JOSE ANTONIO LICONA MENDE,4.0
2025-10-01,2025,Octubre,JOSE CARLOS ZENTENO LOZAD,0.0
2025-10-01,2025,Octubre,JOSE EDUARDO PARADA DURAN,0.0
2025-10-01,2025,Octubre,JOSE MANUEL LOPEZ AGUILA,0.0
2025-10-01,2025,Octubre,JOSHLAAN,2.0
2025-10-01,2025,Octubre,JULIO CESAR,2.0
2025-10-01,2025,Octubre,JULIO CESAR PESTAÑA,4.0
2025-10-01,2025,Octubre,LAURA LOPEZ MEJIA,0.0
2025-10-01,2025,Octubre,LUIS ALBERTO GOMEZ GONZAL,0.0
2025-10-01,2025,Octubre,MARCOS COCA,0.0
2025-10-01,2025,Octubre,MARIO,0.0
2025-10-01,2025,Octubre,MAURICIO ALFREDO VAZQUEZ F,4.0
2025-10-01,2025,Octubre,MERCEDES,0.0
2025-10-01,2025,Octubre,MIGUEL,0.0
2025-10-01,2025,Octubre,MIGUEL ANGEL SONDEREGGER,0.0
2025-10-01,2025,Octubre,MONICA GISELA FLORES RODR,0.0
2025-10-01,2025,Octubre,NANCY OLASCOAGA CASTILLO,2.0
2025-10-01,2025,Octubre,NAYELI,0.0
2025-10-01,2025,Octubre,NAYELI MONTES DE OCA MART,0.0
2025-10-01,2025,Octubre,OBRIAN,0.0
2025-10-01,2025,Octubre,OMAR,1.0
2025-10-01,2025,Octubre,OSCAR ALONSO VELÁZQUEZ HE,0.0
2025-10-01,2025,Octubre,PAUL ROSAS YRIGOYEN,0.0
2025-10-01,2025,Octubre,PEDRO ANTONIO,1.0
2025-10-01,2025,Octubre,PEDRO GONZALEZ ESPINDOLA,4.0
2025-10-01,2025,Octubre,RICARDO SILVA HERAS,1.0
2025-10-01,2025,Octubre,RUBEN,0.0
2025-10-01,2025,Octubre,SERGIO,0.0
2025-10-01,2025,Octubre,VICTOR MANUEL SANCHEZ ARRO,0.53
2025-10-01,2025,Octubre,iGOR SEBASTIÁN BENHUMEA Z,0.0
2025-11-01,2025,Noviembre,ABIGAIL VARGAS CRUZ,0.0
2025-11-01,2025,Noviembre,ALAN GONZÁLEZ BELANZATEGU,2.0
2025-11-01,2025,Noviembre,ALVARO,0.0
2025-11-01,2025,Noviembre,ANGEL EDUARDO VAZQUEZ REY,0.0
2025-11-01,2025,Noviembre,ANGELICA MAGDALENA CEDILL,0.0
2025-11-01,2025,Noviembre,AURELIO FELIPE TORRES REV,0.53
2025-11-01,2025,Noviembre,CARLOS,0.0
2025-11-01,2025,Noviembre,CARLOS ALBERTO NIETO MERI,0.0
2025-11-01,2025,Noviembre,CARLOS CORTES TEXIS,0.0
2025-11-01,2025,Noviembre,CARLOS MEJIA (PACHUCA),0.0
2025-11-01,2025,Noviembre,CESAR,0.0
2025-11-01,2025,Noviembre,CLAUDIA GALVÁN ARCE,0.0
2025-11-01,2025,Noviembre,DANIEL DE LEON CANDIA,0.0
2025-11-01,2025,Noviembre,DANIELA DURAN BERNARDINO,0.0
2025-11-01,2025,Noviembre,DAVID JIMENEZ CASTRO,0.0
2025-11-01,2025,Noviembre,FATIMA,0.0
2025-11-01,2025,Noviembre,GUADALUPE PALACIOS HERNÁN,0.0
2025-11-01,2025,Noviembre,IGNACIO,2.0
2025-11-01,2025,Noviembre,J4OSETTE RAMON NAVA FLORES,0.0
2025-11-01,2025,Noviembre,JAIME GONZALEZ CORONA,0.0
2025-11-01,2025,Noviembre,JESUS SERRANO RAMIREZ,0.0
2025-11-01,2025,Noviembre,JOSE ANTONIO LICONA MENDE,3.0
2025-11-01,2025,Noviembre,JOSE CARLOS ZENTENO LOZAD,0.0
2025-11-01,2025,Noviembre,JOSE EDUARDO PARADA DURAN,0.0
2025-11-01,2025,Noviembre,JOSE MANUEL LOPEZ AGUILA,0.0
2025-11-01,2025,Noviembre,JOSHLAAN,0.0
2025-11-01,2025,Noviembre,JULIO CESAR,1.0
2025-11-01,2025,Noviembre,JULIO CESAR PESTAÑA,0.53
2025-11-01,2025,Noviembre,LAURA LOPEZ MEJIA,0.0
2025-11-01,2025,Noviembre,LUIS ALBERTO GOMEZ GONZAL,0.0
2025-11-01,2025,Noviembre,MARCOS COCA,0.0
2025-11-01,2025,Noviembre,MARIO,0.0
2025-11-01,2025,Noviembre,MAURICIO ALFREDO VAZQUEZ F,0.53
2025-11-01,2025,Noviembre,MERCEDES,0.0
2025-11-01,2025,Noviembre,MIGUEL,0.0
2025-11-01,2025,Noviembre,MIGUEL ANGEL SONDEREGGER,0.0
2025-11-01,2025,Noviembre,MONICA GISELA FLORES RODR,0.0
2025-11-01,2025,Noviembre,NANCY OLASCOAGA CASTILLO,0.0
2025-11-01,2025,Noviembre,NAYELI,0.0
2025-11-01,2025,Noviembre,NAYELI MONTES DE OCA MART,0.0
2025-11-01,2025,Noviembre,OBRIAN,0.0
2025-11-01,2025,Noviembre,OMAR,3.0
2025-11-01,2025,Noviembre,OSCAR ALONSO VELÁZQUEZ HE,0.0
2025-11-01,2025,Noviembre,PAUL ROSAS YRIGOYEN,0.0
2025-11-01,2025,Noviembre,PEDRO ANTONIO,4.0
2025-11-01,2025,Noviembre,PEDRO GONZALEZ ESPINDOLA,3.0
2025-11-01,2025,Noviembre,RICARDO SILVA HERAS,0.53
2025-11-01,2025,Noviembre,RUBEN,0.0
2025-11-01,2025,Noviembre,SERGIO,0.0
2025-11-01,2025,Noviembre,VICTOR MANUEL SANCHEZ ARRO,4.0
2025-11-01,2025,Noviembre,iGOR SEBASTIÁN BENHUMEA Z,0.0
2025-12-01,2025,Diciembre,ABIGAIL VARGAS CRUZ,0.0
2025-12-01,2025,Diciembre,ALAN GONZÁLEZ BELANZATEGU,2.0
2025-12-01,2025,Diciembre,ALVARO,1.0
2025-12-01,2025,Diciembre,ANGEL EDUARDO VAZQUEZ REY,0.0
2025-12-01,2025,Diciembre,ANGELICA MAGDALENA CEDILL,0.0
2025-12-01,2025,Diciembre,AURELIO FELIPE TORRES REV,3.0
2025-12-01,2025,Diciembre,CARLOS,0.0
2025-12-01,2025,Diciembre,CARLOS ALBERTO NIETO MERI,0.0
2025-12-01,2025,Diciembre,CARLOS CORTES TEXIS,0.0
2025-12-01,2025,Diciembre,CARLOS MEJIA (PACHUCA),0.0
2025-12-01,2025,Diciembre,CESAR,0.0
2025-12-01,2025,Diciembre,CLAUDIA GALVÁN ARCE,0.0
2025-12-01,2025,Diciembre,DANIEL DE LEON CANDIA,0.0
2025-12-01,2025,Diciembre,DANIELA DURAN BERNARDINO,0.0
2025-12-01,2025,Diciembre,DAVID JIMENEZ CASTRO,0.0
2025-12-01,2025,Diciembre,FATIMA,0.0
2025-12-01,2025,Diciembre,GUADALUPE PALACIOS HERNÁN,0.0
2025-12-01,2025,Diciembre,IGNACIO,0.0
2025-12-01,2025,Diciembre,J4OSETTE RAMON NAVA FLORES,0.0
2025-12-01,2025,Diciembre,JAIME GONZALEZ CORONA,0.0
2025-12-01,2025,Diciembre,JESUS SERRANO RAMIREZ,0.0
2025-12-01,2025,Diciembre,JOSE ANTONIO LICONA MENDE,4.0
2025-12-01,2025,Diciembre,JOSE CARLOS ZENTENO LOZAD,0.0
2025-12-01,2025,Diciembre,JOSE EDUARDO PARADA DURAN,0.0
2025-12-01,2025,Diciembre,JOSE MANUEL LOPEZ AGUILA,0.0
2025-12-01,2025,Diciembre,JOSHLAAN,0.0
2025-12-01,2025,Diciembre,JULIO CESAR,1.0
2025-12-01,2025,Diciembre,JULIO CESAR PESTAÑA,4.0
2025-12-01,2025,Diciembre,LAURA LOPEZ MEJIA,0.0
2025-12-01,2025,Diciembre,LUIS ALBERTO GOMEZ GONZAL,0.0
2025-12-01,2025,Diciembre,MARCOS COCA,0.0
2025-12-01,2025,Diciembre,MARIO,0.0
2025-12-01,2025,Diciembre,MAURICIO ALFREDO VAZQUEZ F,0.53
2025-12-01,2025,Diciembre,MERCEDES,0.0
2025-12-01,2025,Diciembre,MIGUEL,0.0
2025-12-01,2025,Diciembre,MIGUEL ANGEL SONDEREGGER,0.0
2025-12-01,2025,Diciembre,MONICA GISELA FLORES RODR,0.0
2025-12-01,2025,Diciembre,NANCY OLASCOAGA CASTILLO,3.0
2025-12-01,2025,Diciembre,NAYELI,0.0
2025-12-01,2025,Diciembre,NAYELI MONTES DE OCA MART,0.0
2025-12-01,2025,Diciembre,OBRIAN,0.0
2025-12-01,2025,Diciembre,OMAR,1.0
2025-12-01,2025,Diciembre,OSCAR ALONSO VELÁZQUEZ HE,0.0
2025-12-01,2025,Diciembre,PAUL ROSAS YRIGOYEN,0.0
2025-12-01,2025,Diciembre,PEDRO ANTONIO,4.0
2025-12-01,2025,Diciembre,PEDRO GONZALEZ ESPINDOLA,1.0
2025-12-01,2025,Diciembre,RICARDO SILVA HERAS,1.0
2025-12-01,2025,Diciembre,RUBEN,0.0
2025-12-01,2025,Diciembre,SERGIO,0.0
2025-12-01,2025,Diciembre,VICTOR MANUEL SANCHEZ ARRO,4.0
2025-12-01,2025,Diciembre,iGOR SEBASTIÁN BENHUMEA Z,0.0
2026-01-01,2026,Enero,ABIGAIL VARGAS CRUZ,0.0
2026-01-01,2026,Enero,ALAN GONZÁLEZ BELANZATEGU,3.0
2026-01-01,2026,Enero,ALVARO,0.0
2026-01-01,2026,Enero,ANGEL EDUARDO VAZQUEZ REY,0.0
2026-01-01,2026,Enero,ANGELICA MAGDALENA CEDILL,0.0
2026-01-01,2026,Enero,AURELIO FELIPE TORRES REV,1.0
2026-01-01,2026,Enero,CARLOS,0.0
2026-01-01,2026,Enero,CARLOS ALBERTO NIETO MERI,0.0
2026-01-01,2026,Enero,CARLOS CORTES TEXIS,0.0
2026-01-01,2026,Enero,CARLOS MEJIA (PACHUCA),1.0
2026-01-01,2026,Enero,CESAR,0.0
2026-01-01,2026,Enero,CLAUDIA GALVÁN ARCE,0.0
2026-01-01,2026,Enero,DANIEL DE LEON CANDIA,0.0
2026-01-01,2026,Enero,DANIELA DURAN BERNARDINO,0.0
2026-01-01,2026,Enero,DAVID JIMENEZ CASTRO,0.0
2026-01-01,2026,Enero,FATIMA,0.0
2026-01-01,2026,Enero,GUADALUPE PALACIOS HERNÁN,0.0
2026-01-01,2026,Enero,IGNACIO,1.0
2026-01-01,2026,Enero,J4OSETTE RAMON NAVA FLORES,0.0
2026-01-01,2026,Enero,JAIME GONZALEZ CORONA,0.0
2026-01-01,2026,Enero,JESUS SERRANO RAMIREZ,0.0
2026-01-01,2026,Enero,JOSE ANTONIO LICONA MENDE,0.53
2026-01-01,2026,Enero,JOSE CARLOS ZENTENO LOZAD,0.0
2026-01-01,2026,Enero,JOSE EDUARDO PARADA DURAN,0.0
2026-01-01,2026,Enero,JOSE MANUEL LOPEZ AGUILA,0.0
2026-01-01,2026,Enero,JOSHLAAN,0.0
2026-01-01,2026,Enero,JULIO CESAR,2.0
2026-01-01,2026,Enero,JULIO CESAR PESTAÑA,2.0
2026-01-01,2026,Enero,LAURA LOPEZ MEJIA,0.0
2026-01-01,2026,Enero,LUIS ALBERTO GOMEZ GONZAL,0.0
2026-01-01,2026,Enero,MARCOS COCA,0.0
2026-01-01,2026,Enero,MARIO,0.0
2026-01-01,2026,Enero,MAURICIO ALFREDO VAZQUEZ F,4.0
2026-01-01,2026,Enero,MERCEDES,0.0
2026-01-01,2026,Enero,MIGUEL,0.0
2026-01-01,2026,Enero,MIGUEL ANGEL SONDEREGGER,0.0
2026-01-01,2026,Enero,MONICA GISELA FLORES RODR,0.0
2026-01-01,2026,Enero,NANCY OLASCOAGA CASTILLO,0.0
2026-01-01,2026,Enero,NAYELI,0.0
2026-01-01,2026,Enero,NAYELI MONTES DE OCA MART,0.0
2026-01-01,2026,Enero,OBRIAN,0.0
2026-01-01,2026,Enero,OMAR,0.0
2026-01-01,2026,Enero,OSCAR ALONSO VELÁZQUEZ HE,0.0
2026-01-01,2026,Enero,PAUL ROSAS YRIGOYEN,0.0
2026-01-01,2026,Enero,PEDRO ANTONIO,2.0
2026-01-01,2026,Enero,PEDRO GONZALEZ ESPINDOLA,0.53
2026-01-01,2026,Enero,RICARDO SILVA HERAS,0.0
2026-01-01,2026,Enero,RUBEN,0.0
2026-01-01,2026,Enero,SERGIO,0.0
2026-01-01,2026,Enero,VICTOR MANUEL SANCHEZ ARRO,0.53
2026-01-01,2026,Enero,iGOR SEBASTIÁN BENHUMEA Z,0.0
2026-02-01,2026,Febrero,ABIGAIL VARGAS CRUZ,0.0
2026-02-01,2026,Febrero,ALAN GONZÁLEZ BELANZATEGU,2.0
2026-02-01,2026,Febrero,ALVARO,2.0
2026-02-01,2026,Febrero,ANGEL EDUARDO VAZQUEZ REY,0.0
2026-02-01,2026,Febrero,ANGELICA MAGDALENA CEDILL,0.0
2026-02-01,2026,Febrero,AURELIO FELIPE TORRES REV,0.53
2026-02-01,2026,Febrero,CARLOS,1.0
2026-02-01,2026,Febrero,CARLOS ALBERTO NIETO MERI,0.0
2026-02-01,2026,Febrero,CARLOS CORTES TEXIS,0.0
2026-02-01,2026,Febrero,CARLOS MEJIA (PACHUCA),1.0
2026-02-01,2026,Febrero,CESAR,0.0
2026-02-01,2026,Febrero,CLAUDIA GALVÁN ARCE,0.0
2026-02-01,2026,Febrero,DANIEL DE LEON CANDIA,0.0
2026-02-01,2026,Febrero,DANIELA DURAN BERNARDINO,0.0
2026-02-01,2026,Febrero,DAVID JIMENEZ CASTRO,0.0
2026-02-01,2026,Febrero,FATIMA,0.0
2026-02-01,2026,Febrero,GUADALUPE PALACIOS HERNÁN,0.0
2026-02-01,2026,Febrero,IGNACIO,1.0
2026-02-01,2026,Febrero,J4OSETTE RAMON NAVA FLORES,0.0
2026-02-01,2026,Febrero,JAIME GONZALEZ CORONA,0.0
2026-02-01,2026,Febrero,JESUS SERRANO RAMIREZ,0.0
2026-02-01,2026,Febrero,JOSE ANTONIO LICONA MENDE,4.0
2026-02-01,2026,Febrero,JOSE CARLOS ZENTENO LOZAD,0.0
2026-02-01,2026,Febrero,JOSE EDUARDO PARADA DURAN,0.0
2026-02-01,2026,Febrero,JOSE MANUEL LOPEZ AGUILA,0.0
2026-02-01,2026,Febrero,JOSHLAAN,0.0
2026-02-01,2026,Febrero,JULIO CESAR,0.0
2026-02-01,2026,Febrero,JULIO CESAR PESTAÑA,3.0
2026-02-01,2026,Febrero,LAURA LOPEZ MEJIA,0.0
2026-02-01,2026,Febrero,LUIS ALBERTO GOMEZ GONZAL,0.0
2026-02-01,2026,Febrero,MARCOS COCA,0.0
2026-02-01,2026,Febrero,MARIO,1.0
2026-02-01,2026,Febrero,MAURICIO ALFREDO VAZQUEZ F,3.0
2026-02-01,2026,Febrero,MERCEDES,0.0
2026-02-01,2026,Febrero,MIGUEL,0.0
2026-02-01,2026,Febrero,MIGUEL ANGEL SONDEREGGER,0.0
2026-02-01,2026,Febrero,MONICA GISELA FLORES RODR,0.0
2026-02-01,2026,Febrero,NANCY OLASCOAGA CASTILLO,0.0
2026-02-01,2026,Febrero,NAYELI,2.0
2026-02-01,2026,Febrero,NAYELI MONTES DE OCA MART,0.0
2026-02-01,2026,Febrero,OBRIAN,0.0
2026-02-01,2026,Febrero,OMAR,0.0
2026-02-01,2026,Febrero,OSCAR ALONSO VELÁZQUEZ HE,0.0
2026-02-01,2026,Febrero,PAUL ROSAS YRIGOYEN,0.0
2026-02-01,2026,Febrero,PEDRO ANTONIO,2.0
2026-02-01,2026,Febrero,PEDRO GONZALEZ ESPINDOLA,2.0
2026-02-01,2026,Febrero,RICARDO SILVA HERAS,0.0
2026-02-01,2026,Febrero,RUBEN,0.0
2026-02-01,2026,Febrero,SERGIO,0.0
2026-02-01,2026,Febrero,VICTOR MANUEL SANCHEZ ARRO,0.53
2026-02-01,2026,Febrero,iGOR SEBASTIÁN BENHUMEA Z,0.0
2026-03-01,2026,Marzo,ABIGAIL VARGAS CRUZ,0.0
2026-03-01,2026,Marzo,ALAN GONZÁLEZ BELANZATEGU,1.0
2026-03-01,2026,Marzo,ALVARO,1.0
2026-03-01,2026,Marzo,ANGEL EDUARDO VAZQUEZ REY,0.0
2026-03-01,2026,Marzo,ANGELICA MAGDALENA CEDILL,0.0
2026-03-01,2026,Marzo,AURELIO FELIPE TORRES REV,3.0
2026-03-01,2026,Marzo,CARLOS,1.0
2026-03-01,2026,Marzo,CARLOS ALBERTO NIETO MERI,0.0
2026-03-01,2026,Marzo,CARLOS CORTES TEXIS,0.0
2026-03-01,2026,Marzo,CARLOS MEJIA (PACHUCA),1.0
2026-03-01,2026,Marzo,CESAR,0.0
2026-03-01,2026,Marzo,CLAUDIA GALVÁN ARCE,0.0
2026-03-01,2026,Marzo,DANIEL DE LEON CANDIA,0.0
2026-03-01,2026,Marzo,DANIELA DURAN BERNARDINO,0.0
2026-03-01,2026,Marzo,DAVID JIMENEZ CASTRO,0.0
2026-03-01,2026,Marzo,FATIMA,0.0
2026-03-01,2026,Marzo,GUADALUPE PALACIOS HERNÁN,0.0
2026-03-01,2026,Marzo,IGNACIO,2.0
2026-03-01,2026,Marzo,J4OSETTE RAMON NAVA FLORES,0.0
2026-03-01,2026,Marzo,JAIME GONZALEZ CORONA,0.0
2026-03-01,2026,Marzo,JESUS SERRANO RAMIREZ,0.0
2026-03-01,2026,Marzo,JOSE ANTONIO LICONA MENDE,0.53
2026-03-01,2026,Marzo,JOSE CARLOS ZENTENO LOZAD,0.0
2026-03-01,2026,Marzo,JOSE EDUARDO PARADA DURAN,0.0
2026-03-01,2026,Marzo,JOSE MANUEL LOPEZ AGUILA,0.0
2026-03-01,2026,Marzo,JOSHLAAN,0.0
2026-03-01,2026,Marzo,JULIO CESAR,2.0
2026-03-01,2026,Marzo,JULIO CESAR PESTAÑA,4.0
2026-03-01,2026,Marzo,LAURA LOPEZ MEJIA,0.0
2026-03-01,2026,Marzo,LUIS ALBERTO GOMEZ GONZAL,0.0
2026-03-01,2026,Marzo,MARCOS COCA,0.0
2026-03-01,2026,Marzo,MARIO,0.0
2026-03-01,2026,Marzo,MAURICIO ALFREDO VAZQUEZ F,0.53
2026-03-01,2026,Marzo,MERCEDES,0.0
2026-03-01,2026,Marzo,MIGUEL,0.0
2026-03-01,2026,Marzo,MIGUEL ANGEL SONDEREGGER,0.0
2026-03-01,2026,Marzo,MONICA GISELA FLORES RODR,0.0
2026-03-01,2026,Marzo,NANCY OLASCOAGA CASTILLO,0.0
2026-03-01,2026,Marzo,NAYELI,2.0
2026-03-01,2026,Marzo,NAYELI MONTES DE OCA MART,0.0
2026-03-01,2026,Marzo,OBRIAN,0.0
2026-03-01,2026,Marzo,OMAR,0.0
2026-03-01,2026,Marzo,OSCAR ALONSO VELÁZQUEZ HE,0.0
2026-03-01,2026,Marzo,PAUL ROSAS YRIGOYEN,0.0
2026-03-01,2026,Marzo,PEDRO ANTONIO,0.0
2026-03-01,2026,Marzo,PEDRO GONZALEZ ESPINDOLA,2.0
2026-03-01,2026,Marzo,RICARDO SILVA HERAS,0.0
2026-03-01,2026,Marzo,RUBEN,1.0
2026-03-01,2026,Marzo,SERGIO,0.0
2026-03-01,2026,Marzo,VICTOR MANUEL SANCHEZ ARRO,4.0
2026-03-01,2026,Marzo,iGOR SEBASTIÁN BENHUMEA Z,0.0
2026-04-01,2026,Abril,ABIGAIL VARGAS CRUZ,0.0
2026-04-01,2026,Abril,ALAN GONZÁLEZ BELANZATEGU,0.0
2026-04-01,2026,Abril,ALVARO,1.0
2026-04-01,2026,Abril,ANGEL EDUARDO VAZQUEZ REY,0.0
2026-04-01,2026,Abril,ANGELICA MAGDALENA CEDILL,0.0
2026-04-01,2026,Abril,AURELIO FELIPE TORRES REV,3.0
2026-04-01,2026,Abril,CARLOS,2.0
2026-04-01,2026,Abril,CARLOS ALBERTO NIETO MERI,0.0
2026-04-01,2026,Abril,CARLOS CORTES TEXIS,0.0
2026-04-01,2026,Abril,CARLOS MEJIA (PACHUCA),2.0
2026-04-01,2026,Abril,CESAR,0.0
2026-04-01,2026,Abril,CLAUDIA GALVÁN ARCE,0.0
2026-04-01,2026,Abril,DANIEL DE LEON CANDIA,0.0
2026-04-01,2026,Abril,DANIELA DURAN BERNARDINO,0.0
2026-04-01,2026,Abril,DAVID JIMENEZ CASTRO,0.0
2026-04-01,2026,Abril,FATIMA,0.0
2026-04-01,2026,Abril,GUADALUPE PALACIOS HERNÁN,0.0
2026-04-01,2026,Abril,IGNACIO,0.0
2026-04-01,2026,Abril,J4OSETTE RAMON NAVA FLORES,0.0
2026-04-01,2026,Abril,JAIME GONZALEZ CORONA,0.0
2026-04-01,2026,Abril,JESUS SERRANO RAMIREZ,0.0
2026-04-01,2026,Abril,JOSE ANTONIO LICONA MENDE,0.53
2026-04-01,2026,Abril,JOSE CARLOS ZENTENO LOZAD,0.0
2026-04-01,2026,Abril,JOSE EDUARDO PARADA DURAN,0.0
2026-04-01,2026,Abril,JOSE MANUEL LOPEZ AGUILA,0.0
2026-04-01,2026,Abril,JOSHLAAN,0.0
2026-04-01,2026,Abril,JULIO CESAR,1.0
2026-04-01,2026,Abril,JULIO CESAR PESTAÑA,3.0
2026-04-01,2026,Abril,LAURA LOPEZ MEJIA,0.0
2026-04-01,2026,Abril,LUIS ALBERTO GOMEZ GONZAL,0.0
2026-04-01,2026,Abril,MARCOS COCA,0.0
2026-04-01,2026,Abril,MARIO,2.0
2026-04-01,2026,Abril,MAURICIO ALFREDO VAZQUEZ F,1.0
2026-04-01,2026,Abril,MERCEDES,0.0
2026-04-01,2026,Abril,MIGUEL,0.0
2026-04-01,2026,Abril,MIGUEL ANGEL SONDEREGGER,0.0
2026-04-01,2026,Abril,MONICA GISELA FLORES RODR,0.0
2026-04-01,2026,Abril,NANCY OLASCOAGA CASTILLO,0.0
2026-04-01,2026,Abril,NAYELI,0.53
2026-04-01,2026,Abril,NAYELI MONTES DE OCA MART,0.0
2026-04-01,2026,Abril,OBRIAN,1.0
2026-04-01,2026,Abril,OMAR,0.0
2026-04-01,2026,Abril,OSCAR ALONSO VELÁZQUEZ HE,0.0
2026-04-01,2026,Abril,PAUL ROSAS YRIGOYEN,0.0
2026-04-01,2026,Abril,PEDRO ANTONIO,3.0
2026-04-01,2026,Abril,PEDRO GONZALEZ ESPINDOLA,0.53
2026-04-01,2026,Abril,RICARDO SILVA HERAS,0.0
2026-04-01,2026,Abril,RUBEN,0.0
2026-04-01,2026,Abril,SERGIO,0.0
2026-04-01,2026,Abril,VICTOR MANUEL SANCHEZ ARRO,2.0
2026-04-01,2026,Abril,iGOR SEBASTIÁN BENHUMEA Z,0.0
2026-05-01,2026,Mayo,ABIGAIL VARGAS CRUZ,0.0
2026-05-01,2026,Mayo,ALAN GONZÁLEZ BELANZATEGU,0.0
2026-05-01,2026,Mayo,ALVARO,0.0
2026-05-01,2026,Mayo,ANGEL EDUARDO VAZQUEZ REY,0.0
2026-05-01,2026,Mayo,ANGELICA MAGDALENA CEDILL,0.0
2026-05-01,2026,Mayo,AURELIO FELIPE TORRES REV,1.0
2026-05-01,2026,Mayo,CARLOS,0.53
2026-05-01,2026,Mayo,CARLOS ALBERTO NIETO MERI,0.0
2026-05-01,2026,Mayo,CARLOS CORTES TEXIS,0.0
2026-05-01,2026,Mayo,CARLOS MEJIA (PACHUCA),2.0
2026-05-01,2026,Mayo,CESAR,0.0
2026-05-01,2026,Mayo,CLAUDIA GALVÁN ARCE,0.0
2026-05-01,2026,Mayo,DANIEL DE LEON CANDIA,0.0
2026-05-01,2026,Mayo,DANIELA DURAN BERNARDINO,0.0
2026-05-01,2026,Mayo,DAVID JIMENEZ CASTRO,0.0
2026-05-01,2026,Mayo,FATIMA,0.0
2026-05-01,2026,Mayo,GUADALUPE PALACIOS HERNÁN,0.0
2026-05-01,2026,Mayo,IGNACIO,2.0
2026-05-01,2026,Mayo,J4OSETTE RAMON NAVA FLORES,0.0
2026-05-01,2026,Mayo,JAIME GONZALEZ CORONA,0.0
2026-05-01,2026,Mayo,JESUS SERRANO RAMIREZ,0.0
2026-05-01,2026,Mayo,JOSE ANTONIO LICONA MENDE,0.53
2026-05-01,2026,Mayo,JOSE CARLOS ZENTENO LOZAD,0.0
2026-05-01,2026,Mayo,JOSE EDUARDO PARADA DURAN,0.0
2026-05-01,2026,Mayo,JOSE MANUEL LOPEZ AGUILA,0.0
2026-05-01,2026,Mayo,JOSHLAAN,0.0
2026-05-01,2026,Mayo,JULIO CESAR,0.0
2026-05-01,2026,Mayo,JULIO CESAR PESTAÑA,0.0
2026-05-01,2026,Mayo,LAURA LOPEZ MEJIA,0.0
2026-05-01,2026,Mayo,LUIS ALBERTO GOMEZ GONZAL,0.0
2026-05-01,2026,Mayo,MARCOS COCA,0.0
2026-05-01,2026,Mayo,MARIO,2.0
2026-05-01,2026,Mayo,MAURICIO ALFREDO VAZQUEZ F,0.53
2026-05-01,2026,Mayo,MERCEDES,0.0
2026-05-01,2026,Mayo,MIGUEL,0.0
2026-05-01,2026,Mayo,MIGUEL ANGEL SONDEREGGER,0.0
2026-05-01,2026,Mayo,MONICA GISELA FLORES RODR,0.0
2026-05-01,2026,Mayo,NANCY OLASCOAGA CASTILLO,0.0
2026-05-01,2026,Mayo,NAYELI,3.0
2026-05-01,2026,Mayo,NAYELI MONTES DE OCA MART,0.0
2026-05-01,2026,Mayo,OBRIAN,0.0
2026-05-01,2026,Mayo,OMAR,0.0
2026-05-01,2026,Mayo,OSCAR ALONSO VELÁZQUEZ HE,0.0
2026-05-01,2026,Mayo,PAUL ROSAS YRIGOYEN,0.0
2026-05-01,2026,Mayo,PEDRO ANTONIO,1.0
2026-05-01,2026,Mayo,PEDRO GONZALEZ ESPINDOLA,2.0
2026-05-01,2026,Mayo,RICARDO SILVA HERAS,0.0
2026-05-01,2026,Mayo,RUBEN,0.0
2026-05-01,2026,Mayo,SERGIO,0.0
2026-05-01,2026,Mayo,VICTOR MANUEL SANCHEZ ARRO,0.53
2026-05-01,2026,Mayo,iGOR SEBASTIÁN BENHUMEA Z,0.0
2026-06-01,2026,Junio,ABIGAIL VARGAS CRUZ,0.0
2026-06-01,2026,Junio,ALAN GONZÁLEZ BELANZATEGU,0.0
2026-06-01,2026,Junio,ALVARO,0.0
2026-06-01,2026,Junio,ANGEL EDUARDO VAZQUEZ REY,0.0
2026-06-01,2026,Junio,ANGELICA MAGDALENA CEDILL,0.0
2026-06-01,2026,Junio,AURELIO FELIPE TORRES REV,1.0
2026-06-01,2026,Junio,CARLOS,3.0
2026-06-01,2026,Junio,CARLOS ALBERTO NIETO MERI,0.0
2026-06-01,2026,Junio,CARLOS CORTES TEXIS,0.0
2026-06-01,2026,Junio,CARLOS MEJIA (PACHUCA),3.0
2026-06-01,2026,Junio,CESAR,0.0
2026-06-01,2026,Junio,CLAUDIA GALVÁN ARCE,0.0
2026-06-01,2026,Junio,DANIEL DE LEON CANDIA,0.0
2026-06-01,2026,Junio,DANIELA DURAN BERNARDINO,0.0
2026-06-01,2026,Junio,DAVID JIMENEZ CASTRO,0.0
2026-06-01,2026,Junio,FATIMA,1.0
2026-06-01,2026,Junio,GUADALUPE PALACIOS HERNÁN,0.0
2026-06-01,2026,Junio,IGNACIO,0.0
2026-06-01,2026,Junio,J4OSETTE RAMON NAVA FLORES,0.0
2026-06-01,2026,Junio,JAIME GONZALEZ CORONA,0.0
2026-06-01,2026,Junio,JESUS SERRANO RAMIREZ,0.0
2026-06-01,2026,Junio,JOSE ANTONIO LICONA MENDE,0.53
2026-06-01,2026,Junio,JOSE CARLOS ZENTENO LOZAD,0.0
2026-06-01,2026,Junio,JOSE EDUARDO PARADA DURAN,0.0
2026-06-01,2026,Junio,JOSE MANUEL LOPEZ AGUILA,0.0
2026-06-01,2026,Junio,JOSHLAAN,0.0
2026-06-01,2026,Junio,JULIO CESAR,2.0
2026-06-01,2026,Junio,JULIO CESAR PESTAÑA,1.0
2026-06-01,2026,Junio,LAURA LOPEZ MEJIA,0.0
2026-06-01,2026,Junio,LUIS ALBERTO GOMEZ GONZAL,0.0
2026-06-01,2026,Junio,MARCOS COCA,0.0
2026-06-01,2026,Junio,MARIO,4.0
2026-06-01,2026,Junio,MAURICIO ALFREDO VAZQUEZ F,3.0
2026-06-01,2026,Junio,MERCEDES,0.0
2026-06-01,2026,Junio,MIGUEL,0.0
2026-06-01,2026,Junio,MIGUEL ANGEL SONDEREGGER,0.0
2026-06-01,2026,Junio,MONICA GISELA FLORES RODR,0.0
2026-06-01,2026,Junio,NANCY OLASCOAGA CASTILLO,0.0
2026-06-01,2026,Junio,NAYELI,0.0
2026-06-01,2026,Junio,NAYELI MONTES DE OCA MART,0.0
2026-06-01,2026,Junio,OBRIAN,1.0
2026-06-01,2026,Junio,OMAR,0.0
2026-06-01,2026,Junio,OSCAR ALONSO VELÁZQUEZ HE,0.0
2026-06-01,2026,Junio,PAUL ROSAS YRIGOYEN,0.0
2026-06-01,2026,Junio,PEDRO ANTONIO,2.0
2026-06-01,2026,Junio,PEDRO GONZALEZ ESPINDOLA,4.0
2026-06-01,2026,Junio,RICARDO SILVA HERAS,0.0
2026-06-01,2026,Junio,RUBEN,0.0
2026-06-01,2026,Junio,SERGIO,0.0
2026-06-01,2026,Junio,VICTOR MANUEL SANCHEZ ARRO,3.0
2026-06-01,2026,Junio,iGOR SEBASTIÁN BENHUMEA Z,0.0
2026-07-01,2026,Julio,ABIGAIL VARGAS CRUZ,0.0
2026-07-01,2026,Julio,ALAN GONZÁLEZ BELANZATEGU,0.0
2026-07-01,2026,Julio,ALVARO,0.0
2026-07-01,2026,Julio,ANGEL EDUARDO VAZQUEZ REY,0.0
2026-07-01,2026,Julio,ANGELICA MAGDALENA CEDILL,0.0
2026-07-01,2026,Julio,AURELIO FELIPE TORRES REV,1.0
2026-07-01,2026,Julio,CARLOS,0.0
2026-07-01,2026,Julio,CARLOS ALBERTO NIETO MERI,0.0
2026-07-01,2026,Julio,CARLOS CORTES TEXIS,0.0
2026-07-01,2026,Julio,CARLOS MEJIA (PACHUCA),0.0
2026-07-01,2026,Julio,CESAR,0.0
2026-07-01,2026,Julio,CLAUDIA GALVÁN ARCE,0.0
2026-07-01,2026,Julio,DANIEL DE LEON CANDIA,0.0
2026-07-01,2026,Julio,DANIELA DURAN BERNARDINO,0.0
2026-07-01,2026,Julio,DAVID JIMENEZ CASTRO,0.0
2026-07-01,2026,Julio,FATIMA,1.0
2026-07-01,2026,Julio,GUADALUPE PALACIOS HERNÁN,0.0
2026-07-01,2026,Julio,IGNACIO,0.0
2026-07-01,2026,Julio,J4OSETTE RAMON NAVA FLORES,0.0
2026-07-01,2026,Julio,JAIME GONZALEZ CORONA,0.0
2026-07-01,2026,Julio,JESUS SERRANO RAMIREZ,0.0
2026-07-01,2026,Julio,JOSE ANTONIO LICONA MENDE,1.0
2026-07-01,2026,Julio,JOSE CARLOS ZENTENO LOZAD,0.0
2026-07-01,2026,Julio,JOSE EDUARDO PARADA DURAN,0.0
2026-07-01,2026,Julio,JOSE MANUEL LOPEZ AGUILA,0.0
2026-07-01,2026,Julio,JOSHLAAN,0.0
2026-07-01,2026,Julio,JULIO CESAR,0.0
2026-07-01,2026,Julio,JULIO CESAR PESTAÑA,0.0
2026-07-01,2026,Julio,LAURA LOPEZ MEJIA,0.0
2026-07-01,2026,Julio,LUIS ALBERTO GOMEZ GONZAL,0.0
2026-07-01,2026,Julio,MARCOS COCA,0.0
2026-07-01,2026,Julio,MARIO,0.0
2026-07-01,2026,Julio,MAURICIO ALFREDO VAZQUEZ F,3.0
2026-07-01,2026,Julio,MERCEDES,0.0
2026-07-01,2026,Julio,MIGUEL,0.0
2026-07-01,2026,Julio,MIGUEL ANGEL SONDEREGGER,0.0
2026-07-01,2026,Julio,MONICA GISELA FLORES RODR,0.0
2026-07-01,2026,Julio,NANCY OLASCOAGA CASTILLO,0.0
2026-07-01,2026,Julio,NAYELI,1.0
2026-07-01,2026,Julio,NAYELI MONTES DE OCA MART,0.0
2026-07-01,2026,Julio,OBRIAN,0.0
2026-07-01,2026,Julio,OMAR,0.0
2026-07-01,2026,Julio,OSCAR ALONSO VELÁZQUEZ HE,0.0
2026-07-01,2026,Julio,PAUL ROSAS YRIGOYEN,0.0
2026-07-01,2026,Julio,PEDRO ANTONIO,1.0
2026-07-01,2026,Julio,PEDRO GONZALEZ ESPINDOLA,0.0
2026-07-01,2026,Julio,RICARDO SILVA HERAS,0.0
2026-07-01,2026,Julio,RUBEN,0.0
2026-07-01,2026,Julio,SERGIO,0.0
2026-07-01,2026,Julio,VICTOR MANUEL SANCHEZ ARRO,2.0
2026-07-01,2026,Julio,iGOR SEBASTIÁN BENHUMEA Z,0.0
